user_id,signup_timestamp,source,device_type,country
2049554,2024-01-27,referral,desktop,Canada
1214510,2024-01-25,organic,mobile,Australia
3145764,2024-06-11,referral,mobile,USA
3198867,2024-01-22,organic,desktop,USA
2184366,2024-01-30,organic,desktop,India
3519375,2024-03-02,organic,mobile,Australia
2698121,2024-03-08,organic,desktop,USA
3261749,2024-03-21,organic,desktop,India
2820182,2024-05-30,ads,mobile,India
3049061,2024-04-08,ads,mobile,India
3475806,2024-08-11,referral,desktop,India
1561738,2024-07-30,organic,mobile,Canada
3485734,2024-04-12,organic,mobile,India
4190094,2024-02-23,ads,mobile,Canada
3639275,2024-02-15,organic,tablet,India
2547782,2024-02-24,referral,desktop,India
1138337,2024-01-12,ads,tablet,India
4119518,2024-05-30,organic,mobile,Canada
4241125,2024-02-11,organic,tablet,India
3955071,2024-02-18,organic,mobile,Australia
4671221,2024-04-05,ads,desktop,India
1588753,2024-01-05,organic,mobile,Canada
1013724,2024-01-17,ads,tablet,Germany
3222293,2024-04-11,social,mobile,India
2565212,2024-02-11,organic,mobile,UK
1140862,2024-08-17,organic,desktop,USA
4949887,2024-04-10,referral,mobile,Canada
2593648,2024-01-05,referral,desktop,Canada
4618306,2024-02-13,ads,desktop,USA
2545124,2024-01-17,ads,mobile,UK
3029065,2024-03-07,organic,mobile,India
2774624,2024-02-19,ads,desktop,India
3873246,2024-02-09,email,desktop,India
3659072,2024-03-13,referral,mobile,India
1726977,2024-05-25,organic,desktop,India
2337112,2024-02-02,ads,mobile,India
3325506,2024-02-12,organic,tablet,USA
3820168,2024-12-13,organic,mobile,Australia
4287115,2024-01-01,organic,mobile,India
3995455,2024-04-10,ads,desktop,India
3937051,2024-01-19,email,mobile,UK
3102805,2024-02-18,organic,mobile,India
2813974,2024-02-22,email,desktop,India
1815809,2024-02-07,ads,mobile,UK
1706263,2024-10-07,social,desktop,Germany
4529364,2024-01-08,ads,mobile,Canada
1008963,2024-05-27,organic,desktop,India
3295203,2024-02-29,ads,mobile,India
2042872,2024-01-19,ads,mobile,Germany
4074928,2024-02-12,ads,mobile,India
2658170,2024-01-25,organic,desktop,USA
4195001,2024-02-08,referral,mobile,India
3998971,2024-01-12,social,mobile,India
2397694,2024-01-09,organic,mobile,UK
2692459,2024-03-24,ads,desktop,Australia
1665144,2024-03-15,email,mobile,India
2444209,2024-01-23,organic,tablet,Australia
1296857,2024-02-16,ads,mobile,India
4964441,2024-02-05,organic,mobile,USA
2889666,2024-02-11,referral,desktop,USA
2517096,2024-01-07,email,desktop,USA
4163401,2024-01-12,organic,desktop,Canada
1435264,2024-01-18,email,mobile,UK
4289789,2024-02-18,email,tablet,India
1869941,2024-01-10,email,tablet,Australia
4945666,2024-05-20,organic,mobile,India
3398978,2024-01-20,organic,mobile,India
1268229,2024-01-01,email,mobile,USA
2921000,2024-01-17,ads,mobile,India
3540757,2024-01-07,organic,mobile,UK
3086599,2024-08-01,organic,mobile,India
4669681,2024-01-18,referral,mobile,India
1356668,2024-02-04,ads,mobile,India
1052631,2024-04-11,email,tablet,India
2593943,2024-01-01,organic,tablet,Canada
1671666,2024-02-18,ads,desktop,India
3500232,2024-01-29,organic,mobile,USA
2156498,2024-01-20,organic,mobile,Canada
1139198,2024-01-26,organic,mobile,India
2231079,2024-01-25,referral,mobile,India
4930973,2024-02-03,organic,mobile,USA
1108529,2024-06-03,ads,desktop,India
2176501,2024-01-22,social,desktop,Australia
3247584,2024-01-22,organic,mobile,Germany
2437730,2024-04-25,ads,desktop,Germany
1143611,2024-01-30,ads,mobile,USA
1705531,2024-01-15,referral,desktop,India
3406803,2024-01-22,ads,mobile,Germany
4812178,2024-06-11,email,mobile,India
1079698,2024-01-13,organic,mobile,USA
4294614,2024-02-20,referral,desktop,Australia
3341369,2024-01-24,organic,desktop,USA
2829938,2024-01-18,ads,desktop,Germany
2947608,2024-03-20,email,mobile,India
4722253,2024-01-01,organic,mobile,India
4168463,2024-01-12,ads,mobile,India
1961989,2024-05-31,referral,desktop,India
3729960,2024-01-14,email,mobile,India
4482473,2024-05-05,ads,mobile,USA
3365576,2024-06-03,email,desktop,USA
2932513,2024-01-04,email,desktop,India
3718160,2024-02-06,ads,mobile,Australia
4414571,2024-02-02,ads,desktop,India
4025697,2024-01-31,email,tablet,Germany
3969532,2024-03-31,organic,mobile,USA
2496590,2024-01-02,referral,mobile,India
3328673,2024-01-22,organic,desktop,India
3144338,2024-02-29,social,desktop,India
1503765,2024-01-08,ads,desktop,Australia
1732254,2024-03-28,organic,mobile,India
4401533,2024-04-05,ads,mobile,Canada
4321464,2024-06-01,ads,mobile,India
1642375,2024-01-24,organic,tablet,Canada
3044409,2024-02-05,ads,mobile,India
1075446,2024-01-18,ads,mobile,India
3532597,2024-01-09,ads,tablet,India
4110765,2024-05-17,organic,mobile,USA
2321380,2024-01-19,referral,mobile,India
3635382,2024-01-18,ads,desktop,India
4640798,2024-03-19,organic,mobile,India
1749648,2024-02-03,referral,desktop,USA
1379796,2024-07-25,referral,desktop,USA
2616903,2024-02-08,referral,desktop,USA
3488765,2024-04-03,organic,mobile,Canada
2203532,2024-03-23,ads,mobile,Germany
2897740,2024-01-25,organic,mobile,India
2387455,2024-01-08,organic,desktop,USA
2516990,2024-01-18,organic,desktop,Australia
3010415,2024-04-23,organic,desktop,India
1795922,2024-01-14,email,mobile,India
1873085,2024-01-24,ads,desktop,India
2994654,2024-01-16,email,tablet,Canada
3275387,2024-05-22,organic,desktop,USA
2384903,2024-04-28,organic,desktop,Germany
4207138,2024-03-13,ads,tablet,Australia
4702049,2024-06-23,organic,mobile,Canada
1173259,2024-01-20,ads,mobile,UK
4094645,2024-01-15,ads,tablet,India
3824262,2024-02-10,referral,mobile,UK
2037408,2024-01-12,ads,mobile,India
4029609,2024-05-06,organic,mobile,USA
2412344,2024-01-06,organic,mobile,India
1254469,2024-01-19,ads,mobile,Australia
3390162,2024-06-14,organic,mobile,UK
3762471,2024-02-07,ads,mobile,India
2556407,2024-01-02,ads,desktop,India
4496342,2024-01-12,organic,mobile,India
4659314,2024-02-28,organic,desktop,USA
1229061,2024-01-20,ads,mobile,India
4408845,2024-01-25,organic,mobile,USA
3966593,2024-02-17,organic,desktop,India
4436279,2024-06-09,referral,mobile,Australia
4850953,2024-05-28,organic,mobile,India
1352119,2024-01-25,email,mobile,India
1176176,2024-01-24,ads,desktop,India
1832780,2024-06-14,organic,tablet,USA
1050581,2024-02-20,ads,tablet,Germany
1834188,2024-01-04,email,desktop,India
4083184,2024-02-04,organic,desktop,India
4913325,2024-01-26,organic,desktop,India
2961251,2024-04-26,social,desktop,India
4430168,2024-01-27,ads,desktop,India
2491847,2024-01-07,referral,tablet,USA
3139893,2024-03-02,organic,desktop,Australia
2348701,2024-03-15,organic,mobile,India
4231719,2024-01-20,referral,mobile,India
3964757,2024-04-18,referral,mobile,Australia
1259733,2024-03-28,social,mobile,USA
2932744,2024-04-14,ads,tablet,India
2151569,2024-03-05,organic,mobile,USA
1313515,2024-02-03,social,tablet,USA
1545428,2024-01-18,organic,mobile,India
4342329,2024-08-03,organic,mobile,UK
1421741,2024-01-02,ads,desktop,USA
1929070,2024-01-11,referral,mobile,Canada
4345736,2024-08-11,ads,mobile,India
3343642,2024-04-22,ads,desktop,Canada
3686672,2024-03-18,ads,tablet,UK
3764820,2024-01-25,ads,tablet,Germany
1921416,2024-01-01,organic,mobile,India
4937257,2024-02-16,organic,desktop,UK
4479324,2024-02-21,organic,mobile,India
3402811,2024-01-27,ads,desktop,UK
3205144,2024-01-08,organic,mobile,India
4578895,2024-01-05,ads,mobile,USA
4100135,2024-05-07,organic,desktop,India
4357802,2024-01-30,organic,mobile,India
4863826,2024-01-26,ads,tablet,USA
4439526,2024-09-14,ads,mobile,India
4247637,2024-03-27,social,mobile,India
2911004,2024-01-31,ads,mobile,India
2742978,2024-02-15,organic,mobile,India
3150308,2024-01-29,organic,tablet,USA
3400420,2024-01-19,ads,desktop,UK
4622574,2024-03-23,organic,mobile,India
4871580,2024-01-26,organic,mobile,India
4665070,2024-01-21,referral,mobile,Germany
4331223,2024-02-23,ads,desktop,India
2711457,2024-05-17,ads,mobile,USA
1476041,2024-02-14,organic,desktop,Australia
2030880,2024-03-04,referral,desktop,India
3439600,2024-01-05,ads,mobile,Canada
2751184,2024-01-15,ads,tablet,Canada
4529686,2024-06-08,organic,mobile,India
3553013,2024-02-10,organic,mobile,India
1159775,2024-02-26,organic,desktop,India
3195897,2024-04-22,ads,mobile,USA
2231703,2024-01-09,email,mobile,UK
1415751,2024-01-26,ads,desktop,Canada
1688702,2024-02-21,organic,mobile,India
3573358,2024-01-18,referral,desktop,India
2339766,2024-01-08,organic,desktop,India
3866035,2024-03-26,organic,desktop,India
1835376,2024-03-08,ads,mobile,Australia
2962967,2024-02-12,organic,tablet,India
4647772,2024-01-10,email,mobile,India
4833453,2024-04-29,referral,mobile,India
1512791,2024-05-03,email,desktop,India
2249208,2024-02-27,organic,mobile,Canada
2617800,2024-02-24,email,mobile,Canada
4383053,2024-01-28,ads,mobile,Australia
4718732,2024-05-30,organic,mobile,Australia
1477820,2024-01-11,organic,mobile,USA
1500703,2024-02-19,organic,mobile,UK
1730536,2024-02-12,ads,desktop,India
4653171,2024-01-16,email,mobile,UK
2435591,2024-01-05,ads,mobile,India
4659009,2024-01-23,ads,mobile,USA
1523687,2024-01-26,ads,desktop,USA
1403947,2024-02-18,email,mobile,India
4906870,2024-01-19,organic,mobile,Australia
1371206,2024-04-25,social,desktop,India
3204764,2024-01-14,email,mobile,USA
1686853,2024-02-11,organic,desktop,India
4175202,2024-01-18,referral,tablet,USA
4630218,2024-02-07,ads,mobile,India
4607276,2024-01-15,social,mobile,India
4694987,2024-01-25,ads,desktop,India
3991267,2024-01-10,social,mobile,India
2010117,2024-02-24,social,mobile,USA
4836378,2024-03-22,referral,desktop,UK
2690508,2024-01-03,ads,tablet,Canada
4737935,2024-05-26,ads,mobile,India
2222476,2024-02-04,referral,desktop,India
1501512,2024-01-07,organic,mobile,India
2879200,2024-01-01,email,desktop,USA
4534951,2024-01-26,organic,mobile,UK
1669191,2024-03-12,ads,tablet,UK
1466444,2024-02-28,organic,desktop,Australia
1531477,2024-04-19,referral,mobile,India
1967539,2024-09-16,email,tablet,India
3952253,2024-03-12,organic,mobile,India
2272000,2024-01-11,organic,tablet,India
1969916,2024-06-11,ads,mobile,USA
1776637,2024-02-17,email,mobile,USA
2698146,2024-01-31,ads,desktop,India
3407309,2024-07-24,organic,mobile,India
3926610,2024-01-07,organic,mobile,India
3140074,2024-01-09,ads,mobile,India
2592918,2024-01-19,organic,mobile,USA
1994711,2024-01-10,ads,desktop,India
1573761,2024-01-16,organic,mobile,India
3002355,2024-03-05,ads,mobile,India
2242513,2024-02-22,organic,mobile,India
2678762,2024-02-21,organic,mobile,UK
4042104,2024-12-16,organic,desktop,UK
1023588,2024-03-01,ads,mobile,USA
4810540,2024-04-02,organic,desktop,India
2698396,2024-01-18,organic,desktop,India
4121978,2024-04-20,organic,mobile,India
4067985,2024-01-08,referral,desktop,USA
3523901,2024-02-11,organic,mobile,USA
3280476,2024-04-09,organic,mobile,USA
1105221,2024-02-26,organic,mobile,USA
3667950,2024-01-19,referral,desktop,USA
2993151,2024-07-13,referral,desktop,India
2617813,2024-03-26,ads,desktop,India
1450716,2024-09-01,ads,tablet,India
4977695,2024-01-19,ads,mobile,UK
1411435,2024-03-02,social,mobile,USA
3136910,2024-01-11,ads,mobile,India
4338065,2024-03-28,organic,desktop,Canada
4795846,2024-02-18,ads,mobile,India
2036763,2024-05-14,organic,mobile,India
1057650,2024-02-04,ads,mobile,India
4746363,2024-06-16,organic,mobile,India
1376992,2024-01-08,email,mobile,Canada
1708721,2024-01-18,organic,tablet,USA
4373484,2024-02-05,organic,mobile,India
2555570,2024-01-28,referral,tablet,India
1255361,2024-08-30,organic,desktop,Canada
3748479,2024-02-14,ads,tablet,USA
3686700,2024-04-07,ads,desktop,Australia
3459790,2024-04-12,ads,desktop,Canada
4004777,2024-05-11,ads,mobile,India
3682505,2024-01-02,organic,mobile,India
1161249,2024-01-21,referral,mobile,India
1248104,2024-04-08,ads,desktop,India
4239989,2024-01-16,organic,desktop,India
2184663,2024-01-02,ads,desktop,India
4368192,2024-03-07,ads,desktop,India
4871963,2024-05-26,organic,desktop,USA
2781525,2024-04-02,organic,mobile,USA
1475346,2024-01-15,ads,tablet,UK
3847782,2024-01-15,referral,desktop,India
3175177,2024-01-10,organic,mobile,USA
4901074,2024-01-20,ads,desktop,India
1362296,2024-03-25,ads,mobile,Canada
1082597,2024-01-18,email,mobile,India
3276942,2024-01-09,ads,desktop,India
2626793,2024-02-02,ads,desktop,India
4175706,2024-04-22,ads,mobile,UK
1543094,2024-01-21,organic,mobile,India
4188726,2024-01-01,organic,desktop,India
4884400,2024-06-25,referral,mobile,India
4769171,2024-01-14,organic,desktop,India
1821512,2024-01-04,email,mobile,India
4664578,2024-03-03,referral,mobile,USA
4210566,2024-01-23,ads,mobile,India
1801354,2024-01-23,organic,mobile,UK
1345603,2024-01-13,ads,mobile,Canada
4337747,2024-04-13,organic,desktop,India
2662867,2024-11-30,ads,desktop,India
4002674,2024-05-11,ads,mobile,Germany
3202718,2024-04-04,ads,desktop,India
3154396,2024-02-01,organic,mobile,India
1825369,2024-03-10,organic,mobile,India
1416528,2024-07-01,organic,mobile,Canada
3283247,2024-01-12,organic,mobile,India
2657429,2024-01-08,organic,mobile,India
2426361,2024-12-12,organic,mobile,India
4973777,2024-10-06,email,mobile,India
3592001,2024-03-22,organic,mobile,India
2393666,2024-01-02,organic,tablet,India
1623321,2024-01-17,organic,desktop,Canada
3184709,2024-01-10,organic,desktop,USA
4444329,2024-05-22,organic,mobile,USA
2354351,2024-01-22,ads,mobile,India
1463339,2024-02-15,organic,tablet,India
3622319,2024-03-04,organic,desktop,India
3784555,2024-01-05,organic,mobile,India
1228088,2024-05-15,ads,desktop,USA
1643001,2024-01-15,organic,desktop,India
3307113,2024-03-26,organic,mobile,USA
2551147,2024-02-11,ads,desktop,USA
1329154,2024-02-12,ads,mobile,USA
2016093,2024-01-13,ads,mobile,India
2671273,2024-02-04,organic,mobile,India
3199350,2024-01-01,organic,desktop,Germany
2607311,2024-01-27,ads,mobile,India
2289182,2024-01-19,ads,desktop,India
1223266,2024-04-01,organic,tablet,India
3285525,2024-01-05,organic,desktop,Canada
3729344,2024-04-29,organic,mobile,India
2587999,2024-03-04,organic,desktop,Canada
3059095,2024-01-04,email,mobile,UK
2289199,2024-05-03,organic,mobile,Australia
3222407,2024-01-06,organic,mobile,India
1776281,2024-05-17,ads,mobile,India
3355677,2024-01-01,ads,tablet,India
4839259,2024-03-09,referral,mobile,USA
1247430,2024-01-12,organic,mobile,India
2927478,2024-04-06,organic,mobile,Australia
2178847,2024-03-07,organic,mobile,India
4442189,2024-01-31,organic,mobile,India
2843149,2024-02-07,organic,mobile,India
4637142,2024-01-10,social,desktop,Australia
4479824,2024-01-11,ads,mobile,USA
1464180,2024-01-22,organic,mobile,USA
1847292,2024-01-31,ads,tablet,UK
1999595,2024-02-02,referral,mobile,India
2107508,2024-01-02,referral,desktop,India
2463738,2024-01-16,referral,mobile,UK
2481891,2024-01-07,organic,mobile,UK
3458903,2024-02-10,ads,mobile,USA
4817829,2024-03-02,organic,mobile,Germany
3221550,2024-01-08,organic,desktop,Canada
4623285,2024-04-21,organic,mobile,Germany
1121293,2024-01-14,organic,mobile,UK
2857082,2024-01-29,referral,mobile,India
2094913,2024-04-05,referral,mobile,India
3560577,2024-01-28,organic,mobile,Canada
3904243,2024-01-08,email,desktop,USA
1456608,2024-06-26,organic,tablet,UK
4847975,2024-01-15,ads,tablet,Germany
3403319,2024-05-07,ads,mobile,India
2239434,2024-06-10,organic,mobile,India
3019058,2024-01-31,email,mobile,India
2415952,2024-01-12,organic,mobile,USA
1517679,2024-01-16,social,mobile,India
1837770,2024-01-05,ads,mobile,Germany
3249371,2024-07-07,organic,desktop,India
2172493,2024-04-07,organic,desktop,USA
2897658,2024-01-28,referral,mobile,India
4168840,2024-02-02,organic,desktop,India
3918786,2024-01-27,ads,mobile,Germany
2888883,2024-01-07,email,mobile,India
2581761,2024-01-05,organic,mobile,Canada
4455294,2024-02-01,referral,desktop,Germany
4299775,2024-01-03,ads,mobile,India
3646872,2024-03-08,referral,mobile,Germany
1855231,2024-01-20,organic,desktop,UK
4886887,2024-01-06,email,mobile,USA
1050430,2024-01-06,organic,mobile,Australia
4081228,2024-03-11,ads,desktop,USA
2948987,2024-01-03,organic,desktop,India
2363498,2024-01-16,organic,mobile,Canada
2299524,2024-02-06,organic,mobile,UK
3152115,2024-03-24,email,desktop,Germany
3317584,2024-06-06,email,mobile,India
4178669,2024-01-02,referral,mobile,India
4844246,2024-03-17,ads,tablet,India
2372320,2024-03-16,ads,mobile,India
1577500,2024-01-10,organic,mobile,USA
3127277,2024-01-23,organic,desktop,Australia
1970387,2024-04-29,organic,mobile,UK
1416053,2024-03-05,ads,mobile,Canada
2639267,2024-02-06,organic,mobile,Canada
1127637,2024-02-06,email,tablet,UK
2516398,2024-03-02,organic,mobile,India
1884016,2024-02-22,organic,desktop,India
3215928,2024-03-14,referral,mobile,Australia
2004867,2024-01-28,organic,mobile,Germany
1513923,2024-01-18,organic,mobile,India
1520900,2024-02-04,organic,desktop,Canada
3476942,2024-01-31,social,desktop,Australia
4702361,2024-03-23,ads,desktop,USA
1032167,2024-09-02,organic,mobile,UK
3574548,2024-03-17,organic,mobile,India
2718606,2024-03-18,organic,tablet,India
1560463,2024-05-11,ads,mobile,USA
1635864,2024-05-18,ads,mobile,India
1185103,2024-03-23,organic,desktop,India
3705916,2024-01-22,organic,desktop,USA
3205063,2024-01-13,ads,mobile,India
4569568,2024-07-10,email,mobile,India
1126973,2024-03-11,referral,desktop,USA
1872867,2024-04-04,email,mobile,India
1647043,2024-06-03,ads,mobile,India
2763381,2024-03-08,organic,tablet,India
4551598,2024-02-08,organic,desktop,India
4504078,2024-01-17,referral,mobile,Canada
1716836,2024-02-13,email,mobile,India
3259160,2024-05-17,organic,mobile,USA
4831863,2024-01-21,ads,mobile,India
4732727,2024-01-19,ads,mobile,India
4826675,2024-03-02,organic,mobile,India
1208520,2024-02-21,ads,mobile,UK
4183866,2024-01-20,ads,mobile,Canada
4435247,2024-01-26,organic,mobile,India
4322330,2024-10-07,referral,desktop,UK
3309502,2024-02-21,ads,mobile,USA
3148721,2024-06-19,email,tablet,Germany
3624868,2024-01-03,organic,mobile,India
1493994,2024-02-23,organic,desktop,India
1692490,2024-03-08,organic,mobile,India
1188821,2024-05-26,organic,desktop,India
4324333,2024-01-20,referral,mobile,India
3892151,2024-07-09,referral,mobile,Australia
3254686,2024-04-21,organic,desktop,Germany
2970978,2024-02-26,organic,mobile,UK
3978079,2024-02-28,organic,mobile,India
3910210,2024-01-18,ads,mobile,Germany
2052527,2024-01-22,ads,tablet,India
1007847,2024-01-23,organic,mobile,India
3041822,2024-01-14,organic,desktop,Germany
1567796,2024-01-21,referral,desktop,India
3451434,2024-02-20,organic,tablet,India
2789799,2024-03-27,ads,mobile,Germany
3843259,2024-01-12,organic,mobile,India
4904046,2024-05-05,ads,mobile,India
2929067,2024-01-29,organic,desktop,USA
3822174,2024-01-21,organic,desktop,India
2401734,2024-02-29,ads,mobile,UK
3022911,2024-07-12,ads,tablet,Germany
3463288,2024-01-15,ads,tablet,UK
1664947,2024-02-12,ads,mobile,India
1150341,2024-03-12,referral,mobile,India
4070821,2024-01-15,organic,mobile,USA
1770559,2024-02-15,ads,mobile,India
4281634,2024-03-24,ads,desktop,India
4588249,2024-01-26,ads,desktop,Germany
2930543,2024-01-10,organic,desktop,UK
1363879,2024-01-12,organic,mobile,India
4443050,2024-03-12,ads,desktop,UK
1500607,2024-02-11,organic,desktop,Australia
3059439,2024-01-11,organic,desktop,India
1562312,2024-05-07,organic,mobile,India
2128201,2024-01-06,organic,desktop,India
1919148,2024-05-01,organic,mobile,India
3284749,2024-01-04,organic,desktop,India
1906552,2024-08-09,organic,mobile,India
2098579,2024-04-22,ads,mobile,USA
2022413,2024-01-14,ads,mobile,India
3726045,2024-02-28,ads,mobile,India
2137862,2024-02-01,referral,tablet,Canada
1438533,2024-01-16,ads,mobile,Canada
2993111,2024-01-03,organic,mobile,India
3167355,2024-02-04,organic,desktop,Australia
1067778,2024-01-21,social,mobile,India
2086129,2024-03-12,organic,mobile,India
4290922,2024-02-12,ads,mobile,UK
1885570,2024-01-21,social,desktop,UK
2442067,2024-04-06,referral,desktop,India
3208590,2024-03-25,ads,mobile,USA
3882417,2024-01-17,organic,mobile,UK
2372692,2024-04-20,email,mobile,Germany
1394967,2024-04-10,email,mobile,India
4824789,2024-02-07,ads,mobile,USA
1864382,2024-01-28,ads,tablet,India
4311425,2024-03-30,email,mobile,USA
1550093,2024-01-30,organic,desktop,UK
4406229,2024-04-01,email,mobile,India
4538147,2024-09-06,organic,mobile,Australia
4572291,2024-07-06,social,desktop,USA
4556305,2024-01-11,ads,desktop,Germany
3587502,2024-02-15,ads,tablet,USA
3797943,2024-09-27,email,tablet,India
2353293,2024-01-21,email,mobile,USA
2601251,2024-02-19,ads,desktop,India
3429872,2024-02-15,organic,desktop,India
1519504,2024-03-24,organic,desktop,Germany
4410034,2024-01-12,email,desktop,India
1651345,2024-01-18,ads,mobile,Germany
4246783,2024-05-27,organic,desktop,India
2269836,2024-02-11,organic,mobile,UK
2026119,2024-04-01,ads,mobile,USA
4727614,2024-01-23,organic,mobile,India
4554913,2024-01-29,ads,tablet,Germany
1688476,2024-04-04,email,desktop,India
1040456,2024-01-03,ads,mobile,India
4563040,2024-03-08,ads,desktop,India
2356172,2024-06-02,referral,tablet,India
1785163,2024-01-05,organic,desktop,UK
2509110,2024-02-09,email,mobile,India
2721988,2024-01-20,ads,mobile,Canada
2204706,2024-02-12,social,mobile,India
2414804,2024-03-08,ads,mobile,India
4842093,2024-01-24,organic,mobile,India
2174831,2024-02-26,organic,desktop,USA
4789282,2024-01-22,ads,mobile,UK
3102156,2024-01-04,organic,mobile,Germany
4040398,2024-01-13,organic,desktop,USA
2064019,2024-08-04,referral,desktop,USA
4217001,2024-02-10,organic,mobile,India
2689505,2024-02-20,organic,mobile,India
1573108,2025-01-22,ads,mobile,Germany
3825794,2024-06-06,email,mobile,India
3537183,2024-02-12,organic,tablet,India
2646660,2024-02-18,email,mobile,USA
1313162,2025-03-19,organic,tablet,India
3932939,2024-03-06,email,tablet,India
3636833,2024-03-04,organic,mobile,USA
4035632,2024-03-12,email,mobile,UK
4681461,2024-04-04,ads,mobile,UK
4413255,2024-02-04,organic,tablet,Canada
4641793,2024-02-05,email,desktop,UK
1866773,2024-01-29,referral,mobile,Germany
4778987,2024-01-29,organic,mobile,Canada
2977884,2024-01-27,organic,desktop,India
4208771,2024-04-19,organic,desktop,USA
1679005,2024-01-19,referral,mobile,Canada
3156169,2024-02-29,referral,tablet,Australia
4979973,2024-01-20,organic,tablet,Germany
4726699,2024-04-27,referral,mobile,India
3094787,2024-01-21,email,desktop,USA
3549043,2024-02-07,ads,mobile,USA
1129650,2024-01-22,organic,mobile,India
1222897,2024-02-29,ads,mobile,India
4602542,2024-01-14,ads,mobile,USA
2697700,2024-03-19,referral,desktop,Australia
1673262,2024-01-29,organic,mobile,India
3471351,2024-01-21,organic,mobile,Australia
4869491,2025-02-15,referral,mobile,Germany
4605778,2024-01-30,organic,mobile,India
4285162,2024-01-31,referral,mobile,India
2768485,2024-01-21,referral,mobile,USA
4223827,2024-02-06,ads,desktop,India
3344479,2024-01-27,organic,mobile,India
2961832,2024-02-11,organic,desktop,USA
2126222,2024-01-07,ads,desktop,UK
4680628,2024-02-17,organic,mobile,India
4983277,2024-03-18,ads,mobile,India
4145108,2024-04-03,organic,mobile,India
4395393,2024-01-02,organic,desktop,India
2258952,2024-01-26,organic,mobile,India
4928004,2024-02-05,referral,mobile,Australia
3631057,2024-01-28,ads,desktop,India
4634018,2024-03-30,organic,desktop,Germany
4739747,2024-01-27,ads,mobile,UK
3837547,2024-03-08,referral,mobile,USA
1942064,2024-03-20,ads,mobile,USA
4059567,2024-01-19,organic,mobile,India
2853241,2024-02-21,organic,tablet,USA
4249888,2024-03-07,organic,mobile,USA
2922663,2024-08-21,ads,desktop,Australia
2075938,2024-02-20,email,mobile,India
4080485,2024-01-24,organic,mobile,USA
1928725,2024-02-27,email,mobile,India
2477630,2024-02-05,referral,mobile,India
2051577,2024-01-29,organic,mobile,USA
2648330,2024-02-04,ads,desktop,USA
3650382,2024-01-03,organic,mobile,USA
4094808,2024-01-10,email,desktop,India
1938222,2024-03-28,organic,tablet,India
2615210,2024-04-11,organic,mobile,USA
4936286,2024-03-20,ads,mobile,Canada
2413746,2024-03-04,organic,desktop,USA
1821208,2024-02-03,ads,desktop,USA
3698823,2024-03-13,organic,desktop,India
4177098,2024-02-18,ads,mobile,UK
2339220,2024-03-03,ads,desktop,India
2609968,2024-01-10,ads,desktop,Canada
4832430,2024-02-04,organic,mobile,USA
2152941,2024-09-18,referral,desktop,Germany
3255535,2024-02-10,organic,desktop,Canada
3651392,2024-01-08,social,desktop,India
4550160,2024-01-02,organic,mobile,USA
4241974,2024-01-23,ads,desktop,UK
1733856,2024-03-06,ads,mobile,USA
1633710,2024-01-15,ads,mobile,UK
1406736,2024-02-13,organic,mobile,USA
3851712,2024-02-11,ads,mobile,Canada
1808906,2024-02-16,organic,mobile,USA
4104239,2024-01-11,email,mobile,India
3091084,2024-01-05,organic,mobile,India
3499111,2024-02-03,organic,desktop,Germany
2225218,2024-03-17,email,desktop,USA
3489797,2024-06-15,referral,mobile,UK
1664277,2024-03-07,organic,mobile,India
4580572,2024-03-01,organic,tablet,USA
4357704,2024-01-12,ads,tablet,India
3211833,2024-01-30,referral,mobile,Germany
1602412,2024-04-25,organic,tablet,India
1308300,2024-04-06,referral,mobile,USA
3121118,2024-04-10,organic,desktop,UK
4452600,2024-01-26,ads,desktop,UK
3817960,2024-01-06,ads,mobile,Australia
1629410,2024-01-21,organic,mobile,India
3240537,2024-04-04,ads,mobile,India
4875586,2024-03-13,social,desktop,India
1602785,2024-01-17,ads,mobile,Canada
4038649,2024-09-09,email,mobile,India
4434585,2024-02-05,organic,desktop,UK
3546888,2024-08-15,organic,mobile,India
2067019,2024-02-25,ads,tablet,India
1657730,2024-02-09,ads,mobile,India
1843005,2024-05-08,ads,desktop,India
4765834,2024-04-20,email,desktop,Germany
1690731,2024-06-29,social,mobile,Canada
1254847,2024-02-17,organic,mobile,India
2581269,2024-06-13,organic,desktop,India
2821288,2024-01-15,email,tablet,India
3834264,2024-07-22,ads,mobile,USA
3001088,2024-02-14,organic,mobile,Germany
3204625,2024-02-01,organic,desktop,USA
3499347,2024-05-18,ads,mobile,UK
1951750,2024-01-30,organic,desktop,India
3934603,2024-05-11,organic,tablet,Germany
3916082,2024-03-29,organic,desktop,Germany
1766605,2024-04-13,organic,mobile,Australia
1120144,2024-03-07,email,mobile,UK
1610246,2024-04-09,organic,mobile,India
2220677,2024-02-23,ads,mobile,India
1171717,2024-02-21,ads,mobile,India
3754087,2024-02-06,organic,tablet,India
1100320,2024-05-18,referral,desktop,India
3945042,2024-02-05,ads,desktop,USA
2211895,2024-01-28,organic,mobile,USA
4771358,2024-01-08,organic,mobile,India
2194142,2024-03-12,organic,mobile,India
4794420,2024-08-03,ads,tablet,India
3777267,2024-03-25,organic,tablet,India
4327042,2024-03-21,ads,desktop,India
4780847,2024-01-13,organic,mobile,India
3800958,2024-03-26,referral,desktop,Australia
2063067,2024-03-22,ads,mobile,UK
3058029,2024-03-20,social,mobile,India
1931573,2024-04-30,organic,mobile,India
2580507,2024-03-21,ads,mobile,Germany
4008468,2024-01-09,social,mobile,India
4267068,2024-04-14,ads,desktop,India
1776918,2024-01-06,organic,mobile,Australia
4526966,2024-01-03,organic,mobile,Australia
2293122,2024-01-08,referral,desktop,India
4153149,2024-03-12,ads,mobile,UK
3776625,2024-01-18,email,mobile,Canada
1405815,2024-06-27,email,mobile,USA
4035921,2024-01-25,organic,mobile,India
4849681,2024-05-05,social,tablet,India
2078524,2024-01-06,ads,desktop,India
1917971,2024-05-01,ads,mobile,India
3845153,2024-01-11,organic,desktop,UK
1818092,2024-01-24,ads,mobile,UK
3063344,2024-02-28,ads,mobile,USA
3686834,2024-01-03,organic,desktop,Germany
4478353,2024-02-16,organic,desktop,India
2557893,2024-01-08,organic,desktop,USA
3501172,2024-04-06,organic,mobile,India
1022069,2024-02-06,organic,mobile,UK
3263756,2024-08-02,referral,tablet,USA
1367475,2024-01-15,referral,mobile,India
3427302,2024-03-04,organic,desktop,India
2184566,2024-03-26,organic,mobile,USA
1665311,2024-02-05,organic,tablet,India
4733557,2024-07-11,social,mobile,India
4967991,2024-02-10,organic,mobile,Canada
4848537,2024-01-14,organic,tablet,India
1933564,2024-03-24,ads,mobile,India
1299129,2024-01-17,ads,mobile,USA
2702521,2024-02-11,organic,tablet,India
4318980,2024-03-10,ads,desktop,India
4476982,2024-01-10,ads,mobile,USA
3006572,2024-03-14,organic,mobile,UK
2979517,2024-02-06,ads,desktop,India
1124070,2024-01-18,ads,desktop,India
3128194,2024-03-12,email,mobile,India
1120892,2024-03-11,organic,tablet,USA
3790697,2024-09-09,email,mobile,India
2904606,2024-02-17,ads,mobile,India
2444241,2024-03-02,organic,mobile,India
3293675,2024-02-22,organic,mobile,Germany
4545180,2024-01-28,organic,tablet,USA
4859853,2024-01-27,organic,tablet,India
2448280,2024-04-18,email,mobile,UK
3362231,2024-04-20,referral,mobile,India
2319189,2024-01-14,email,desktop,India
4928910,2024-04-21,referral,mobile,India
4279822,2024-03-09,ads,desktop,USA
1082916,2024-01-18,email,mobile,India
2605534,2024-03-31,ads,tablet,USA
1011161,2024-01-19,organic,mobile,India
4469802,2024-01-17,email,desktop,India
1944330,2024-02-05,organic,mobile,India
1296606,2024-01-10,ads,desktop,UK
3090008,2024-01-31,email,mobile,India
1946816,2024-01-09,organic,mobile,Canada
1768325,2024-01-10,social,mobile,India
3141474,2024-01-14,email,mobile,India
2979835,2024-02-08,social,mobile,India
1504673,2024-01-04,organic,desktop,India
1569526,2024-01-11,organic,mobile,Australia
2470506,2024-01-09,ads,desktop,India
3883943,2024-04-08,email,mobile,USA
4235995,2024-01-19,organic,mobile,India
1700453,2024-01-19,organic,desktop,Canada
1950239,2024-08-14,organic,desktop,Australia
1415663,2024-05-27,ads,tablet,USA
2805528,2024-02-21,organic,mobile,India
2949866,2024-01-17,email,desktop,India
3499453,2024-01-04,organic,mobile,Australia
2321211,2024-03-18,organic,desktop,UK
4599407,2024-08-19,ads,tablet,India
4278597,2024-01-20,organic,tablet,India
1389514,2024-03-22,social,mobile,USA
4687947,2024-01-27,organic,mobile,UK
3023978,2024-01-28,organic,mobile,India
3861566,2024-01-06,email,desktop,USA
2467187,2024-01-13,organic,tablet,India
2810018,2024-01-02,organic,tablet,UK
2218073,2024-01-06,ads,mobile,India
2345979,2024-01-05,ads,mobile,India
1113638,2024-01-04,ads,mobile,India
4945507,2024-02-07,organic,desktop,USA
1873453,2024-01-09,email,tablet,India
1260939,2024-02-08,social,desktop,Germany
2215570,2024-01-10,organic,mobile,USA
3606227,2024-03-08,organic,mobile,India
2067684,2024-01-30,organic,mobile,India
1948242,2024-04-10,ads,mobile,India
2417489,2024-04-21,referral,desktop,India
2413460,2024-07-17,ads,mobile,India
4749354,2024-02-21,organic,tablet,USA
3796540,2024-01-08,organic,mobile,USA
4728647,2024-03-14,email,desktop,India
2270329,2024-05-13,social,mobile,UK
1238323,2024-05-28,organic,desktop,Germany
4130949,2024-01-15,ads,mobile,Australia
3585965,2024-02-12,ads,mobile,India
3289914,2024-01-21,organic,tablet,Germany
3388892,2024-02-06,ads,desktop,UK
4702623,2024-01-03,ads,mobile,India
4967670,2024-02-07,organic,desktop,India
3643327,2024-01-10,organic,desktop,Australia
4373123,2024-12-05,organic,mobile,USA
2977453,2024-02-17,referral,mobile,USA
1731664,2024-02-11,ads,desktop,India
3533356,2024-01-04,organic,mobile,India
2186677,2024-02-22,ads,desktop,USA
3131579,2024-02-03,email,mobile,India
4818898,2024-03-08,organic,mobile,USA
3790468,2024-01-12,organic,mobile,USA
3863480,2024-02-05,organic,mobile,Australia
1501963,2024-02-07,ads,mobile,India
3301649,2024-01-04,email,mobile,India
2879617,2024-02-24,organic,desktop,India
2051589,2024-03-14,organic,mobile,USA
3401432,2024-01-22,ads,desktop,India
1267119,2024-01-12,ads,mobile,India
3755092,2024-03-05,organic,mobile,India
4065458,2024-02-18,referral,tablet,India
3896705,2024-01-30,organic,desktop,India
2835259,2024-07-03,organic,mobile,UK
3683128,2024-09-23,social,mobile,USA
1616666,2024-02-06,referral,desktop,USA
1154067,2024-01-06,ads,mobile,India
2773940,2024-03-10,email,mobile,USA
2776109,2024-02-03,organic,tablet,India
2033745,2024-01-04,referral,mobile,Canada
4234392,2024-01-21,organic,desktop,India
1338014,2024-01-30,ads,mobile,Canada
3619109,2024-03-21,ads,desktop,India
3998071,2024-04-10,organic,mobile,India
4591324,2024-02-26,organic,mobile,India
4801730,2024-02-10,referral,mobile,Germany
4327478,2024-02-03,ads,desktop,India
2397821,2024-04-29,organic,mobile,Australia
3698455,2024-01-10,organic,mobile,UK
4424528,2024-01-15,organic,mobile,India
4875946,2024-01-25,ads,tablet,UK
4523220,2024-03-21,referral,desktop,USA
2314683,2024-04-12,organic,mobile,Canada
3585442,2024-01-02,ads,mobile,India
1741687,2024-01-01,organic,desktop,India
1600008,2024-01-15,organic,mobile,India
3718846,2024-01-13,organic,mobile,USA
2821225,2024-01-05,ads,desktop,India
3702173,2024-01-06,organic,mobile,Germany
2970928,2024-03-26,referral,mobile,USA
2637704,2024-02-28,ads,mobile,USA
1784197,2024-03-11,organic,desktop,India
4607599,2024-03-08,organic,mobile,India
3729128,2024-05-12,organic,tablet,India
4342019,2024-04-28,ads,mobile,India
4739045,2024-02-09,organic,desktop,Canada
2640191,2024-01-10,organic,desktop,UK
3242781,2024-02-12,referral,mobile,India
2239897,2024-01-29,organic,mobile,India
1975245,2024-06-24,ads,desktop,India
4258811,2024-01-13,email,mobile,USA
3125707,2024-04-14,ads,mobile,Germany
3975429,2024-07-05,social,mobile,Australia
1403533,2024-04-02,organic,mobile,USA
1375619,2024-01-04,organic,tablet,Germany
1455676,2024-02-01,referral,desktop,Canada
2875704,2024-02-22,organic,mobile,India
1921268,2024-01-02,ads,mobile,India
2788713,2024-03-15,organic,mobile,India
4683126,2024-01-21,referral,mobile,Germany
4215939,2024-04-09,ads,mobile,Australia
3250814,2024-02-13,ads,mobile,Canada
2388429,2024-02-04,organic,tablet,India
4841525,2024-02-24,organic,mobile,UK
3695824,2024-02-20,organic,mobile,USA
1460234,2024-05-31,organic,mobile,Canada
2700648,2024-03-24,email,mobile,India
1093243,2024-01-06,organic,mobile,USA
4951339,2024-01-06,ads,mobile,Canada
4851174,2024-01-02,ads,tablet,India
2783069,2024-03-10,organic,mobile,USA
2224551,2024-03-30,social,desktop,USA
3955836,2024-04-20,organic,mobile,Canada
4465736,2024-03-16,organic,desktop,India
3885533,2024-01-11,email,desktop,India
2982120,2024-01-01,ads,desktop,UK
4063628,2024-02-07,organic,mobile,USA
1039238,2024-02-18,organic,mobile,India
3509997,2024-01-12,referral,mobile,India
4450254,2024-01-26,organic,tablet,UK
1858726,2024-03-06,ads,desktop,USA
4668984,2024-02-09,ads,tablet,UK
1886382,2024-06-30,ads,mobile,India
1911616,2024-01-30,organic,desktop,Germany
2382258,2024-01-25,email,mobile,USA
2525032,2024-01-17,organic,mobile,India
3518222,2024-01-29,organic,mobile,India
1899854,2024-02-14,organic,desktop,India
3484809,2024-02-26,organic,mobile,India
1277428,2024-03-07,ads,mobile,UK
3525591,2024-01-02,organic,mobile,Germany
3461100,2024-01-06,organic,mobile,Canada
2898280,2024-02-14,organic,tablet,Canada
4519194,2024-03-12,ads,mobile,USA
1066518,2024-04-15,organic,tablet,India
1738242,2024-02-02,organic,mobile,USA
3371550,2024-06-27,referral,mobile,USA
4596973,2024-02-07,ads,mobile,USA
1159795,2024-03-15,organic,mobile,Canada
1007449,2024-03-21,ads,mobile,Germany
4717920,2024-01-27,email,mobile,UK
2340690,2024-04-18,ads,desktop,Canada
1936555,2024-02-10,ads,desktop,USA
3330570,2024-03-26,ads,mobile,Australia
1295057,2024-03-12,organic,mobile,Germany
3104773,2024-01-17,email,desktop,Canada
4209222,2024-01-22,organic,tablet,USA
2907407,2024-03-06,organic,mobile,India
3643258,2024-01-28,organic,mobile,India
3700715,2024-03-29,ads,mobile,UK
1573696,2024-07-12,organic,mobile,Canada
1480435,2024-02-05,social,mobile,Germany
3112993,2024-08-23,organic,mobile,USA
2724313,2024-01-30,organic,desktop,UK
3933732,2024-07-14,organic,mobile,India
1418341,2024-02-03,organic,mobile,India
4850330,2024-02-03,ads,mobile,Canada
4521411,2024-01-28,organic,desktop,India
4505629,2024-02-03,organic,tablet,India
1519461,2024-01-10,organic,mobile,India
3196197,2024-02-17,organic,desktop,USA
2808512,2024-01-30,organic,mobile,Canada
4286643,2024-01-16,organic,mobile,India
2628913,2024-01-08,ads,desktop,Canada
4407429,2024-01-09,ads,mobile,India
2222117,2024-03-29,organic,tablet,India
2391665,2024-02-23,organic,mobile,UK
1753745,2024-01-17,ads,tablet,India
3960390,2024-01-21,referral,mobile,India
1187551,2024-02-05,email,mobile,India
2321157,2024-01-02,organic,desktop,USA
1504646,2024-05-31,email,mobile,India
3356737,2024-02-10,social,mobile,UK
1301166,2024-01-14,email,mobile,Canada
4915774,2024-03-28,ads,mobile,India
1265756,2024-01-30,organic,mobile,Australia
3324011,2024-01-23,email,mobile,USA
2703096,2024-01-29,ads,tablet,India
2127317,2024-01-11,organic,desktop,India
2398294,2024-04-12,organic,mobile,USA
3315385,2024-01-22,ads,desktop,India
4237729,2024-06-03,organic,mobile,Canada
2807062,2024-02-28,ads,desktop,UK
2043710,2024-05-07,organic,mobile,India
4816500,2024-04-08,organic,desktop,USA
4611721,2024-01-13,email,desktop,USA
2328239,2024-04-10,organic,desktop,UK
4023692,2024-03-18,ads,desktop,India
4150389,2024-01-17,organic,desktop,Germany
4164070,2024-05-20,organic,desktop,Germany
2492288,2024-04-16,ads,desktop,India
1212826,2024-02-23,email,desktop,India
2499322,2024-01-01,organic,mobile,USA
3677199,2024-02-15,organic,mobile,India
1582287,2024-01-16,ads,tablet,India
2330658,2024-05-29,ads,mobile,India
3332793,2024-05-30,ads,mobile,India
3210896,2024-05-30,organic,mobile,India
2419557,2024-02-05,organic,desktop,USA
4926106,2024-11-29,referral,desktop,Canada
1984079,2024-01-23,referral,mobile,UK
2490830,2024-04-10,organic,desktop,India
2217108,2024-04-02,ads,mobile,UK
1014649,2024-01-06,ads,mobile,India
3900119,2024-04-26,organic,tablet,India
3053663,2024-01-12,organic,tablet,Germany
1477118,2024-01-26,organic,mobile,Canada
1380193,2024-01-11,referral,mobile,India
1562650,2024-01-18,organic,mobile,Canada
1387055,2024-01-12,social,desktop,India
4413072,2024-03-30,referral,mobile,Germany
4374430,2024-03-21,email,desktop,India
3943376,2024-03-04,social,desktop,India
3478519,2024-01-06,organic,desktop,USA
1552098,2024-01-26,organic,desktop,India
1078922,2024-04-10,organic,mobile,India
4941397,2024-01-05,ads,mobile,USA
2414299,2024-02-04,organic,tablet,USA
2575161,2024-02-17,organic,mobile,UK
3723507,2024-01-09,organic,mobile,Germany
3678294,2024-12-04,organic,mobile,India
2528308,2024-05-01,organic,mobile,UK
1374063,2024-02-04,ads,mobile,USA
1238318,2024-04-20,organic,mobile,Australia
3993788,2024-03-28,ads,desktop,Canada
4534918,2024-03-23,organic,mobile,USA
3459310,2024-08-20,organic,mobile,USA
1672027,2024-01-02,organic,mobile,UK
3953791,2024-01-12,email,mobile,India
2593060,2024-01-16,organic,mobile,India
4761691,2024-04-02,ads,mobile,India
2382064,2024-01-04,organic,mobile,USA
4226819,2024-02-17,ads,mobile,India
2036585,2024-01-14,social,desktop,Canada
4623092,2024-07-08,ads,mobile,USA
1638512,2024-01-02,ads,mobile,India
1517833,2024-01-30,organic,mobile,Germany
2635986,2024-02-12,ads,mobile,USA
1045262,2024-01-01,ads,mobile,Australia
2162744,2024-05-16,organic,tablet,Canada
3655153,2024-03-09,organic,desktop,India
1853671,2024-02-07,organic,mobile,Germany
3729100,2024-01-21,organic,mobile,Canada
3109938,2024-05-26,organic,mobile,Germany
4911404,2024-02-16,organic,mobile,India
1848242,2024-02-12,organic,mobile,USA
2530117,2024-03-17,organic,desktop,India
2877584,2024-01-04,referral,mobile,India
3794982,2024-02-03,organic,mobile,USA
3226864,2024-05-31,organic,tablet,India
1990164,2024-01-08,social,mobile,UK
3472931,2024-02-19,ads,mobile,India
3763187,2024-01-10,social,mobile,Germany
2822475,2024-05-12,ads,desktop,India
3844006,2024-03-21,organic,mobile,India
1753823,2024-01-04,referral,mobile,India
2494209,2024-03-14,organic,mobile,India
3497663,2024-03-24,organic,tablet,Canada
4591803,2024-04-13,organic,desktop,UK
1557886,2024-01-14,organic,mobile,India
4152315,2024-01-23,social,mobile,India
2819952,2024-01-14,organic,mobile,UK
4083523,2024-04-16,email,desktop,India
2982969,2024-01-22,organic,desktop,UK
4649178,2024-01-05,organic,mobile,India
1685523,2024-01-31,social,mobile,USA
4024734,2024-02-04,organic,desktop,India
2821852,2024-07-21,ads,mobile,India
4555745,2024-04-09,ads,mobile,USA
3005992,2024-01-01,social,mobile,India
3567865,2024-01-06,ads,desktop,India
2443444,2024-01-02,referral,mobile,Germany
3783252,2024-02-22,ads,mobile,USA
1783729,2024-06-19,organic,desktop,Canada
3451370,2024-01-20,referral,tablet,India
2850091,2024-03-31,email,mobile,India
3380883,2024-03-14,organic,mobile,India
1735992,2024-02-23,organic,desktop,India
3569635,2024-05-27,ads,mobile,USA
2362961,2024-01-04,ads,mobile,India
4065159,2024-04-03,ads,mobile,Germany
3065848,2024-01-28,organic,desktop,Canada
4354254,2024-02-02,ads,mobile,India
4900682,2024-02-01,organic,tablet,India
4096277,2024-01-02,email,desktop,USA
4679152,2024-02-13,ads,mobile,USA
1132127,2024-04-19,ads,mobile,India
2996364,2024-01-04,organic,tablet,India
4159351,2024-05-01,referral,desktop,UK
2988226,2024-03-13,organic,mobile,India
2855240,2024-03-20,ads,mobile,USA
2638625,2024-01-05,email,desktop,UK
3103525,2024-01-17,organic,mobile,USA
2300829,2024-05-13,organic,mobile,USA
2304572,2024-01-07,organic,desktop,India
4566245,2024-02-20,referral,mobile,India
4089399,2024-01-26,organic,mobile,India
3880706,2024-05-09,social,mobile,India
1669102,2024-04-17,organic,desktop,India
4868160,2024-06-23,organic,desktop,India
2727353,2024-01-05,organic,mobile,India
3713298,2024-01-02,organic,desktop,India
2624090,2024-01-15,email,mobile,India
4581338,2024-02-10,social,tablet,India
3886330,2024-01-20,ads,desktop,USA
4361739,2024-03-05,referral,mobile,India
3017920,2024-02-21,ads,desktop,India
4712331,2024-01-18,ads,tablet,USA
4669985,2024-02-02,organic,mobile,USA
4067259,2024-02-07,referral,mobile,India
1442125,2024-03-05,ads,desktop,UK
2079329,2024-01-02,organic,tablet,India
4453361,2024-02-07,referral,mobile,UK
4547631,2024-06-01,organic,desktop,Australia
3180644,2024-02-21,organic,mobile,India
1102687,2024-01-11,organic,mobile,India
2246899,2024-01-29,organic,tablet,India
2703990,2024-04-28,ads,mobile,Canada
4656963,2024-01-14,referral,desktop,India
2102524,2024-07-07,ads,desktop,India
3860432,2024-03-11,ads,desktop,UK
2761738,2024-02-01,email,desktop,USA
4599389,2024-01-25,organic,tablet,India
2599318,2024-02-18,organic,mobile,Germany
1041738,2024-03-13,referral,mobile,India
3834455,2024-02-10,organic,desktop,Australia
2565586,2024-01-11,ads,tablet,India
4832340,2024-02-29,organic,mobile,Canada
4089050,2024-01-17,ads,mobile,USA
4841247,2024-07-22,ads,desktop,India
3432855,2024-02-03,email,mobile,India
1318365,2024-02-08,organic,desktop,Australia
1407721,2024-01-16,organic,mobile,India
2459007,2024-01-22,ads,desktop,UK
4290761,2024-07-18,referral,mobile,USA
4483117,2024-06-28,organic,mobile,India
3318800,2024-01-18,email,mobile,Australia
2746138,2024-01-18,organic,mobile,India
2918958,2024-05-20,ads,mobile,India
3258301,2024-02-04,social,mobile,India
2547178,2024-02-17,organic,mobile,India
2944719,2024-01-23,ads,mobile,India
3620676,2024-01-01,organic,desktop,USA
1017129,2024-03-13,organic,desktop,India
3680635,2024-03-16,ads,mobile,India
1551646,2024-01-24,organic,desktop,Canada
4694435,2024-01-25,organic,tablet,USA
1810437,2024-05-02,organic,mobile,USA
1883922,2024-02-02,organic,mobile,USA
4585640,2024-05-20,organic,mobile,India
2963595,2024-02-13,organic,mobile,India
4581911,2024-01-27,organic,mobile,India
4714105,2024-01-27,organic,desktop,India
2769073,2024-01-12,ads,desktop,India
3085209,2024-01-31,ads,mobile,India
1619268,2024-03-05,organic,desktop,USA
1926412,2024-02-10,social,mobile,India
1517228,2024-02-27,organic,desktop,India
1529576,2024-02-13,organic,desktop,Germany
4862429,2024-01-17,ads,desktop,UK
4039780,2024-01-03,organic,desktop,USA
4162706,2024-01-12,organic,mobile,India
2252238,2024-01-16,ads,desktop,India
1987514,2024-01-08,email,tablet,India
3131418,2024-01-22,organic,tablet,India
2315721,2024-01-14,social,mobile,USA
1850639,2024-03-08,social,mobile,India
1544670,2024-03-15,organic,mobile,India
4317026,2024-05-13,organic,mobile,India
1959843,2024-01-05,organic,desktop,India
1872631,2024-02-24,organic,desktop,India
4794257,2024-01-11,organic,desktop,Canada
2247049,2024-01-02,email,mobile,India
3249649,2024-04-30,organic,desktop,India
2878763,2024-03-10,organic,mobile,Germany
1911815,2024-01-04,ads,desktop,UK
3465109,2024-01-20,ads,desktop,India
2056937,2024-02-26,organic,tablet,Germany
3524150,2024-02-18,ads,desktop,Germany
3605856,2024-03-24,ads,mobile,USA
3396454,2024-01-22,ads,desktop,India
1797975,2024-03-16,organic,desktop,UK
2590236,2024-01-06,email,tablet,India
1254443,2024-02-02,ads,tablet,India
1598538,2024-06-19,organic,mobile,India
2082821,2024-01-15,ads,desktop,USA
1502372,2024-04-05,referral,mobile,USA
4089991,2024-01-07,organic,mobile,India
4489230,2024-01-01,organic,mobile,USA
4682678,2024-01-19,organic,desktop,India
2478968,2024-04-08,organic,desktop,India
2676816,2024-05-18,organic,desktop,Canada
4175431,2024-01-15,ads,desktop,USA
1859577,2024-01-18,ads,mobile,India
2576970,2024-02-17,referral,desktop,India
1562839,2024-03-09,email,desktop,USA
1179708,2024-01-19,referral,mobile,Canada
3078524,2024-02-16,organic,mobile,India
1001480,2024-04-23,organic,mobile,USA
1270626,2024-02-02,email,mobile,UK
2332192,2024-01-10,referral,desktop,India
3690928,2024-01-31,email,mobile,India
2321664,2024-05-06,referral,mobile,USA
1690470,2024-06-20,referral,desktop,India
1048138,2024-02-23,referral,desktop,UK
2681593,2024-01-08,ads,mobile,Australia
4952583,2024-01-03,organic,desktop,Canada
1871577,2024-05-14,organic,desktop,India
2006495,2024-01-17,ads,mobile,Australia
3008445,2024-03-10,email,desktop,India
4252677,2024-02-12,ads,mobile,UK
3289455,2024-01-11,organic,mobile,India
1613391,2024-01-25,email,desktop,UK
2029821,2024-03-06,organic,mobile,India
3771478,2024-02-18,organic,mobile,UK
1768139,2024-04-06,ads,mobile,UK
1794445,2024-04-09,ads,desktop,USA
4903792,2024-02-03,ads,mobile,India
4853779,2024-03-05,organic,mobile,Canada
2391737,2024-06-04,referral,mobile,UK
1384846,2024-01-14,ads,mobile,USA
3147811,2024-01-11,organic,mobile,UK
4617634,2024-01-02,ads,desktop,India
4125704,2024-04-10,ads,mobile,USA
1861461,2024-01-17,social,mobile,India
2960473,2024-04-17,ads,mobile,Canada
2410539,2024-02-22,social,mobile,India
1984150,2024-02-12,social,tablet,USA
1447863,2024-03-12,organic,desktop,India
1479046,2024-02-18,social,mobile,USA
4617505,2024-01-08,ads,mobile,USA
4498303,2024-01-26,organic,mobile,USA
3176966,2024-03-17,organic,desktop,USA
4214391,2024-03-25,ads,desktop,India
1160845,2024-01-18,referral,mobile,India
4836121,2024-01-02,ads,mobile,USA
3716094,2024-03-12,ads,desktop,Canada
1394902,2024-06-01,organic,mobile,India
2475615,2024-04-29,referral,mobile,USA
2434845,2024-01-10,organic,mobile,India
2950788,2024-04-28,organic,mobile,USA
3738329,2024-02-15,organic,mobile,UK
4492358,2024-02-02,referral,tablet,India
4514197,2024-05-09,referral,desktop,India
2049126,2024-02-11,email,desktop,USA
3222893,2024-07-29,organic,tablet,India
3316019,2024-04-08,ads,mobile,USA
1373773,2024-01-14,referral,desktop,India
3045300,2024-01-15,ads,mobile,India
1288838,2024-02-12,email,mobile,India
3714355,2024-02-16,referral,desktop,Australia
4823209,2024-04-15,email,mobile,USA
4699565,2024-01-31,ads,tablet,India
1886343,2024-01-04,organic,mobile,Australia
1724753,2024-01-09,ads,mobile,Australia
3662115,2024-03-02,ads,mobile,Canada
2738530,2024-06-01,organic,mobile,USA
4138541,2024-01-12,organic,mobile,Canada
4693651,2024-01-05,organic,mobile,India
2706434,2024-05-10,ads,mobile,UK
3208806,2024-02-21,ads,mobile,USA
4390655,2024-03-08,organic,mobile,USA
3513898,2024-03-21,referral,mobile,Canada
1849654,2024-02-22,organic,mobile,USA
2594239,2024-01-19,organic,desktop,India
2563508,2024-04-25,email,mobile,Canada
1140703,2024-01-05,ads,desktop,India
2218983,2024-11-28,organic,mobile,USA
2993877,2024-01-28,organic,desktop,India
2628379,2024-05-06,organic,desktop,India
1420598,2024-01-05,organic,mobile,India
3147781,2024-03-04,ads,mobile,India
4590442,2024-02-06,organic,mobile,India
4151472,2024-01-02,ads,desktop,Australia
2199284,2024-01-19,referral,mobile,UK
2923563,2024-04-12,ads,mobile,India
1531087,2024-02-13,ads,desktop,USA
2079201,2024-06-01,organic,desktop,India
1408320,2024-03-30,ads,mobile,USA
1488757,2024-01-21,ads,tablet,India
2007230,2024-01-23,email,mobile,India
4421630,2024-01-11,organic,mobile,India
4752057,2024-03-30,ads,mobile,Australia
2585246,2024-03-01,organic,mobile,India
1778165,2024-01-16,referral,desktop,USA
4589035,2024-03-30,ads,desktop,India
4308495,2024-03-28,ads,desktop,India
2770697,2024-02-12,organic,mobile,India
4405487,2024-01-24,ads,mobile,USA
3863997,2024-01-14,organic,tablet,India
4888308,2024-01-20,organic,mobile,India
3066746,2024-02-18,organic,desktop,India
4683431,2024-03-28,email,mobile,India
4979753,2024-04-01,referral,tablet,India
1898810,2024-04-11,email,mobile,India
3751825,2024-01-07,organic,mobile,India
3286965,2024-09-25,organic,desktop,USA
1734121,2024-03-17,organic,mobile,Australia
1409563,2024-01-28,organic,mobile,India
1041486,2024-05-03,organic,mobile,Australia
2840893,2024-02-29,referral,desktop,USA
4168869,2024-05-22,ads,mobile,India
4248432,2024-01-03,organic,desktop,Germany
4311435,2024-02-10,ads,mobile,Canada
1628599,2024-01-30,organic,mobile,UK
2122739,2024-01-19,ads,desktop,India
1631717,2024-04-26,social,mobile,India
1701066,2024-03-07,ads,desktop,Canada
1172815,2024-04-04,ads,mobile,Canada
4799254,2024-02-02,organic,mobile,India
3689931,2024-02-07,ads,mobile,UK
2451168,2024-08-12,email,desktop,India
2261200,2024-02-15,ads,desktop,India
4110295,2024-02-15,organic,mobile,Canada
1894115,2024-01-10,social,desktop,Canada
4726571,2024-01-10,organic,desktop,Germany
4183039,2024-02-03,email,mobile,India
4501911,2024-01-04,ads,tablet,USA
4481056,2024-03-14,ads,mobile,UK
2211429,2024-09-24,organic,desktop,USA
2398319,2024-01-19,organic,mobile,UK
3864310,2024-02-10,referral,desktop,India
4329177,2024-04-12,organic,mobile,Canada
4654471,2024-02-05,ads,desktop,India
3396538,2024-02-15,organic,mobile,India
1075430,2024-02-02,email,mobile,USA
4953893,2024-01-31,organic,mobile,India
4490475,2024-02-27,ads,mobile,India
1753479,2024-03-20,organic,desktop,Canada
2136176,2024-01-12,ads,mobile,UK
2740506,2024-04-09,social,mobile,USA
1524210,2024-01-25,social,desktop,India
4303739,2024-03-04,ads,mobile,India
4880747,2024-02-28,organic,desktop,Canada
3898326,2024-01-07,organic,mobile,India
4833738,2024-02-16,ads,mobile,Canada
1363772,2024-01-02,organic,desktop,India
1359891,2024-04-16,organic,mobile,India
4834958,2024-01-18,organic,desktop,India
3178752,2024-03-13,ads,mobile,India
2930574,2024-01-13,email,desktop,India
3288014,2024-07-09,referral,tablet,UK
4512805,2024-03-07,ads,mobile,India
3523298,2024-01-26,organic,tablet,USA
4188328,2024-03-03,referral,mobile,Canada
2145334,2024-05-12,organic,mobile,USA
3193178,2024-01-18,ads,desktop,Germany
2069927,2024-01-07,organic,mobile,UK
3941812,2024-04-02,organic,mobile,Australia
3451808,2024-01-25,ads,mobile,Canada
1070675,2024-01-26,ads,desktop,Canada
2039146,2024-02-06,email,mobile,UK
2284206,2024-05-06,referral,desktop,Germany
2551690,2024-02-04,organic,desktop,USA
2946223,2024-01-01,ads,desktop,India
4406785,2024-02-09,organic,mobile,Canada
3695949,2024-01-14,email,mobile,India
2291600,2024-03-13,referral,mobile,Australia
2235570,2024-04-03,ads,desktop,India
4400309,2024-01-02,ads,mobile,Canada
4944131,2024-01-27,referral,mobile,India
4524942,2024-01-21,organic,desktop,USA
1976638,2024-04-28,referral,mobile,India
4128031,2024-03-14,ads,tablet,USA
1529228,2024-01-09,organic,mobile,India
1180710,2024-04-17,ads,mobile,India
3877195,2024-05-11,organic,mobile,UK
2518029,2024-02-08,organic,mobile,Canada
3014549,2024-02-01,organic,mobile,India
4506634,2024-02-01,organic,desktop,USA
4117851,2024-02-14,organic,mobile,Australia
2057729,2024-01-13,organic,desktop,USA
3919628,2024-01-07,organic,desktop,USA
3797177,2024-06-04,organic,mobile,Germany
3314369,2024-01-25,organic,mobile,India
3142024,2024-02-15,organic,mobile,Germany
4214899,2024-07-05,organic,mobile,Australia
3001331,2024-05-15,email,mobile,USA
4664260,2024-01-04,ads,desktop,UK
1959178,2024-01-12,ads,mobile,UK
3379721,2024-01-22,organic,desktop,Canada
3683127,2024-01-08,organic,desktop,India
4501458,2024-08-02,organic,mobile,Australia
4560735,2024-01-16,ads,desktop,Canada
4868006,2024-03-10,organic,mobile,India
4094004,2024-01-16,ads,mobile,India
4396823,2024-05-27,organic,mobile,India
2474771,2024-07-14,organic,tablet,USA
1478081,2024-01-03,organic,mobile,USA
4380323,2024-04-09,social,mobile,India
2351646,2024-02-13,organic,mobile,India
2786166,2024-04-01,ads,desktop,India
2952747,2024-03-29,referral,mobile,India
3588552,2024-05-04,ads,mobile,India
3134471,2024-02-10,ads,mobile,India
3727385,2024-03-28,ads,desktop,India
4861695,2024-02-16,organic,mobile,UK
1694510,2024-11-25,email,mobile,India
4320375,2024-03-12,social,mobile,India
1336663,2024-01-13,social,mobile,India
1885144,2024-05-30,referral,mobile,India
1417155,2024-05-18,organic,mobile,UK
1237880,2024-03-04,organic,mobile,India
2933643,2024-04-25,email,desktop,India
3796640,2024-02-17,organic,desktop,India
3343311,2024-01-13,organic,mobile,India
2950709,2024-01-17,ads,mobile,USA
3409702,2024-09-16,organic,mobile,Germany
1154379,2024-01-20,ads,mobile,India
3085119,2024-03-02,organic,tablet,India
2009571,2024-01-23,referral,mobile,USA
2215372,2024-05-17,organic,desktop,India
4272209,2024-02-22,organic,desktop,USA
3196200,2025-02-06,social,desktop,India
2104078,2024-04-06,email,desktop,USA
4575646,2024-03-17,ads,mobile,UK
1668066,2024-01-05,organic,desktop,India
4985234,2024-02-04,email,mobile,Germany
2435648,2024-01-31,organic,mobile,India
3645050,2024-01-21,organic,mobile,India
1983282,2024-01-25,organic,tablet,USA
2397855,2024-07-05,email,tablet,India
3779551,2024-01-10,referral,desktop,India
4223508,2024-03-20,organic,desktop,India
1549223,2024-01-28,ads,mobile,Germany
2713059,2024-02-09,ads,desktop,Germany
2707266,2024-01-26,ads,desktop,UK
4361260,2024-01-13,ads,mobile,USA
2895149,2024-01-01,ads,desktop,Germany
1979884,2024-01-28,email,mobile,India
4749976,2024-04-09,ads,desktop,India
2531294,2024-01-05,organic,tablet,India
3870875,2024-04-13,organic,mobile,Canada
4929638,2024-05-10,organic,desktop,India
3006258,2024-08-15,organic,mobile,Canada
3819177,2024-01-11,ads,mobile,India
1066134,2024-01-04,referral,desktop,India
2023252,2024-01-21,social,mobile,UK
4238951,2024-01-14,organic,mobile,Canada
3331048,2024-05-14,organic,desktop,Germany
4442319,2024-04-16,organic,desktop,USA
3794610,2024-01-11,ads,mobile,India
4802831,2024-02-29,organic,desktop,India
3365590,2024-01-20,ads,desktop,USA
4266950,2024-02-02,ads,desktop,India
4830133,2024-01-14,ads,mobile,USA
1053629,2024-01-06,ads,mobile,Australia
2867639,2024-01-06,ads,mobile,UK
2680709,2024-01-09,ads,mobile,USA
3248325,2024-01-05,organic,mobile,India
1780542,2024-04-27,organic,mobile,India
4740973,2024-01-03,email,mobile,India
3782488,2024-04-06,referral,mobile,India
3585967,2024-02-03,organic,desktop,Germany
2667649,2024-04-16,ads,mobile,Canada
3127786,2024-01-29,organic,desktop,India
3002323,2024-01-22,ads,mobile,India
2388303,2024-03-26,organic,mobile,USA
3490813,2024-04-01,organic,mobile,India
4551150,2024-04-11,organic,mobile,USA
3353634,2024-02-10,email,desktop,Australia
1288238,2024-02-12,organic,mobile,Canada
1562305,2024-02-26,organic,tablet,UK
1245975,2024-01-27,ads,mobile,India
1787695,2024-01-28,referral,desktop,India
3415652,2024-03-24,organic,desktop,USA
4961582,2024-03-14,organic,desktop,Canada
2171062,2024-01-08,email,mobile,India
2359382,2024-09-24,ads,mobile,India
3957870,2024-01-24,ads,mobile,India
2309971,2024-03-09,ads,mobile,India
1899245,2024-05-21,referral,mobile,India
3641934,2024-01-04,referral,mobile,Canada
2261853,2024-02-29,ads,mobile,USA
1713722,2024-01-11,ads,mobile,USA
4388821,2024-08-24,referral,mobile,India
2360462,2024-01-12,ads,mobile,UK
4288142,2024-02-22,referral,tablet,India
2312058,2024-01-05,organic,mobile,India
3443798,2024-03-13,referral,mobile,India
4101681,2024-01-28,organic,mobile,India
4732362,2024-01-15,social,mobile,Canada
1707020,2024-01-02,email,mobile,India
2375974,2024-01-05,organic,desktop,India
2192262,2024-03-25,organic,desktop,India
1551223,2024-01-19,referral,mobile,USA
3665137,2024-02-29,organic,tablet,UK
2443506,2024-01-24,organic,tablet,India
1946820,2024-04-02,organic,desktop,USA
2973818,2024-01-09,ads,tablet,India
3903116,2024-01-22,organic,mobile,USA
3860843,2024-01-20,organic,tablet,India
2115287,2024-01-21,ads,tablet,India
1622935,2024-05-01,ads,mobile,UK
1597037,2024-05-12,ads,mobile,USA
3866111,2024-01-16,ads,mobile,Australia
4355809,2024-06-05,organic,desktop,Canada
3731464,2024-01-10,referral,desktop,Canada
3384039,2024-01-28,organic,mobile,India
2263898,2024-02-09,organic,desktop,India
2350016,2024-05-16,referral,mobile,India
3842648,2024-01-27,ads,desktop,Germany
3428543,2024-03-25,organic,mobile,India
4401375,2024-01-15,organic,desktop,Canada
2370519,2024-01-02,organic,mobile,India
1962197,2024-01-20,ads,mobile,Germany
3914583,2024-02-15,organic,mobile,India
2223407,2024-02-26,organic,mobile,India
4685409,2024-01-06,organic,mobile,India
2705250,2024-05-22,organic,mobile,India
4891522,2024-01-02,email,desktop,India
4458435,2024-01-01,ads,desktop,Australia
4449170,2024-02-03,organic,mobile,India
2658448,2024-06-14,organic,desktop,India
3582518,2024-05-11,email,mobile,USA
4950111,2024-02-04,organic,mobile,USA
4232390,2024-08-17,organic,tablet,India
2621765,2024-02-16,ads,tablet,India
4312905,2024-03-20,social,desktop,USA
2955067,2024-01-12,social,desktop,UK
3523620,2024-02-24,organic,mobile,India
2560383,2024-02-29,organic,desktop,India
3655367,2024-03-14,referral,mobile,India
3097044,2024-01-27,email,mobile,USA
1486085,2024-01-21,ads,mobile,India
2567081,2024-01-04,organic,mobile,India
3374164,2024-01-21,organic,mobile,Germany
2433347,2024-01-31,social,mobile,USA
4408098,2024-09-09,ads,mobile,India
4950441,2024-01-23,social,mobile,India
1070781,2024-02-07,organic,desktop,Canada
4282069,2024-01-25,organic,desktop,USA
2805951,2024-01-20,organic,mobile,UK
1417877,2024-03-08,organic,mobile,UK
2665364,2024-06-16,ads,tablet,India
2338806,2024-01-06,social,mobile,USA
4091591,2024-05-13,organic,desktop,India
3228434,2024-03-28,ads,desktop,India
1389688,2024-01-22,organic,desktop,India
2726463,2024-01-02,email,mobile,India
2086556,2024-04-21,organic,mobile,Germany
3948653,2024-03-17,organic,mobile,India
1132612,2024-08-30,social,desktop,Germany
3784240,2024-05-15,ads,desktop,USA
2131444,2024-01-08,social,tablet,India
3294721,2024-01-09,organic,desktop,India
4501050,2024-01-24,organic,mobile,Canada
2798777,2024-01-05,organic,desktop,India
4094512,2024-03-09,organic,mobile,India
3531905,2024-01-15,organic,desktop,UK
1525317,2024-02-22,ads,desktop,UK
1079479,2024-01-20,ads,desktop,India
4478599,2024-01-14,organic,mobile,USA
3592432,2024-01-05,referral,mobile,India
3163722,2024-03-22,organic,mobile,India
3604512,2024-03-15,email,tablet,India
1038091,2024-02-08,email,mobile,India
4517089,2024-01-25,organic,mobile,India
2125696,2024-01-05,organic,tablet,Australia
1674317,2024-01-09,ads,mobile,India
3426531,2024-01-15,organic,tablet,USA
4191995,2024-02-27,organic,mobile,India
2397035,2024-06-03,referral,desktop,India
4844595,2024-01-26,email,mobile,Germany
2892299,2024-01-01,organic,desktop,India
1761025,2024-01-24,email,mobile,India
3282054,2024-01-12,referral,mobile,India
2012870,2024-02-24,ads,mobile,Canada
4332040,2024-01-30,ads,mobile,Australia
4210374,2024-03-16,ads,mobile,USA
2082989,2024-01-19,social,mobile,India
3248427,2024-01-24,referral,desktop,Canada
1704786,2024-02-13,organic,mobile,Canada
3746021,2024-02-15,ads,mobile,USA
1232082,2024-01-02,ads,mobile,USA
3575683,2024-02-19,organic,desktop,India
2912739,2024-01-06,referral,mobile,USA
4226105,2024-02-03,ads,mobile,India
1129280,2024-03-29,organic,desktop,India
2422173,2024-07-29,ads,tablet,India
2752094,2024-02-05,email,desktop,Australia
3758103,2024-01-17,ads,mobile,India
4574193,2024-04-23,ads,mobile,India
3272542,2024-02-20,email,mobile,India
4531812,2024-04-26,referral,tablet,India
4995637,2024-02-16,ads,mobile,India
1408128,2024-04-10,organic,mobile,India
3296286,2024-01-02,organic,mobile,India
2065063,2024-02-07,email,mobile,India
4442650,2024-02-19,organic,desktop,India
2773429,2024-01-20,referral,mobile,UK
4764028,2024-05-16,ads,mobile,India
2422044,2024-01-01,organic,mobile,Australia
4395561,2024-01-22,referral,desktop,India
3585847,2024-01-09,ads,mobile,India
1783853,2024-01-11,ads,mobile,USA
1388244,2024-01-10,ads,mobile,Canada
4360315,2024-03-04,organic,mobile,Canada
3806694,2024-01-05,organic,mobile,Australia
4311007,2024-03-02,email,tablet,UK
2691181,2024-03-03,organic,desktop,USA
4528406,2024-01-25,ads,mobile,India
1645549,2024-03-16,ads,mobile,Australia
1448367,2024-01-19,organic,tablet,UK
1269306,2024-01-12,ads,tablet,USA
1436223,2024-04-15,ads,mobile,USA
4538182,2024-02-02,organic,mobile,USA
3168439,2024-07-16,ads,mobile,India
2549280,2024-06-10,organic,desktop,India
3562370,2024-06-02,organic,mobile,Germany
3779723,2024-01-15,ads,mobile,Australia
2249612,2024-02-25,ads,mobile,UK
2717111,2024-01-17,organic,mobile,USA
3768623,2024-01-05,ads,mobile,India
1748313,2024-01-20,ads,tablet,UK
4349571,2024-01-02,ads,mobile,UK
3662117,2024-04-19,organic,desktop,Canada
2896880,2024-02-11,ads,mobile,UK
2300751,2024-02-01,ads,mobile,India
2046349,2024-06-14,ads,desktop,India
4499037,2024-07-26,ads,mobile,India
4447183,2024-03-19,organic,mobile,USA
2664349,2024-03-31,referral,mobile,UK
4530392,2024-01-23,ads,mobile,India
2930587,2024-05-23,email,mobile,UK
3801101,2024-01-04,organic,mobile,Australia
1689792,2024-02-02,organic,desktop,USA
1049490,2024-01-11,ads,mobile,USA
3806616,2024-01-14,ads,mobile,India
1499815,2024-06-30,social,mobile,India
4053173,2024-01-26,organic,tablet,India
1377897,2024-04-18,organic,mobile,India
1658058,2024-02-29,ads,mobile,Australia
1429247,2024-02-19,organic,mobile,India
2098869,2024-04-26,organic,desktop,India
1835364,2024-01-08,organic,desktop,India
3758496,2024-02-09,organic,tablet,UK
2115737,2024-01-11,email,desktop,India
3537979,2024-01-08,organic,desktop,UK
2802691,2024-01-25,organic,mobile,UK
2704960,2024-01-18,organic,mobile,India
3102989,2024-01-08,referral,desktop,Germany
3457178,2024-01-10,referral,mobile,India
2031668,2024-02-07,ads,mobile,USA
3163916,2024-01-05,organic,desktop,India
3817817,2024-02-15,ads,desktop,India
4411326,2024-02-21,organic,desktop,UK
3966126,2024-02-02,email,desktop,India
3071570,2024-02-29,referral,desktop,India
1299620,2024-09-10,ads,mobile,UK
1458644,2024-01-13,ads,mobile,USA
4603957,2024-03-16,referral,desktop,Germany
1344332,2024-09-02,email,mobile,India
3348070,2024-02-22,ads,mobile,USA
3936067,2024-02-05,referral,mobile,USA
1543271,2024-05-12,organic,mobile,USA
1732658,2024-02-01,organic,desktop,UK
1656218,2024-03-08,organic,tablet,India
4815998,2024-02-04,ads,mobile,India
1976515,2024-06-20,referral,mobile,India
4078182,2024-02-07,referral,mobile,India
3280912,2024-02-19,organic,mobile,India
4412806,2024-02-07,email,mobile,India
2399945,2024-04-29,referral,mobile,UK
2009570,2024-02-22,ads,mobile,UK
2164345,2024-03-24,organic,mobile,Australia
3481185,2024-03-06,organic,mobile,India
2440157,2024-01-15,ads,mobile,India
3670495,2024-01-05,referral,tablet,India
3143252,2024-06-05,ads,mobile,India
2297749,2024-05-15,ads,tablet,India
3054977,2024-03-12,referral,desktop,India
4792257,2024-01-21,organic,mobile,USA
2903746,2024-01-26,organic,mobile,India
4439831,2024-01-11,organic,mobile,USA
4416235,2024-01-17,referral,desktop,India
1825743,2024-02-01,organic,mobile,India
4830143,2024-01-12,ads,desktop,UK
3025064,2024-04-23,organic,mobile,India
2585493,2024-04-09,ads,mobile,India
2419870,2024-01-08,organic,mobile,USA
4835907,2024-02-13,organic,mobile,India
2335462,2024-05-18,organic,mobile,Germany
3630881,2024-01-25,organic,mobile,Canada
1882902,2024-01-11,ads,tablet,India
1677280,2024-03-01,social,desktop,India
4263202,2024-06-25,email,desktop,India
2513054,2024-02-12,ads,mobile,India
2279256,2024-04-01,ads,mobile,India
2793948,2024-04-27,ads,mobile,USA
4899316,2024-03-25,referral,tablet,India
4541933,2024-01-04,social,desktop,India
3405424,2024-02-11,ads,mobile,India
1765848,2024-01-13,organic,mobile,Australia
2703812,2024-01-29,email,mobile,Germany
4397480,2024-07-28,ads,mobile,India
3599339,2024-03-10,organic,mobile,Germany
3522995,2024-03-07,organic,mobile,USA
4167183,2024-05-18,referral,tablet,India
1243264,2024-04-08,email,mobile,USA
1990826,2024-01-28,organic,desktop,Canada
3290920,2024-01-17,organic,mobile,Germany
2718381,2024-01-28,organic,desktop,India
3402254,2024-02-01,organic,mobile,India
2857147,2024-05-10,referral,desktop,UK
3945863,2024-01-01,organic,tablet,India
1325521,2024-01-09,ads,mobile,India
2478970,2024-01-02,ads,desktop,India
4485848,2024-01-15,ads,tablet,Germany
1981856,2024-02-01,organic,desktop,India
1369278,2024-01-15,ads,desktop,India
2828967,2024-01-24,organic,mobile,India
4249178,2024-03-11,organic,mobile,India
1270740,2024-02-09,ads,mobile,India
3990539,2024-01-09,organic,mobile,Australia
1263825,2024-01-20,ads,mobile,USA
3290672,2024-02-05,ads,desktop,India
1911688,2024-02-22,organic,desktop,UK
2260149,2024-02-14,email,mobile,India
3952150,2024-01-07,organic,mobile,USA
3805017,2024-02-21,organic,mobile,India
1628876,2024-01-12,referral,mobile,India
2263977,2024-02-20,referral,mobile,USA
1080681,2024-02-21,ads,tablet,USA
1601684,2024-04-16,organic,desktop,India
4512221,2024-01-08,organic,mobile,India
3665637,2024-02-06,organic,mobile,India
3433242,2024-01-16,organic,mobile,India
2062275,2024-03-03,ads,mobile,India
4350016,2024-03-09,organic,tablet,USA
1468364,2024-01-24,ads,mobile,India
3470876,2024-06-10,social,desktop,UK
2037392,2024-01-19,email,mobile,USA
3216232,2024-04-07,ads,mobile,USA
2186559,2024-01-06,email,desktop,Canada
2370788,2024-01-18,organic,mobile,India
4074299,2024-04-23,ads,mobile,USA
2735746,2024-05-11,email,mobile,India
1860898,2024-02-20,ads,mobile,USA
1633445,2024-02-17,organic,mobile,Australia
2995676,2024-01-24,ads,desktop,Canada
2186917,2024-05-14,organic,desktop,India
4824109,2024-01-08,organic,mobile,USA
1189797,2024-01-12,ads,mobile,India
2995043,2024-01-06,social,mobile,India
2147981,2024-06-24,organic,desktop,USA
3353127,2024-03-08,organic,mobile,Germany
1196527,2024-01-30,organic,mobile,India
2766808,2024-03-25,ads,mobile,Australia
4898625,2024-05-17,organic,desktop,UK
3921145,2024-01-20,organic,mobile,India
2726736,2024-01-13,email,tablet,India
2633496,2024-01-05,organic,mobile,Canada
4508678,2024-01-04,ads,desktop,India
2798847,2024-01-03,organic,desktop,USA
3013787,2024-05-23,organic,desktop,India
2760577,2024-03-30,organic,mobile,Germany
2271308,2024-04-07,email,mobile,USA
1377572,2024-01-24,ads,desktop,Canada
3889016,2024-01-29,organic,mobile,Canada
3428597,2024-04-06,organic,desktop,USA
2573031,2024-02-10,organic,mobile,India
3239997,2024-09-28,ads,mobile,India
3726462,2024-03-28,email,tablet,UK
1173915,2024-10-06,organic,mobile,India
1323458,2024-01-01,organic,mobile,India
4379816,2024-02-10,referral,mobile,India
2620387,2024-01-26,organic,tablet,India
1624465,2024-02-02,organic,desktop,UK
3197971,2024-01-17,social,mobile,Australia
1535735,2024-01-27,email,mobile,UK
2540821,2024-02-20,organic,mobile,Canada
1799751,2024-01-15,ads,mobile,India
1303734,2024-01-13,organic,mobile,USA
3914819,2024-01-15,email,tablet,UK
4962626,2024-07-07,ads,mobile,India
2793746,2024-08-13,ads,mobile,UK
1468161,2024-01-15,referral,mobile,India
2729215,2024-08-15,social,desktop,USA
4283438,2024-07-29,organic,desktop,India
3387179,2024-01-10,ads,tablet,India
4481998,2024-07-03,organic,desktop,UK
4297974,2024-03-01,organic,mobile,India
4261935,2024-03-03,email,mobile,USA
2535074,2024-02-11,email,mobile,USA
3294615,2024-03-01,referral,mobile,India
1738246,2024-02-04,ads,desktop,India
3006546,2024-02-11,organic,desktop,India
1418482,2024-04-21,organic,mobile,India
4558840,2024-02-21,organic,desktop,India
3441509,2024-03-17,organic,desktop,India
1124697,2024-04-24,organic,mobile,Germany
4042189,2024-03-15,organic,mobile,USA
2334428,2024-02-18,organic,mobile,India
1677134,2024-01-07,organic,desktop,Canada
1120379,2024-01-25,organic,desktop,India
1759411,2024-01-31,ads,mobile,India
3279921,2024-04-28,organic,mobile,Australia
1727911,2024-01-13,organic,desktop,India
4709104,2024-01-18,organic,mobile,Germany
1300979,2024-01-25,organic,desktop,India
3522482,2024-02-03,referral,mobile,India
4150837,2024-02-23,organic,desktop,India
1801889,2024-02-02,organic,mobile,India
1965718,2024-02-04,email,tablet,USA
4979463,2024-04-19,referral,mobile,India
4986231,2024-01-17,referral,tablet,India
2669987,2024-02-19,email,mobile,India
2902095,2024-01-06,referral,mobile,India
4276033,2024-05-01,ads,mobile,USA
3235171,2024-01-08,email,mobile,Canada
4950620,2024-03-08,email,mobile,Australia
2688689,2024-01-08,email,tablet,Canada
4003749,2024-02-14,organic,mobile,UK
2772227,2024-03-10,organic,mobile,India
3994144,2024-03-08,organic,mobile,India
1899956,2024-01-03,organic,mobile,USA
2409370,2024-01-28,ads,desktop,Germany
4757349,2024-01-03,ads,mobile,India
4994734,2024-01-06,ads,tablet,India
2117683,2024-01-08,organic,tablet,India
2681646,2024-01-03,organic,mobile,Germany
3779418,2024-02-15,ads,desktop,USA
2231919,2024-02-24,organic,desktop,India
3277549,2024-01-05,ads,desktop,India
1878783,2024-01-25,ads,mobile,USA
1773065,2024-01-25,referral,desktop,India
2751084,2024-01-11,social,tablet,India
1270123,2024-03-23,ads,mobile,India
3144172,2024-02-19,organic,tablet,USA
2881181,2024-02-07,ads,mobile,India
4087036,2024-01-03,organic,desktop,India
1155266,2024-02-03,organic,tablet,India
4973877,2024-01-12,ads,mobile,UK
1359707,2024-03-25,ads,desktop,USA
1010231,2024-03-19,organic,desktop,India
2323436,2024-02-01,ads,desktop,UK
3045222,2024-04-16,organic,desktop,India
4642884,2024-01-10,ads,mobile,India
2754334,2024-02-17,organic,tablet,India
2906498,2024-01-17,ads,mobile,India
4844351,2024-01-09,ads,tablet,India
1410044,2024-02-26,organic,desktop,India
3032457,2024-03-01,organic,mobile,India
4132609,2024-02-16,ads,mobile,India
2640241,2024-03-08,organic,mobile,India
2718571,2024-03-28,referral,tablet,UK
3140282,2024-01-08,ads,mobile,Germany
1308201,2024-01-20,organic,mobile,USA
4866140,2024-03-13,ads,tablet,India
2000999,2024-04-21,ads,desktop,Canada
4920939,2024-02-01,organic,desktop,Canada
4721814,2024-06-08,ads,desktop,Australia
1735939,2024-05-08,ads,mobile,India
3955107,2024-01-25,organic,desktop,USA
1834920,2024-02-05,organic,desktop,UK
2388875,2024-03-27,ads,tablet,USA
1297503,2024-02-13,email,mobile,Australia
4503666,2024-01-10,organic,mobile,India
2239997,2024-05-04,ads,mobile,India
1005480,2024-01-12,ads,tablet,India
4153270,2024-02-22,social,mobile,India
1583123,2024-01-11,social,mobile,India
4918460,2024-02-21,organic,desktop,UK
4488906,2024-01-22,organic,desktop,USA
1305593,2024-01-14,ads,mobile,USA
4746998,2024-01-22,organic,desktop,Germany
4961385,2024-01-26,organic,mobile,India
1701316,2024-01-09,organic,desktop,India
1697357,2024-02-18,organic,desktop,India
4866443,2024-01-11,organic,desktop,India
3540784,2024-07-21,email,desktop,India
4004893,2024-02-14,email,desktop,Germany
3815171,2024-01-29,organic,desktop,Canada
1054776,2024-02-26,organic,mobile,UK
3209666,2024-05-03,organic,mobile,USA
1501448,2024-03-09,email,mobile,UK
3370188,2024-01-09,organic,mobile,India
3062459,2024-01-02,organic,desktop,USA
2807260,2024-05-26,ads,tablet,India
3201802,2024-09-11,email,tablet,India
2764051,2024-03-16,ads,tablet,USA
3813891,2024-05-28,organic,desktop,India
3695743,2024-01-15,ads,mobile,India
1931777,2024-01-07,organic,mobile,India
4170172,2024-03-13,ads,desktop,India
2468795,2024-03-29,ads,mobile,USA
3059709,2024-01-10,organic,mobile,India
3894884,2024-01-23,ads,mobile,USA
3764229,2024-04-13,organic,mobile,UK
4340418,2024-01-13,social,mobile,India
3397362,2024-01-31,referral,desktop,India
3452442,2024-03-04,organic,mobile,India
1672774,2024-02-28,email,desktop,Australia
1265957,2024-01-25,referral,desktop,India
1146821,2024-01-02,ads,desktop,UK
2700279,2024-02-09,ads,mobile,India
2129280,2024-01-19,ads,mobile,India
3923644,2024-03-16,organic,desktop,India
1103097,2024-03-14,ads,tablet,UK
2984375,2024-03-22,ads,desktop,USA
2009862,2024-01-09,organic,mobile,India
2565060,2024-02-25,organic,desktop,UK
2521472,2024-02-18,email,mobile,UK
4602959,2024-01-30,ads,mobile,India
1031027,2024-01-31,organic,desktop,USA
2789761,2024-03-02,ads,desktop,Canada
1652178,2024-01-08,organic,mobile,India
1395173,2024-02-20,ads,desktop,India
2337428,2024-01-06,organic,mobile,UK
4340580,2024-06-24,social,desktop,India
2802849,2024-01-13,referral,mobile,India
4361576,2024-01-02,referral,mobile,India
2241886,2024-01-29,ads,mobile,India
3246832,2024-01-06,email,tablet,Australia
3558836,2024-07-20,organic,mobile,India
1587139,2024-04-01,organic,desktop,UK
3545345,2024-01-06,ads,desktop,India
4451911,2024-03-26,organic,mobile,India
2479272,2024-03-15,ads,mobile,India
2446997,2024-02-28,referral,mobile,India
2435036,2024-01-16,organic,mobile,India
1644793,2024-03-19,ads,desktop,India
1730164,2024-02-05,referral,mobile,Canada
1153170,2024-01-20,email,mobile,India
3715942,2024-01-10,referral,tablet,India
2318925,2024-04-14,organic,mobile,India
3885035,2024-01-05,ads,mobile,Canada
2418255,2024-01-02,organic,mobile,India
4611000,2024-01-13,referral,mobile,USA
1410902,2024-01-06,organic,mobile,USA
2772218,2024-03-31,ads,mobile,India
2433221,2024-01-25,organic,tablet,Australia
3751012,2024-01-20,email,mobile,USA
1066621,2024-01-19,ads,mobile,India
1807417,2024-02-21,organic,mobile,India
1199000,2024-01-11,ads,mobile,UK
4719070,2024-02-24,organic,mobile,USA
2931781,2024-05-07,organic,mobile,India
2136814,2024-01-24,ads,mobile,USA
1951160,2024-01-01,organic,desktop,UK
2340676,2024-02-15,referral,mobile,USA
2967741,2024-01-10,email,mobile,Germany
4926826,2024-01-15,organic,mobile,USA
4821155,2024-01-16,ads,mobile,Australia
2656265,2024-01-08,email,desktop,Australia
2824098,2024-03-15,ads,mobile,India
1891647,2024-01-02,email,mobile,India
1977475,2024-08-02,ads,mobile,UK
4526802,2024-01-22,email,desktop,USA
2405721,2024-02-08,organic,desktop,India
3063444,2024-01-28,email,desktop,India
1287814,2024-02-18,ads,mobile,Canada
2028562,2024-02-08,ads,mobile,India
2209526,2024-02-08,referral,mobile,Germany
1686526,2024-01-05,organic,mobile,India
2704558,2024-01-05,ads,tablet,UK
4439178,2024-02-25,organic,mobile,Canada
3379623,2024-01-08,referral,mobile,USA
3289352,2024-02-17,organic,mobile,USA
3205846,2024-01-05,organic,tablet,India
2507145,2024-05-12,referral,desktop,Canada
3235825,2024-04-04,ads,desktop,USA
4946611,2024-06-06,organic,mobile,USA
1551098,2024-03-24,organic,tablet,USA
2422333,2024-02-16,ads,mobile,Canada
4611041,2024-01-27,organic,mobile,USA
2673806,2024-04-03,organic,mobile,USA
1014145,2024-01-17,organic,desktop,India
4850144,2024-01-14,social,desktop,UK
3475619,2024-04-18,organic,mobile,India
1855219,2024-10-05,ads,mobile,Canada
3572817,2024-01-05,organic,mobile,USA
2264274,2024-02-19,email,mobile,India
3738972,2024-02-13,organic,mobile,UK
4502861,2024-03-05,referral,mobile,Canada
4334486,2024-03-08,social,mobile,India
3002923,2024-01-28,organic,mobile,India
2522337,2024-01-01,ads,mobile,Canada
1938273,2024-01-28,referral,mobile,Germany
1774282,2024-04-27,email,mobile,India
2521786,2024-02-02,organic,mobile,Canada
4804738,2024-05-04,organic,desktop,India
4737097,2024-03-27,organic,tablet,USA
2313395,2024-01-01,ads,mobile,India
3352179,2024-04-18,organic,mobile,Australia
3152680,2024-01-10,email,mobile,India
1403040,2024-01-07,ads,desktop,India
1522025,2024-02-13,organic,mobile,Australia
4213267,2024-04-01,ads,mobile,UK
4202819,2024-01-30,ads,mobile,India
3791981,2024-02-10,organic,desktop,India
4033426,2024-01-24,organic,mobile,India
3868171,2024-02-02,ads,desktop,Germany
1742404,2024-01-16,organic,desktop,India
2710414,2024-01-14,organic,mobile,Germany
1886521,2024-01-17,social,desktop,India
4810953,2024-02-09,ads,mobile,Australia
4802809,2024-01-29,organic,mobile,India
1343978,2024-01-16,ads,tablet,India
2671348,2024-07-03,organic,desktop,USA
3412375,2024-01-23,ads,desktop,India
3304134,2024-03-29,organic,mobile,USA
4542662,2024-01-31,organic,mobile,India
4365293,2024-04-06,ads,mobile,UK
3113736,2024-02-15,email,mobile,India
2840731,2024-04-21,organic,mobile,India
3219528,2024-01-02,ads,mobile,Germany
3936031,2024-05-10,organic,mobile,India
2925312,2024-01-22,organic,desktop,UK
1248538,2024-03-01,ads,desktop,India
4101323,2024-04-11,referral,desktop,USA
1812142,2024-01-11,organic,desktop,India
3785629,2024-04-22,ads,mobile,India
2429768,2024-05-14,ads,mobile,India
1132658,2024-01-07,referral,mobile,Canada
4069672,2024-01-03,referral,desktop,India
4182550,2024-02-22,organic,mobile,UK
3516067,2024-03-06,organic,mobile,India
2280632,2024-01-09,ads,tablet,UK
1981423,2024-01-24,organic,tablet,India
3271152,2024-01-17,social,mobile,Germany
4872481,2024-02-17,organic,mobile,India
1347793,2024-04-11,organic,mobile,USA
3943584,2024-06-08,ads,mobile,USA
3639517,2024-04-05,social,mobile,India
3789568,2024-01-22,organic,mobile,UK
4140180,2024-02-01,referral,desktop,India
1027495,2024-01-07,ads,desktop,UK
2694953,2024-01-05,referral,desktop,USA
1342352,2024-01-01,ads,mobile,UK
4747118,2024-01-02,social,mobile,India
4196980,2024-02-27,organic,mobile,India
4006756,2024-02-19,ads,desktop,USA
3071538,2024-01-05,ads,mobile,India
1310181,2024-12-31,email,mobile,India
1598982,2024-01-01,ads,mobile,USA
2557033,2024-01-05,ads,mobile,India
3181183,2024-07-09,organic,mobile,Canada
3747484,2024-02-20,ads,mobile,India
4288162,2024-04-30,ads,desktop,Australia
1825594,2024-02-24,referral,desktop,India
4962249,2024-03-03,email,tablet,India
4939289,2024-01-14,organic,mobile,UK
4514692,2024-01-03,ads,mobile,Canada
3699900,2024-01-09,organic,mobile,UK
1517306,2024-01-15,organic,mobile,USA
4367165,2024-02-16,ads,mobile,USA
3412379,2024-01-25,organic,mobile,India
2008835,2024-05-14,referral,desktop,Germany
4892786,2024-01-30,ads,mobile,India
3276306,2024-04-28,referral,desktop,India
4427849,2024-01-11,organic,mobile,India
2623456,2024-06-22,email,mobile,India
1406299,2024-02-10,ads,mobile,India
3380475,2024-01-01,email,mobile,Canada
4479834,2024-02-23,ads,desktop,India
2527071,2024-01-13,social,desktop,Canada
1966554,2024-01-12,referral,desktop,UK
2733739,2024-06-02,organic,tablet,Australia
1277317,2024-01-06,organic,mobile,Canada
2154087,2024-03-02,organic,mobile,India
2810867,2024-07-19,organic,desktop,USA
1868900,2024-02-17,organic,desktop,USA
2887993,2024-01-09,ads,mobile,Canada
3809978,2024-03-22,referral,desktop,USA
2179740,2024-05-12,organic,mobile,Australia
4851181,2024-01-05,organic,mobile,USA
1248639,2024-02-06,ads,desktop,India
1554172,2024-01-02,email,mobile,India
2994235,2024-01-12,organic,mobile,India
2606642,2024-02-02,ads,mobile,Australia
2493769,2024-03-13,ads,desktop,Australia
3908256,2024-04-10,ads,mobile,Canada
4527016,2024-01-19,organic,desktop,USA
2421990,2024-06-23,ads,mobile,USA
3527007,2024-03-17,ads,mobile,UK
2405718,2024-01-08,referral,mobile,USA
2538520,2024-01-11,organic,mobile,India
4178887,2024-06-02,organic,mobile,India
2111175,2024-03-15,organic,mobile,UK
2830567,2024-04-10,email,desktop,UK
4585750,2024-02-11,ads,mobile,India
4225419,2024-02-07,organic,desktop,Germany
1413819,2024-04-05,ads,desktop,UK
1361230,2024-06-10,organic,mobile,India
2381627,2024-01-18,referral,desktop,UK
4004794,2024-03-11,ads,mobile,India
2526652,2024-03-14,organic,mobile,Canada
3585075,2024-06-06,organic,mobile,India
1228300,2024-01-21,organic,mobile,UK
1073640,2024-01-02,organic,tablet,India
4058268,2024-01-24,ads,mobile,India
4731933,2024-01-01,email,desktop,India
2896908,2024-01-19,social,desktop,India
1525528,2024-05-03,ads,mobile,India
4467253,2024-03-27,organic,tablet,India
4704947,2024-07-31,organic,mobile,India
2606751,2024-01-07,ads,mobile,India
3452956,2024-10-26,referral,desktop,India
4117711,2024-02-20,ads,desktop,India
4588313,2024-02-08,ads,mobile,India
1318644,2024-01-02,ads,desktop,India
2029010,2024-01-17,ads,tablet,India
2875798,2024-03-14,ads,desktop,India
3162692,2024-01-15,ads,desktop,USA
1056554,2024-03-19,organic,tablet,Canada
4962720,2024-03-01,organic,mobile,USA
3097423,2024-01-11,ads,desktop,Germany
2986135,2024-04-09,ads,mobile,UK
2901702,2024-01-20,referral,mobile,India
3017640,2024-02-08,email,mobile,USA
3230881,2024-03-11,organic,mobile,USA
4832529,2024-01-13,organic,mobile,Germany
2220525,2024-03-07,ads,mobile,USA
3103435,2024-02-14,organic,mobile,India
3906023,2024-03-25,email,mobile,UK
3245241,2024-03-13,organic,desktop,India
1241373,2025-02-05,ads,mobile,UK
2860960,2024-12-09,organic,mobile,India
2854763,2024-01-04,organic,mobile,Canada
4722293,2024-01-15,organic,desktop,USA
3725733,2024-01-16,ads,mobile,India
2295108,2024-03-12,organic,mobile,India
3518364,2024-01-21,ads,tablet,India
4681824,2024-02-10,referral,desktop,India
4749817,2024-04-24,ads,desktop,Canada
2561529,2024-04-19,referral,desktop,India
1946019,2024-01-05,email,mobile,UK
2060625,2024-01-05,organic,mobile,Germany
1639199,2024-01-17,organic,mobile,India
3718840,2024-01-23,organic,tablet,India
1998155,2024-02-12,organic,desktop,Australia
1113604,2024-02-10,ads,mobile,Germany
1025229,2024-01-26,ads,mobile,India
1247886,2024-01-16,organic,mobile,Germany
2949617,2024-03-23,ads,mobile,Germany
1531151,2024-01-11,organic,mobile,India
1533401,2024-01-12,ads,desktop,Canada
1647032,2024-04-02,organic,desktop,India
2804495,2024-01-11,referral,mobile,USA
2177445,2024-04-06,organic,desktop,UK
1814193,2024-04-22,organic,tablet,India
4668469,2024-01-14,email,mobile,Canada
2093088,2024-01-24,referral,mobile,India
2274958,2024-02-22,ads,mobile,India
1451707,2024-03-11,referral,mobile,India
4026096,2024-01-07,ads,desktop,India
3872447,2024-03-28,email,desktop,India
2288917,2024-04-13,organic,tablet,India
4139062,2024-03-13,organic,mobile,India
2318553,2024-02-11,ads,mobile,India
1690275,2024-01-28,social,mobile,Australia
2426605,2024-01-04,organic,desktop,India
4043843,2024-01-20,organic,mobile,India
4734377,2024-02-01,organic,tablet,USA
3159032,2024-05-22,social,desktop,USA
4965594,2024-04-26,organic,mobile,Canada
1678088,2024-02-28,email,mobile,USA
4886089,2024-03-28,organic,mobile,India
4938619,2024-07-05,organic,desktop,Germany
3918022,2024-03-09,organic,mobile,India
1539738,2024-01-14,organic,mobile,India
4657154,2024-01-12,ads,mobile,Australia
3764260,2024-03-30,organic,mobile,USA
1853666,2024-01-07,organic,mobile,Australia
1871397,2024-07-10,organic,mobile,UK
4671240,2024-01-14,email,mobile,USA
2246131,2024-02-19,referral,mobile,Canada
3085352,2024-01-16,email,desktop,India
2336630,2024-02-29,organic,desktop,USA
3121486,2024-02-23,ads,mobile,India
2179299,2024-01-17,organic,mobile,India
4224761,2024-05-26,organic,mobile,India
2335573,2024-02-01,ads,desktop,India
4485321,2024-02-18,ads,mobile,USA
1451589,2024-01-31,referral,mobile,USA
4551123,2024-02-25,organic,mobile,India
2257784,2024-02-06,referral,mobile,India
4168558,2024-03-22,ads,mobile,UK
2458945,2024-04-17,organic,mobile,India
3654538,2024-03-24,ads,tablet,India
1806430,2024-02-17,ads,mobile,USA
3580947,2024-01-25,email,mobile,India
1532870,2024-01-24,organic,mobile,UK
1293448,2024-04-01,email,mobile,India
3324400,2024-01-02,email,desktop,India
4324363,2024-01-04,referral,desktop,India
1962291,2024-01-03,organic,tablet,UK
1165171,2024-03-17,ads,mobile,India
1968972,2024-01-05,ads,mobile,UK
2604968,2024-01-06,ads,tablet,India
1105360,2024-03-11,organic,mobile,USA
4128731,2024-02-21,ads,mobile,India
3098818,2024-01-21,organic,mobile,India
4843672,2024-02-07,organic,desktop,Canada
3344494,2024-02-14,email,mobile,India
4013322,2024-11-05,ads,mobile,USA
1940946,2024-01-06,ads,mobile,USA
2930141,2024-03-14,ads,desktop,India
2071288,2024-02-09,ads,desktop,India
2955033,2024-01-05,organic,mobile,India
3305635,2024-02-15,organic,tablet,India
2899140,2024-02-29,referral,mobile,India
4144446,2024-03-10,organic,mobile,India
4449102,2024-03-02,email,desktop,India
1743669,2024-02-01,organic,mobile,India
4404412,2024-01-30,organic,mobile,Canada
2963546,2024-05-18,referral,mobile,India
3794443,2024-02-08,email,mobile,Canada
1944369,2024-07-15,ads,mobile,India
2662154,2024-02-16,ads,mobile,USA
4849282,2024-04-10,organic,mobile,India
4941851,2024-01-08,ads,desktop,India
1223818,2024-03-05,organic,mobile,India
4224136,2024-03-28,ads,mobile,USA
4278147,2024-02-24,ads,tablet,India
3226007,2024-01-05,ads,mobile,Australia
2843479,2024-01-20,email,desktop,India
4876864,2024-01-12,organic,mobile,India
4814033,2024-04-16,ads,desktop,India
1506298,2024-01-29,ads,tablet,India
4056007,2024-01-09,ads,tablet,India
2399867,2024-02-25,organic,mobile,India
2174413,2024-01-23,organic,mobile,India
3746239,2024-04-22,email,mobile,India
1294244,2024-06-17,organic,mobile,UK
2277950,2024-06-08,email,mobile,India
3505131,2024-05-11,email,mobile,India
1589251,2024-04-06,referral,mobile,India
4177418,2024-03-15,ads,mobile,UK
3680372,2024-02-06,email,desktop,Canada
3540125,2024-05-22,organic,desktop,India
1795811,2024-02-05,organic,mobile,India
4971617,2024-03-12,organic,mobile,India
1886516,2024-07-13,ads,mobile,Australia
1408710,2024-03-14,ads,mobile,Canada
4937046,2024-01-13,ads,mobile,India
1082359,2024-02-14,organic,desktop,India
3706571,2024-01-07,organic,tablet,India
2695770,2024-01-17,email,mobile,India
2383011,2024-02-01,organic,mobile,India
2732988,2024-05-04,organic,desktop,India
2629718,2024-01-10,ads,mobile,India
4426674,2024-02-09,organic,mobile,Canada
2738628,2024-03-09,organic,mobile,India
2884677,2024-04-21,organic,mobile,India
3195938,2024-03-22,organic,mobile,USA
4127868,2024-03-26,organic,mobile,India
1036660,2024-02-04,email,mobile,India
3092348,2024-02-18,referral,mobile,India
3304299,2024-08-06,ads,tablet,India
4078086,2024-01-18,organic,tablet,USA
2639391,2024-01-20,organic,mobile,India
1782929,2024-01-05,ads,tablet,UK
2617691,2024-02-04,ads,tablet,USA
1145602,2024-04-14,ads,desktop,UK
1601426,2024-02-10,ads,desktop,UK
1274049,2024-01-30,organic,mobile,Canada
3585051,2024-01-01,organic,mobile,Australia
4611665,2024-01-27,ads,mobile,India
4854216,2024-01-13,organic,mobile,USA
2161685,2024-01-19,email,mobile,India
2943753,2024-03-02,organic,mobile,USA
2397568,2024-04-15,organic,mobile,USA
4523532,2024-01-08,social,mobile,Germany
3232040,2024-02-12,organic,desktop,USA
1397375,2024-03-30,referral,mobile,India
2454022,2024-02-08,ads,mobile,India
3901752,2024-01-23,ads,tablet,Germany
3663368,2024-01-18,ads,mobile,India
2935544,2024-01-06,referral,desktop,India
2979070,2024-01-02,ads,mobile,India
2853890,2024-01-28,organic,mobile,Germany
2860358,2024-02-16,organic,mobile,India
2784843,2024-01-17,ads,mobile,India
2415180,2024-01-14,email,mobile,India
1759469,2024-05-07,organic,mobile,Australia
3991016,2024-06-25,ads,desktop,India
2918747,2024-03-19,ads,tablet,UK
2053006,2024-02-10,email,desktop,India
3987052,2024-05-30,ads,mobile,Australia
3142400,2024-01-27,ads,desktop,USA
3310479,2024-01-01,ads,mobile,Australia
3487390,2024-02-13,organic,mobile,India
1552549,2024-02-18,organic,mobile,India
2586481,2024-03-19,organic,mobile,India
1019016,2024-04-02,organic,mobile,India
4782598,2024-07-28,email,mobile,UK
2297182,2024-02-25,referral,desktop,Germany
1296492,2024-01-01,organic,mobile,USA
2312839,2024-02-14,organic,tablet,USA
1292822,2024-03-03,email,mobile,India
2241349,2024-03-04,referral,tablet,India
3978505,2024-02-13,organic,mobile,India
4754141,2024-02-16,organic,desktop,UK
1061863,2024-01-24,organic,mobile,Australia
4280731,2024-04-22,organic,tablet,India
4754385,2024-05-16,email,mobile,USA
2135921,2024-06-06,organic,mobile,USA
4780569,2024-02-05,referral,desktop,UK
3256965,2024-02-22,organic,mobile,India
1608698,2024-03-09,ads,mobile,India
1533860,2024-02-21,organic,desktop,Australia
1411940,2024-05-02,ads,mobile,USA
4064863,2024-02-07,social,tablet,India
1205924,2024-01-19,social,mobile,India
2339824,2024-08-17,social,mobile,India
1555847,2024-01-05,organic,desktop,Germany
4588496,2024-01-09,email,mobile,USA
4455397,2024-06-24,email,mobile,India
1233277,2024-02-04,ads,mobile,India
4080410,2024-01-11,organic,desktop,USA
4678568,2024-02-22,ads,tablet,Germany
1801630,2024-05-12,organic,mobile,Germany
2345719,2024-01-03,referral,mobile,UK
4915771,2024-01-28,email,tablet,Germany
2250058,2024-06-04,referral,desktop,India
3665814,2025-01-03,organic,mobile,India
1425979,2024-02-11,organic,mobile,India
1353527,2024-01-26,organic,mobile,India
3361570,2024-05-11,organic,tablet,USA
3024763,2024-01-01,organic,mobile,USA
2789777,2024-05-16,ads,mobile,India
1030229,2024-01-17,organic,desktop,UK
4662641,2024-01-18,organic,desktop,India
3903334,2024-03-17,organic,tablet,India
1702475,2024-08-16,organic,desktop,USA
2567906,2024-02-01,ads,mobile,USA
4587819,2024-01-20,ads,desktop,India
2803603,2024-01-28,ads,tablet,India
1678893,2024-02-18,organic,desktop,USA
1026543,2024-01-09,organic,mobile,India
2459031,2024-02-22,ads,desktop,India
3700083,2024-01-04,organic,mobile,India
1508207,2024-03-20,organic,mobile,India
4259090,2024-04-23,email,mobile,USA
3394041,2024-02-15,email,desktop,India
4106549,2024-04-12,email,mobile,USA
2127630,2024-04-09,organic,mobile,Germany
3763395,2024-05-10,referral,mobile,USA
2709111,2024-01-06,organic,mobile,Canada
4661717,2024-02-03,organic,tablet,India
4696076,2024-03-12,email,mobile,India
2509294,2024-03-07,referral,mobile,UK
2473945,2024-03-19,organic,mobile,India
1394202,2024-03-05,organic,desktop,India
2220002,2024-03-20,referral,mobile,Germany
3049857,2024-01-19,social,mobile,India
1734530,2024-01-05,referral,mobile,Australia
3290941,2024-02-21,organic,desktop,UK
4818643,2024-01-18,organic,desktop,India
1659399,2024-02-02,ads,desktop,India
4846352,2024-03-16,ads,mobile,Australia
3719492,2024-01-01,email,mobile,Canada
3563594,2024-02-02,organic,desktop,India
4594361,2024-03-02,email,desktop,India
3124925,2024-02-01,ads,mobile,India
1549901,2024-03-15,organic,tablet,India
1168123,2024-09-18,ads,desktop,India
1836679,2024-01-20,organic,tablet,Australia
4093547,2024-01-16,organic,mobile,India
2600220,2024-02-10,ads,tablet,UK
4949250,2024-02-29,ads,mobile,UK
1654071,2024-04-07,ads,desktop,Australia
2397555,2024-01-09,ads,mobile,India
2398987,2024-01-22,ads,mobile,India
2238721,2024-03-07,ads,desktop,India
3540716,2024-01-17,organic,mobile,USA
3495426,2024-01-29,organic,desktop,India
2385242,2024-05-04,organic,mobile,India
4364479,2024-01-11,ads,desktop,Germany
4734135,2024-01-30,organic,mobile,India
3624409,2024-01-17,organic,mobile,USA
1156240,2024-06-18,ads,mobile,India
1372773,2024-01-26,ads,mobile,India
4459444,2024-01-30,organic,mobile,India
2417071,2024-04-13,email,mobile,Canada
4584694,2024-01-20,email,mobile,India
3018054,2024-01-24,ads,desktop,India
2042008,2024-01-27,organic,mobile,Canada
2291142,2024-01-22,referral,mobile,USA
4305864,2024-02-09,ads,desktop,Germany
1024244,2024-02-18,email,mobile,India
4990999,2024-02-01,ads,desktop,India
3455217,2024-03-17,organic,desktop,India
2990549,2024-03-27,organic,desktop,India
1765893,2024-03-29,referral,mobile,Germany
4037777,2024-01-16,ads,mobile,India
4817855,2024-02-09,ads,mobile,Canada
3688207,2024-02-07,ads,mobile,Canada
1470427,2024-02-09,ads,tablet,India
1769982,2024-01-19,organic,mobile,USA
4779125,2024-03-03,ads,mobile,USA
1000012,2024-02-09,organic,mobile,Australia
2039694,2024-01-21,ads,tablet,UK
3983271,2024-01-15,email,desktop,India
4615773,2024-02-22,organic,mobile,India
2675274,2024-02-25,ads,mobile,India
2042917,2024-03-20,ads,desktop,Germany
3725815,2024-01-26,social,mobile,India
3543297,2024-03-06,referral,mobile,India
4011387,2024-03-16,ads,mobile,India
3622373,2024-01-30,ads,mobile,India
1618208,2024-01-16,organic,mobile,USA
4188751,2024-02-21,email,mobile,UK
1225848,2024-03-24,organic,mobile,Germany
1512370,2024-02-24,email,tablet,USA
4459730,2024-01-24,organic,mobile,USA
2452014,2024-02-23,email,desktop,USA
2592000,2024-06-04,referral,mobile,USA
2643193,2024-01-20,ads,mobile,USA
3744028,2024-02-05,email,desktop,India
3141751,2024-01-21,ads,mobile,Canada
3906298,2024-01-29,organic,mobile,India
2751800,2024-01-10,organic,mobile,Australia
3218887,2024-03-04,organic,mobile,Germany
3210348,2024-02-13,email,tablet,India
4572144,2024-01-10,organic,mobile,India
4695307,2024-05-16,organic,mobile,India
4365585,2024-01-06,organic,mobile,India
1760085,2024-07-13,ads,desktop,USA
4653681,2024-02-03,ads,desktop,India
1323454,2024-02-05,organic,desktop,India
4601020,2024-03-18,organic,desktop,India
2906774,2024-06-22,ads,mobile,India
1603215,2024-04-22,email,mobile,India
2430704,2024-01-14,organic,mobile,India
4134640,2024-02-24,organic,desktop,USA
2514064,2024-01-28,organic,mobile,India
1944467,2024-01-14,email,desktop,India
4726169,2024-01-05,email,desktop,UK
4519548,2024-01-08,organic,mobile,India
2763697,2024-02-14,organic,mobile,USA
1840092,2024-01-05,referral,mobile,USA
3692913,2024-01-12,social,desktop,India
3084684,2024-01-16,email,mobile,USA
4004656,2024-02-03,organic,desktop,India
3614462,2024-02-23,ads,mobile,India
4656868,2024-05-25,organic,mobile,Australia
2480345,2024-01-04,organic,mobile,India
4789073,2024-01-29,ads,tablet,India
2687766,2024-02-04,organic,mobile,India
2617718,2024-01-06,social,desktop,India
1364313,2024-01-24,organic,mobile,USA
4360065,2024-01-07,organic,desktop,India
4594375,2024-01-13,organic,mobile,USA
4790848,2024-01-02,ads,mobile,India
3121993,2024-01-17,organic,desktop,USA
1965580,2024-01-11,referral,mobile,UK
3930376,2024-10-22,email,mobile,India
2162314,2024-02-16,organic,mobile,India
1134712,2024-03-26,organic,desktop,USA
2616343,2024-01-29,organic,mobile,Australia
2821561,2024-01-07,organic,desktop,India
4059804,2024-05-06,ads,mobile,Germany
1458743,2024-01-09,email,mobile,India
1406666,2024-10-14,organic,mobile,Germany
2814430,2024-04-22,organic,tablet,India
4040954,2024-01-25,ads,mobile,India
3324273,2024-04-06,referral,desktop,India
3199148,2024-01-09,organic,desktop,Canada
2188368,2024-03-29,email,mobile,UK
2742410,2024-02-13,organic,mobile,USA
4960267,2024-01-29,organic,desktop,India
3740550,2024-01-12,referral,tablet,Australia
2317128,2024-03-07,referral,desktop,Canada
2566666,2024-02-20,ads,mobile,India
3871762,2024-04-13,referral,mobile,Canada
2315373,2024-01-09,referral,mobile,USA
1776839,2024-01-18,organic,tablet,UK
3734745,2024-02-08,referral,mobile,UK
4625462,2024-01-23,ads,desktop,USA
4059780,2024-04-21,ads,mobile,India
1969293,2024-01-25,organic,desktop,USA
3061921,2024-03-10,ads,desktop,Canada
4017654,2024-04-01,organic,mobile,USA
2120789,2024-03-26,organic,mobile,UK
1990959,2025-02-27,ads,desktop,Canada
4606584,2024-05-30,ads,desktop,India
4886105,2024-02-08,ads,mobile,India
3021371,2024-01-06,organic,mobile,USA
3347422,2024-04-13,social,desktop,India
3564607,2024-01-14,email,mobile,India
4906347,2024-04-12,organic,mobile,India
3576886,2024-01-19,referral,mobile,USA
3945879,2024-03-11,ads,desktop,India
3346773,2024-01-25,email,mobile,Germany
4343444,2024-01-15,organic,desktop,Australia
4573906,2024-01-10,organic,desktop,Germany
2444731,2024-01-09,ads,mobile,India
1403140,2024-03-30,organic,mobile,India
2858570,2024-01-28,organic,desktop,UK
1474640,2024-02-06,organic,mobile,USA
2784978,2024-02-25,ads,mobile,Australia
3229848,2024-01-12,organic,mobile,India
3891778,2024-01-20,ads,desktop,India
3181240,2024-03-13,organic,desktop,Canada
4097222,2024-01-05,social,desktop,India
1620016,2024-01-29,email,desktop,India
1297319,2024-01-25,referral,mobile,India
2710675,2024-01-05,organic,mobile,Germany
3985160,2024-02-02,organic,mobile,Australia
2874888,2024-01-10,ads,mobile,India
1472064,2024-02-28,organic,desktop,India
1445644,2024-01-02,email,mobile,USA
4834365,2024-03-22,ads,desktop,USA
4316137,2024-02-10,organic,mobile,USA
3811115,2024-02-06,ads,desktop,Australia
2379331,2024-04-04,ads,desktop,India
3757964,2024-08-25,email,mobile,India
4046321,2024-05-26,organic,mobile,India
3580866,2024-02-19,organic,mobile,India
4484916,2024-01-18,ads,desktop,Canada
1916558,2024-01-23,ads,mobile,USA
4791734,2024-01-25,ads,mobile,USA
4615726,2024-01-02,ads,mobile,USA
2783859,2024-01-02,referral,mobile,India
4441421,2024-01-30,email,desktop,Canada
2324970,2024-04-04,ads,desktop,USA
3571555,2024-05-10,ads,mobile,USA
1958975,2024-05-07,organic,desktop,Canada
2999865,2024-01-17,organic,mobile,USA
3167588,2024-02-23,referral,mobile,UK
2797737,2024-02-03,ads,mobile,USA
2063457,2024-02-07,organic,mobile,Germany
3604326,2024-05-12,organic,desktop,India
3210462,2024-02-02,social,mobile,USA
4627714,2024-01-11,ads,tablet,India
1563715,2024-06-03,email,desktop,UK
2002040,2024-03-03,ads,desktop,Germany
3339308,2024-02-01,organic,mobile,India
1299843,2024-01-13,organic,desktop,India
4325419,2024-05-24,email,mobile,USA
3914885,2024-01-11,referral,mobile,USA
1321692,2024-01-19,organic,mobile,UK
4314731,2024-03-09,ads,mobile,USA
3262399,2024-03-04,organic,desktop,India
2586859,2024-01-29,ads,mobile,India
2743856,2024-01-26,ads,desktop,USA
4638621,2024-01-28,email,mobile,India
3793708,2024-02-05,organic,mobile,USA
3353763,2024-03-03,ads,mobile,India
1094157,2024-02-18,organic,mobile,India
2112682,2024-01-25,ads,mobile,USA
4997714,2024-02-09,ads,mobile,India
4199738,2024-07-18,organic,mobile,India
2945151,2024-01-06,organic,mobile,USA
3437771,2024-03-13,ads,mobile,India
1014567,2024-03-22,organic,mobile,Canada
3337968,2024-08-26,ads,tablet,UK
3263828,2024-02-15,email,tablet,USA
1308209,2024-01-16,referral,mobile,India
1992454,2024-02-28,email,mobile,India
3506347,2024-02-29,email,mobile,UK
1391914,2024-02-03,organic,mobile,India
4408937,2024-06-07,organic,mobile,India
4798628,2024-01-11,organic,desktop,India
1562729,2024-01-25,organic,tablet,India
3759246,2024-04-15,organic,mobile,India
2810855,2024-01-18,organic,mobile,UK
3777539,2024-01-27,organic,mobile,Canada
3438940,2024-01-15,organic,mobile,India
4031197,2024-03-02,organic,mobile,Canada
1354894,2024-01-24,organic,desktop,India
3562732,2024-05-15,organic,tablet,India
2535553,2024-02-29,organic,mobile,UK
2750359,2024-09-01,organic,desktop,Canada
1322001,2024-01-09,organic,desktop,India
4260511,2024-04-01,ads,mobile,India
4755512,2024-05-28,organic,mobile,USA
2216184,2024-04-03,organic,mobile,India
2681550,2024-02-23,ads,mobile,Australia
3905832,2024-01-18,email,desktop,India
2390619,2024-02-10,organic,mobile,Australia
3589922,2024-01-08,referral,tablet,Germany
3112976,2024-03-09,ads,mobile,UK
4143840,2024-02-18,email,mobile,Australia
2419071,2024-01-10,organic,mobile,India
4067834,2024-02-08,ads,mobile,USA
4917441,2024-02-05,organic,mobile,India
3972119,2024-03-15,organic,mobile,Australia
3301372,2024-02-12,organic,mobile,UK
1331795,2024-01-18,organic,tablet,India
4706860,2024-01-18,ads,mobile,USA
2169743,2024-01-19,referral,tablet,Germany
2206968,2024-04-09,organic,desktop,India
1228765,2024-02-11,email,mobile,India
3775682,2024-01-01,organic,mobile,Germany
3655315,2024-01-13,organic,tablet,India
4893065,2024-07-14,organic,desktop,Canada
1754256,2024-03-14,social,mobile,India
2176817,2024-01-03,organic,mobile,USA
4183129,2024-01-17,organic,mobile,USA
1053625,2024-01-13,organic,mobile,USA
3293263,2024-02-12,referral,mobile,Australia
2290399,2024-02-23,organic,desktop,India
1287385,2024-01-03,ads,tablet,Australia
3144778,2024-03-04,organic,desktop,India
1251125,2024-05-23,email,tablet,Australia
2082643,2024-01-13,email,mobile,USA
4666817,2024-02-06,organic,mobile,USA
2537191,2024-01-31,organic,mobile,UK
2634030,2024-01-13,organic,mobile,India
4912930,2024-02-01,organic,mobile,USA
2879715,2024-03-13,email,desktop,USA
1969596,2024-01-11,organic,desktop,Germany
1034178,2024-01-31,organic,tablet,USA
4701394,2024-01-07,ads,desktop,Canada
1846756,2024-02-05,organic,mobile,USA
4861374,2024-04-11,organic,desktop,India
1318664,2024-04-21,organic,tablet,USA
3626016,2024-01-25,organic,desktop,India
4690206,2024-07-09,social,tablet,UK
3679817,2024-02-18,ads,mobile,Germany
1782311,2024-01-19,ads,desktop,India
1044435,2024-01-26,social,mobile,Australia
2058023,2024-01-04,ads,desktop,Canada
4727686,2024-01-04,ads,desktop,USA
1546558,2024-01-24,organic,tablet,USA
2825221,2024-03-22,ads,desktop,Germany
2814760,2024-01-16,referral,desktop,India
1329236,2024-02-18,ads,mobile,Germany
1376680,2024-03-13,ads,mobile,Canada
1661214,2024-01-02,email,desktop,India
3696774,2024-02-09,organic,desktop,India
4017379,2024-02-12,ads,mobile,India
3249232,2024-02-19,organic,mobile,India
2648381,2024-01-14,ads,desktop,India
3653615,2024-08-05,social,tablet,India
2011566,2024-02-02,ads,mobile,India
1698995,2024-01-14,ads,tablet,USA
3593637,2024-01-25,organic,tablet,India
4309991,2024-01-08,email,mobile,India
4774029,2024-07-23,email,mobile,India
1032301,2024-01-25,ads,mobile,India
2285988,2024-01-21,referral,desktop,Germany
3610930,2024-01-07,organic,mobile,USA
2465621,2024-01-26,organic,mobile,UK
1455187,2024-01-05,ads,mobile,Canada
3487632,2024-01-31,organic,mobile,Australia
3531937,2024-04-24,ads,mobile,USA
4823934,2024-04-02,ads,mobile,India
3322317,2024-01-11,ads,desktop,Canada
2601004,2024-02-03,organic,desktop,India
4703516,2024-04-06,referral,mobile,UK
3053511,2024-02-29,organic,desktop,UK
4820794,2024-03-23,organic,mobile,Canada
4341883,2024-03-14,organic,mobile,USA
3519330,2024-03-18,organic,mobile,India
1769605,2024-02-22,ads,mobile,India
4509447,2024-01-03,ads,mobile,UK
1496093,2024-01-11,organic,mobile,India
3680335,2024-02-27,ads,desktop,India
3488627,2024-03-29,organic,mobile,India
1430373,2024-06-04,referral,desktop,India
3074579,2024-01-01,ads,mobile,USA
3918521,2024-02-04,email,mobile,Germany
3507782,2024-08-01,organic,tablet,UK
4902940,2024-01-03,referral,tablet,USA
3433322,2024-01-20,ads,mobile,India
1850467,2024-03-24,organic,mobile,India
1258573,2024-03-07,referral,mobile,UK
1433213,2024-04-13,referral,desktop,Germany
2108969,2024-01-26,ads,mobile,Canada
4918082,2024-01-19,organic,desktop,Germany
4441955,2024-04-17,ads,desktop,Germany
1315086,2024-08-05,ads,mobile,USA
4650264,2024-03-12,ads,tablet,India
4965704,2024-01-02,organic,mobile,USA
1574869,2024-01-26,organic,mobile,Germany
4472522,2024-03-29,organic,mobile,USA
3749461,2024-01-31,ads,tablet,Canada
2586472,2024-01-02,organic,mobile,India
4214797,2024-01-06,organic,mobile,USA
3388949,2024-03-10,ads,mobile,Germany
3032511,2024-05-24,ads,mobile,India
2807929,2024-01-10,organic,desktop,India
4685450,2024-01-23,ads,mobile,India
1711858,2024-01-11,ads,mobile,India
2861404,2024-01-09,ads,desktop,India
2540792,2024-07-23,email,desktop,Germany
4381355,2024-06-12,organic,mobile,USA
2705089,2024-01-04,referral,mobile,India
2558691,2024-01-01,organic,mobile,India
1787826,2024-01-12,ads,mobile,USA
1593576,2024-03-02,ads,mobile,Canada
1093611,2024-01-11,email,desktop,India
1169302,2024-03-20,ads,mobile,UK
3061706,2024-01-03,ads,mobile,UK
4992959,2024-05-14,referral,desktop,India
2148552,2024-02-17,organic,desktop,Canada
4347658,2024-01-01,ads,mobile,India
4200797,2024-04-10,organic,mobile,India
4308856,2024-03-10,ads,mobile,India
2482821,2024-02-20,ads,mobile,UK
4173250,2024-01-13,organic,mobile,India
2536663,2024-02-05,ads,mobile,India
3995782,2024-01-10,organic,mobile,USA
4212226,2024-02-21,organic,desktop,India
2398925,2024-02-27,organic,mobile,India
1620345,2024-01-19,ads,desktop,India
2233615,2024-01-25,organic,mobile,India
1196421,2024-01-20,referral,mobile,India
3471221,2024-01-28,ads,desktop,USA
1336308,2024-01-01,ads,mobile,India
2867098,2024-01-31,organic,mobile,India
4674956,2024-01-12,organic,mobile,India
3194915,2024-02-01,referral,tablet,India
2101584,2024-03-12,organic,mobile,Canada
1370319,2024-02-27,organic,desktop,India
3441948,2024-02-13,referral,mobile,USA
1374462,2024-01-31,organic,desktop,India
2368561,2024-03-12,organic,mobile,UK
1927062,2024-03-26,email,mobile,India
1965189,2024-02-16,organic,desktop,India
2823346,2024-02-27,organic,desktop,Canada
4401103,2024-03-18,social,mobile,Germany
2126921,2024-01-12,email,desktop,India
4893465,2024-01-31,ads,mobile,India
1910152,2024-03-11,email,tablet,USA
1955599,2024-05-24,social,desktop,USA
2598695,2024-01-23,organic,mobile,India
1009289,2024-02-03,referral,mobile,USA
1063179,2024-01-04,ads,desktop,USA
2061519,2024-01-12,organic,mobile,India
2889949,2024-06-11,referral,mobile,India
2876013,2024-01-02,organic,desktop,UK
4466520,2024-06-09,organic,desktop,UK
4964116,2024-02-10,ads,mobile,India
4021516,2024-06-28,organic,mobile,USA
2435785,2024-01-05,referral,tablet,UK
3118561,2024-01-23,organic,mobile,India
3148354,2024-01-14,organic,mobile,UK
2315515,2024-02-06,social,mobile,India
2047687,2024-02-16,email,mobile,Canada
1910309,2024-01-05,organic,desktop,USA
4818279,2024-08-26,social,mobile,India
1304364,2024-04-06,referral,mobile,India
1680983,2024-01-12,ads,desktop,Australia
4034878,2024-06-11,organic,mobile,UK
4542210,2024-02-20,organic,mobile,India
4576792,2024-04-30,organic,desktop,India
2805374,2024-01-30,organic,tablet,India
1940853,2024-04-22,social,desktop,USA
3565336,2024-02-01,organic,tablet,UK
1465099,2024-03-24,email,desktop,India
2709826,2024-01-06,referral,desktop,India
4098200,2024-01-08,organic,tablet,India
2013947,2024-01-11,ads,mobile,India
2372072,2024-02-07,organic,desktop,India
4055182,2024-02-11,organic,mobile,India
1931944,2024-01-04,organic,mobile,USA
4337225,2024-01-31,organic,mobile,India
2007361,2024-01-14,ads,tablet,India
2217870,2024-05-01,ads,mobile,India
2175211,2024-03-14,ads,mobile,UK
2998012,2024-01-12,ads,mobile,Germany
1361821,2024-01-09,organic,mobile,India
1473352,2024-08-20,ads,mobile,Canada
4173995,2024-02-11,social,mobile,India
4733051,2024-01-29,referral,mobile,USA
2321136,2024-01-02,organic,desktop,UK
1167744,2024-04-02,organic,desktop,India
2433815,2024-04-08,organic,desktop,India
2360681,2024-04-23,ads,desktop,Australia
4431412,2024-02-03,organic,mobile,USA
3941237,2024-02-17,ads,desktop,India
4842549,2024-05-01,referral,desktop,India
4884509,2024-01-11,organic,mobile,India
3193190,2024-02-10,social,mobile,India
2283646,2024-02-23,ads,mobile,USA
3853385,2024-04-12,referral,mobile,India
3115191,2024-01-05,organic,mobile,India
4363408,2024-02-05,ads,mobile,India
2686657,2024-02-25,ads,mobile,Germany
3365961,2024-06-10,ads,desktop,Canada
4937642,2024-02-02,organic,mobile,India
1090977,2024-03-07,email,tablet,Australia
2799358,2024-02-12,email,mobile,India
2590327,2024-01-17,organic,mobile,UK
4972616,2024-01-07,email,desktop,India
4947513,2024-02-15,organic,mobile,India
2885450,2024-02-09,organic,mobile,India
1197067,2024-01-09,ads,tablet,India
4456373,2024-01-14,organic,mobile,Canada
2697702,2024-03-31,organic,mobile,India
4402573,2024-01-13,referral,mobile,USA
2811007,2024-01-24,organic,tablet,Germany
2207176,2024-01-24,organic,mobile,UK
1346455,2024-05-01,referral,desktop,India
4777512,2024-02-17,ads,mobile,India
3623314,2024-03-14,ads,desktop,India
4878529,2024-05-31,ads,mobile,India
3236367,2024-02-23,ads,mobile,India
4319811,2024-01-02,referral,tablet,India
4232322,2024-01-27,organic,desktop,Canada
4868912,2024-02-02,organic,tablet,Germany
3469160,2024-04-20,ads,mobile,Australia
3277675,2024-01-02,email,desktop,India
1479267,2024-02-07,organic,mobile,India
4409489,2024-01-09,ads,tablet,Canada
3321864,2024-01-11,ads,mobile,India
3629416,2024-01-27,organic,mobile,India
3666430,2024-05-18,email,mobile,India
2888215,2024-05-06,ads,desktop,USA
3303111,2024-02-03,organic,mobile,India
2003270,2024-01-09,organic,mobile,India
3498969,2024-02-11,organic,tablet,USA
3673670,2024-03-09,organic,mobile,USA
3373195,2024-03-31,organic,mobile,UK
4224630,2024-04-13,organic,mobile,Canada
4533496,2024-02-09,referral,mobile,India
1127954,2024-01-02,organic,mobile,India
3730543,2024-01-08,ads,mobile,India
2666296,2024-01-03,organic,desktop,Germany
4851633,2024-09-23,ads,mobile,USA
3925804,2024-03-31,organic,desktop,UK
1470610,2024-01-18,organic,mobile,Canada
3140062,2024-02-04,organic,mobile,UK
2901900,2024-04-29,ads,desktop,India
2964636,2024-04-11,ads,desktop,USA
3663701,2024-02-10,ads,mobile,USA
3606821,2024-01-19,organic,mobile,India
3676027,2024-02-27,email,mobile,UK
2436165,2024-02-06,email,mobile,USA
2271452,2024-02-05,organic,mobile,UK
2165150,2024-02-19,referral,mobile,USA
1468681,2024-01-24,ads,mobile,India
1340173,2024-03-30,ads,mobile,UK
4571628,2024-04-01,organic,desktop,India
2998865,2024-02-17,ads,mobile,India
2720534,2024-03-19,organic,mobile,USA
1258365,2024-01-21,organic,mobile,India
1436210,2024-02-28,ads,mobile,India
3410025,2024-02-18,organic,mobile,India
2499642,2024-02-15,ads,mobile,Australia
2871434,2024-03-05,organic,mobile,UK
4113836,2024-02-28,ads,mobile,Canada
1659483,2024-05-04,ads,mobile,India
4708575,2024-01-25,organic,mobile,India
1185531,2024-01-26,organic,tablet,USA
4029977,2024-02-13,referral,mobile,India
3186796,2024-01-24,ads,mobile,USA
3649227,2024-07-15,organic,mobile,India
2763839,2024-06-04,organic,desktop,Canada
1540297,2024-01-02,organic,mobile,Germany
1722452,2024-01-18,email,tablet,USA
1688134,2024-02-25,organic,tablet,Canada
3039083,2024-04-15,organic,mobile,India
1296295,2024-01-13,ads,desktop,India
3981124,2024-07-26,organic,mobile,India
2182058,2024-01-12,email,desktop,UK
4001533,2024-01-21,organic,mobile,India
2471616,2024-07-14,organic,desktop,India
3050202,2024-02-07,organic,mobile,USA
2575253,2024-05-06,social,mobile,India
3521788,2024-01-10,email,mobile,USA
1374915,2024-03-13,organic,mobile,India
2219243,2024-02-29,ads,mobile,UK
2117288,2024-02-15,organic,tablet,USA
4890009,2024-02-04,ads,mobile,USA
4709094,2024-01-22,organic,mobile,India
3293677,2024-01-01,ads,mobile,India
3037483,2024-03-02,organic,mobile,India
2224957,2024-02-03,organic,desktop,India
2670769,2024-02-02,referral,mobile,Canada
3825215,2024-01-04,ads,mobile,Australia
2254805,2024-01-07,organic,mobile,UK
2931564,2024-02-15,organic,mobile,USA
3991731,2024-01-01,organic,mobile,India
1567367,2024-04-06,ads,mobile,India
2154794,2024-01-06,referral,mobile,Germany
2600347,2024-01-12,social,mobile,UK
2295245,2024-02-13,referral,mobile,USA
4261740,2024-03-25,ads,mobile,Canada
3637584,2024-02-20,email,mobile,USA
4388315,2024-01-12,organic,desktop,India
3305853,2024-05-17,ads,desktop,India
4806267,2024-01-20,email,desktop,India
1946435,2024-04-08,organic,tablet,India
3152163,2024-02-21,organic,tablet,UK
1867308,2024-03-16,organic,tablet,USA
4072540,2024-01-27,email,mobile,India
3284320,2024-06-04,email,mobile,India
4132551,2024-02-10,organic,desktop,USA
3911138,2024-05-01,referral,mobile,India
2977243,2024-04-03,organic,mobile,USA
2832447,2024-01-22,ads,desktop,Australia
1437413,2024-01-07,organic,mobile,USA
2249830,2024-02-09,organic,mobile,USA
2982192,2024-01-05,organic,mobile,Australia
4240385,2024-01-04,email,mobile,India
1090123,2024-07-05,organic,mobile,Australia
4362177,2024-01-08,email,desktop,India
4891516,2024-03-20,referral,desktop,India
3386390,2024-02-02,organic,desktop,India
4655568,2024-01-11,organic,mobile,UK
4009552,2024-01-31,ads,mobile,Germany
3478174,2024-02-22,email,mobile,India
4403390,2024-01-11,organic,mobile,India
1349875,2024-02-20,organic,mobile,USA
2649247,2024-09-02,organic,mobile,India
4414536,2024-01-28,organic,desktop,Germany
4391834,2024-02-06,organic,mobile,India
2486069,2024-03-08,ads,mobile,UK
2884809,2024-01-02,organic,desktop,India
3694082,2024-03-18,social,mobile,USA
4507715,2024-03-20,ads,mobile,India
1419366,2024-01-30,ads,mobile,India
4967731,2024-01-04,ads,desktop,UK
3418246,2024-01-30,social,tablet,Germany
3708930,2024-01-15,ads,mobile,Canada
3144543,2024-01-26,social,mobile,USA
3601539,2024-04-27,ads,desktop,Canada
4160237,2024-02-11,ads,mobile,USA
2823587,2024-06-19,organic,mobile,India
2810962,2024-05-21,organic,mobile,India
2547808,2024-05-09,organic,mobile,India
3757780,2024-01-17,email,mobile,USA
3073945,2024-01-27,organic,mobile,India
3646498,2024-01-15,social,tablet,Germany
3318920,2024-01-24,ads,desktop,Germany
4329789,2024-06-19,ads,mobile,India
4313240,2024-02-04,organic,desktop,India
1325798,2024-01-27,ads,desktop,India
2471060,2024-03-27,ads,mobile,India
3729481,2024-07-03,organic,desktop,India
3994422,2024-02-16,organic,mobile,Germany
2484847,2024-03-27,organic,mobile,Australia
4445465,2024-01-23,referral,mobile,India
3953413,2024-02-18,organic,mobile,UK
1078268,2024-03-18,organic,mobile,India
2964507,2024-01-28,organic,mobile,India
4160889,2024-01-04,organic,mobile,UK
3923301,2024-05-28,organic,mobile,USA
1121423,2024-02-05,email,mobile,Canada
3764517,2024-02-13,ads,tablet,India
1604726,2024-01-03,organic,mobile,Australia
1906040,2024-01-06,organic,mobile,UK
3825763,2024-02-03,ads,desktop,India
2640730,2024-01-04,organic,desktop,UK
1920018,2024-03-23,referral,mobile,Canada
3232017,2024-01-17,email,mobile,India
1635934,2024-04-18,email,mobile,UK
4467124,2024-01-03,ads,mobile,USA
3181361,2024-06-02,email,mobile,USA
2915998,2024-03-16,ads,mobile,India
1953165,2024-03-14,ads,desktop,India
4029894,2024-02-10,email,desktop,Canada
3657128,2024-01-29,referral,desktop,USA
3840521,2024-01-22,organic,mobile,USA
2287864,2024-01-07,organic,mobile,Germany
4235472,2024-02-17,ads,desktop,UK
4304177,2024-04-15,ads,desktop,India
1203263,2024-08-14,email,mobile,India
2085551,2024-03-30,ads,desktop,USA
3140281,2024-01-14,organic,mobile,UK
4438207,2024-01-09,ads,mobile,USA
1607060,2025-01-05,organic,mobile,India
4862560,2024-01-24,organic,desktop,Canada
1042374,2024-02-03,ads,desktop,UK
2406865,2024-03-02,organic,mobile,India
4340921,2024-04-01,organic,desktop,UK
4147578,2024-03-16,ads,mobile,India
4390525,2024-02-07,organic,desktop,India
2060440,2024-01-04,organic,tablet,India
2278645,2024-01-05,organic,mobile,India
2067707,2024-02-11,referral,mobile,USA
3427261,2024-04-21,organic,mobile,India
1204676,2024-02-11,email,desktop,India
1609051,2024-02-16,email,mobile,USA
4685443,2024-05-24,ads,mobile,Germany
2633662,2024-02-02,organic,desktop,UK
1090798,2024-07-14,ads,desktop,USA
1380776,2024-04-22,organic,desktop,India
4623967,2024-03-31,ads,mobile,India
2487461,2024-01-25,organic,mobile,UK
4688118,2024-02-06,ads,mobile,India
3895535,2024-04-19,social,tablet,USA
4303804,2024-04-05,organic,desktop,USA
4745501,2024-01-31,organic,desktop,India
3798281,2024-01-17,referral,mobile,USA
2625209,2024-01-13,organic,desktop,India
3828413,2024-02-03,ads,desktop,USA
3060787,2024-05-30,organic,mobile,India
1534801,2024-03-25,social,desktop,Canada
4127500,2024-03-06,organic,mobile,India
4306484,2024-01-18,social,mobile,India
4847122,2024-02-07,organic,desktop,USA
4360216,2024-01-04,organic,mobile,Australia
1868917,2024-06-03,ads,mobile,USA
3497472,2024-03-27,organic,mobile,India
4925159,2024-02-16,ads,mobile,India
1969172,2024-01-20,organic,desktop,India
3373408,2024-04-29,email,desktop,India
1443740,2024-03-27,social,mobile,India
2331951,2024-01-07,ads,mobile,India
2108494,2024-02-23,ads,desktop,India
3896112,2024-01-21,organic,desktop,India
1474118,2024-02-03,email,mobile,USA
2232689,2024-01-10,organic,desktop,India
4095761,2024-04-27,organic,mobile,Canada
3419802,2024-01-15,ads,mobile,India
2821174,2024-10-13,organic,mobile,India
1052785,2024-02-12,organic,tablet,India
4432156,2024-06-24,organic,desktop,USA
2701731,2024-03-06,referral,desktop,India
4159775,2024-02-02,organic,mobile,India
3327002,2024-01-04,referral,mobile,UK
1518221,2024-01-30,ads,desktop,India
1857763,2024-01-13,email,tablet,India
1711575,2024-01-13,ads,tablet,India
2093433,2024-02-02,organic,mobile,USA
2199562,2024-01-25,organic,mobile,UK
3452231,2024-01-13,organic,tablet,India
4654457,2024-01-06,organic,mobile,UK
2542783,2024-05-10,ads,mobile,USA
4751160,2024-01-27,organic,mobile,India
4704245,2024-02-25,organic,mobile,India
3964283,2024-03-20,organic,desktop,India
4486270,2024-01-09,email,desktop,Germany
3596226,2024-03-03,ads,mobile,India
3075475,2024-02-18,organic,tablet,USA
1540531,2024-01-09,organic,tablet,India
3811963,2024-01-04,organic,mobile,India
1040987,2024-02-10,organic,mobile,India
2850668,2024-05-04,organic,mobile,India
4515643,2024-02-22,referral,mobile,India
2479435,2024-01-18,organic,desktop,India
3111936,2024-03-20,ads,desktop,Canada
1120439,2024-04-27,ads,desktop,Canada
4971856,2024-02-18,social,desktop,India
3767045,2024-01-08,ads,mobile,India
3992000,2024-02-10,referral,mobile,India
4355181,2024-05-30,ads,mobile,Australia
2572592,2024-01-28,ads,tablet,India
2294524,2024-02-25,organic,mobile,India
1564539,2024-03-27,email,tablet,Australia
2828043,2024-02-23,ads,desktop,USA
1989601,2024-02-05,organic,mobile,India
3981460,2024-02-25,ads,desktop,Canada
4617650,2024-03-03,referral,mobile,India
4429483,2024-04-30,organic,desktop,India
2136442,2024-03-22,ads,mobile,India
1629778,2024-02-11,organic,desktop,Germany
2807578,2024-01-18,ads,desktop,Germany
2898659,2024-02-25,social,mobile,India
1058520,2024-02-10,referral,mobile,Germany
2534177,2024-05-21,organic,desktop,UK
1700883,2024-01-22,ads,desktop,USA
4260676,2024-01-11,organic,desktop,India
4264843,2024-09-11,email,mobile,India
4438592,2024-02-14,ads,desktop,India
3852602,2024-01-13,ads,tablet,India
4300853,2024-03-23,organic,desktop,UK
3948825,2024-01-15,ads,mobile,India
4877334,2024-02-01,organic,desktop,USA
1265310,2024-01-13,ads,mobile,India
4384667,2024-01-21,ads,mobile,India
2626366,2024-03-10,organic,mobile,UK
1482867,2024-02-20,organic,mobile,Germany
1999611,2024-02-16,organic,mobile,USA
3903553,2024-01-27,ads,desktop,Canada
3531577,2024-01-23,organic,mobile,Germany
2616177,2024-02-25,organic,mobile,India
1737675,2024-03-29,ads,mobile,India
1460233,2024-02-20,organic,mobile,India
2577604,2024-03-22,organic,desktop,USA
2631918,2024-01-12,ads,desktop,Canada
3356550,2024-01-03,organic,mobile,India
2746382,2024-02-18,ads,mobile,India
3111247,2024-04-29,organic,mobile,India
2577706,2024-02-02,social,mobile,Germany
4329232,2024-02-22,organic,desktop,India
4790882,2024-02-17,organic,desktop,India
3233139,2024-02-05,referral,mobile,USA
1548700,2024-03-01,organic,desktop,USA
2602591,2024-03-16,organic,desktop,India
1835369,2024-01-03,organic,mobile,Canada
1965143,2024-01-16,organic,desktop,India
2086194,2024-01-04,ads,desktop,UK
1892950,2024-02-13,referral,mobile,India
1416772,2024-02-03,organic,mobile,USA
1358498,2024-02-21,referral,tablet,India
1309570,2024-03-11,social,desktop,India
2118086,2024-03-31,ads,desktop,USA
1887103,2024-03-07,organic,desktop,UK
1282548,2024-05-12,ads,mobile,India
2875568,2024-02-26,organic,mobile,USA
2217923,2024-03-17,organic,mobile,India
2962398,2024-02-09,organic,mobile,Canada
2930924,2024-01-04,organic,tablet,Germany
1890024,2024-02-04,organic,desktop,India
3886009,2024-11-01,organic,desktop,USA
4588245,2024-02-14,organic,desktop,India
2896660,2024-02-20,organic,mobile,UK
3817014,2024-03-28,ads,mobile,India
3358630,2024-09-18,organic,desktop,India
2975625,2024-03-19,ads,mobile,Germany
3533210,2024-01-12,social,mobile,India
3633203,2024-01-23,referral,desktop,USA
4849566,2024-01-25,email,desktop,India
4507958,2024-01-30,organic,desktop,Germany
4507956,2024-04-20,organic,mobile,Germany
2240537,2024-01-20,organic,desktop,India
4408895,2024-02-11,email,mobile,Germany
3791413,2024-01-07,social,mobile,USA
2006894,2024-01-24,email,mobile,India
1237944,2024-01-03,organic,mobile,India
3880544,2024-03-10,ads,mobile,Germany
1565080,2024-03-09,organic,mobile,USA
2137159,2024-02-18,ads,mobile,USA
3038295,2024-03-25,email,desktop,Australia
3876920,2024-03-13,ads,desktop,Australia
1133282,2024-03-24,organic,mobile,India
3041952,2024-03-16,organic,tablet,Germany
4484299,2024-01-16,referral,desktop,India
2747340,2024-02-25,organic,desktop,India
1866681,2024-02-12,ads,mobile,India
2054473,2024-01-27,referral,mobile,India
3035902,2024-08-07,organic,mobile,Australia
2406622,2024-04-21,organic,mobile,USA
3153892,2024-03-29,organic,mobile,India
4503595,2024-03-27,ads,mobile,Australia
1867035,2024-07-24,ads,mobile,USA
4517802,2024-03-13,organic,mobile,USA
2022960,2024-04-04,email,desktop,USA
4541207,2024-01-12,email,tablet,India
2369591,2024-05-03,ads,mobile,Canada
1563079,2024-01-28,organic,mobile,India
1550478,2024-03-18,organic,mobile,USA
4855495,2024-07-03,organic,tablet,India
4950889,2024-01-12,referral,mobile,USA
1640190,2024-09-05,ads,mobile,USA
2187709,2024-02-12,ads,tablet,USA
1305453,2024-02-03,organic,mobile,UK
4049147,2024-02-03,organic,mobile,India
3463643,2024-02-17,email,mobile,India
2091942,2024-01-30,organic,mobile,India
1831787,2024-01-28,referral,mobile,Australia
4591275,2024-01-09,ads,mobile,USA
2806816,2024-02-26,ads,desktop,Australia
3331765,2024-02-08,social,mobile,Canada
4780351,2024-01-03,referral,mobile,USA
3744523,2024-02-16,email,desktop,USA
4538384,2024-01-21,organic,mobile,India
4685316,2024-05-21,organic,mobile,Canada
4146522,2024-04-24,ads,tablet,India
2970280,2024-01-05,organic,desktop,India
1146889,2024-08-16,ads,desktop,USA
4080442,2024-03-27,ads,mobile,USA
1128150,2024-03-15,ads,mobile,USA
2342668,2024-06-02,organic,mobile,UK
1128592,2024-03-04,organic,mobile,India
4037204,2024-03-19,ads,desktop,Australia
3435639,2024-02-02,email,desktop,India
2682723,2024-02-13,organic,mobile,Canada
4470491,2024-03-23,referral,desktop,USA
2628053,2024-02-23,organic,mobile,India
1297776,2024-02-07,ads,mobile,India
1968129,2024-02-21,referral,desktop,USA
2861173,2024-06-02,organic,desktop,India
4753310,2024-01-20,organic,desktop,India
3560711,2024-01-25,ads,mobile,USA
4197564,2024-03-28,organic,tablet,India
1258081,2024-01-31,ads,mobile,India
2985852,2024-01-16,organic,tablet,India
1126516,2024-04-02,organic,mobile,India
1287632,2024-02-08,organic,mobile,India
2649681,2024-01-27,ads,mobile,India
1459259,2024-04-01,email,mobile,USA
3522211,2024-01-11,organic,mobile,India
2940138,2024-01-21,ads,desktop,India
4464625,2024-01-11,organic,desktop,India
2109009,2024-01-12,organic,mobile,India
1856607,2024-01-28,ads,mobile,India
2915727,2024-03-12,organic,mobile,Australia
1697434,2024-03-10,ads,mobile,UK
4660599,2024-08-01,organic,tablet,USA
1894683,2024-01-08,social,tablet,USA
4355481,2024-02-09,organic,mobile,UK
3215606,2024-02-02,ads,mobile,USA
1727608,2024-01-13,organic,desktop,India
4293785,2024-02-01,organic,mobile,India
1338894,2024-03-31,organic,mobile,India
3063228,2024-04-04,referral,desktop,India
1561291,2024-05-01,organic,desktop,UK
2785714,2024-02-28,ads,mobile,India
3100042,2024-03-08,referral,tablet,Germany
3957867,2024-02-13,organic,desktop,India
4865358,2024-06-16,ads,tablet,India
4861448,2024-07-27,email,mobile,India
2053632,2024-03-31,ads,mobile,India
2279002,2024-02-28,organic,mobile,USA
4452664,2024-04-03,referral,mobile,UK
4437812,2024-01-15,referral,desktop,India
3354469,2024-01-14,organic,tablet,India
2386403,2024-03-17,organic,mobile,India
1519481,2024-05-29,referral,mobile,Germany
2312046,2024-02-01,ads,mobile,Canada
1631113,2024-10-09,organic,mobile,India
2913822,2024-01-03,ads,mobile,UK
4742467,2024-04-09,organic,desktop,India
3635598,2024-05-12,ads,tablet,Canada
2001867,2024-03-30,organic,mobile,India
4330153,2024-05-01,ads,tablet,India
4252532,2024-03-15,organic,mobile,India
4119862,2024-04-27,organic,mobile,Germany
3407105,2024-01-02,organic,mobile,India
4509847,2024-03-02,organic,mobile,UK
3327444,2024-01-17,ads,mobile,Canada
4240808,2024-01-03,organic,desktop,USA
1683001,2024-04-04,ads,desktop,Australia
3546127,2024-03-11,ads,desktop,USA
4462326,2024-01-02,ads,mobile,India
3487597,2024-01-06,ads,mobile,India
1348254,2024-04-05,ads,desktop,India
2326749,2024-01-09,email,mobile,Germany
1551337,2024-01-04,organic,mobile,USA
3896560,2024-03-09,organic,desktop,Australia
1082499,2024-01-07,organic,desktop,Germany
4708237,2024-03-19,referral,mobile,UK
2342020,2024-01-21,organic,mobile,India
1822127,2024-02-25,organic,desktop,India
2709668,2024-03-05,organic,mobile,UK
2997422,2024-04-15,ads,tablet,UK
3218128,2024-01-16,organic,tablet,USA
2219558,2024-01-01,referral,mobile,UK
2825533,2024-03-29,organic,mobile,India
4908152,2024-04-21,organic,desktop,Canada
4470014,2024-01-24,ads,mobile,India
1986832,2024-01-15,organic,mobile,India
2058916,2024-02-13,organic,mobile,India
3935439,2024-04-20,ads,mobile,Canada
3289790,2024-01-07,organic,mobile,India
4294235,2024-07-19,organic,mobile,India
2774855,2024-01-08,social,desktop,India
4806332,2024-04-05,ads,desktop,UK
2230252,2024-01-06,email,mobile,USA
3897420,2024-08-08,ads,mobile,India
3373572,2024-01-03,email,mobile,USA
1341507,2024-01-07,organic,desktop,India
1956212,2024-04-20,ads,mobile,USA
2955005,2024-02-24,ads,desktop,India
1379236,2024-01-26,social,mobile,Germany
2154791,2024-01-07,organic,mobile,India
2787931,2024-02-14,email,desktop,Germany
2813641,2024-01-01,referral,desktop,USA
2696654,2024-03-08,email,desktop,Germany
2061147,2024-01-13,organic,mobile,USA
3122022,2024-04-01,organic,desktop,India
4265884,2024-04-17,organic,mobile,Australia
4996954,2024-01-13,organic,mobile,India
1686317,2024-08-25,organic,mobile,Canada
1117428,2024-05-14,email,desktop,India
3091007,2024-04-28,organic,desktop,USA
1312740,2024-08-20,email,desktop,USA
2933252,2024-04-09,organic,mobile,India
4294258,2024-01-29,ads,mobile,USA
3171285,2024-03-10,ads,mobile,India
2880783,2024-01-16,ads,desktop,Germany
4982629,2024-02-04,organic,desktop,Australia
4275114,2024-01-12,ads,desktop,India
4796323,2024-03-24,referral,desktop,India
3136004,2024-02-01,organic,desktop,UK
4516104,2024-05-19,organic,desktop,USA
2526312,2024-02-19,organic,desktop,India
1719308,2024-02-27,organic,mobile,India
4978362,2024-01-21,organic,mobile,India
3647995,2024-03-13,ads,desktop,India
4710923,2024-02-17,ads,mobile,Canada
3251449,2024-02-13,organic,mobile,USA
2582405,2024-01-27,organic,desktop,Canada
1619291,2024-01-10,organic,mobile,USA
1427288,2024-03-31,email,mobile,USA
1453160,2024-01-01,email,tablet,USA
3540420,2024-02-22,ads,mobile,India
3359838,2024-01-13,organic,tablet,India
4085522,2024-05-20,referral,tablet,India
4954897,2024-06-08,referral,mobile,USA
4106579,2024-02-03,social,desktop,India
4302213,2024-01-27,organic,mobile,India
3982037,2024-05-09,organic,desktop,India
3204570,2024-04-06,organic,mobile,Australia
4758812,2024-02-08,ads,desktop,Australia
3541164,2024-03-28,ads,desktop,India
1879371,2024-05-22,email,mobile,India
4427758,2024-02-11,organic,mobile,India
3941397,2024-01-24,ads,desktop,India
3520289,2024-01-16,organic,tablet,UK
3953553,2024-03-06,ads,mobile,India
1384144,2024-02-20,organic,mobile,India
4545039,2024-02-06,email,mobile,India
1681989,2024-01-13,organic,desktop,USA
3922103,2024-01-02,organic,desktop,India
2579385,2024-02-10,organic,mobile,Germany
1610657,2024-01-10,referral,tablet,UK
3189129,2024-03-22,ads,mobile,India
4133714,2024-02-10,ads,desktop,Canada
3263238,2024-01-01,social,mobile,India
4245343,2024-01-13,ads,mobile,UK
1490762,2024-09-27,referral,desktop,India
1923671,2024-02-16,organic,mobile,India
3475062,2024-01-01,organic,tablet,UK
2705578,2024-01-30,ads,desktop,Canada
4052462,2024-01-31,ads,mobile,USA
4524522,2024-04-02,ads,mobile,India
2786497,2024-05-26,organic,tablet,India
1149197,2024-03-19,email,mobile,India
2251995,2024-02-04,organic,tablet,USA
2046478,2024-02-17,referral,mobile,UK
4064391,2024-01-27,organic,desktop,Australia
3167722,2024-03-03,organic,mobile,India
2361476,2024-03-11,ads,tablet,USA
1323790,2024-03-31,social,mobile,India
4273680,2024-01-24,organic,mobile,India
4529136,2024-01-26,email,desktop,India
1841358,2024-02-12,ads,mobile,Canada
1335083,2024-01-11,organic,desktop,India
4522901,2024-02-09,organic,desktop,Australia
3521075,2024-03-18,organic,mobile,Canada
2112670,2024-03-14,referral,tablet,UK
4390633,2024-01-18,ads,mobile,UK
2340432,2024-01-18,social,tablet,India
1448595,2024-03-02,organic,mobile,UK
4023264,2024-01-31,referral,mobile,Australia
1534840,2024-02-05,email,desktop,India
2009356,2024-01-20,organic,desktop,Canada
3394762,2024-01-07,ads,desktop,Canada
3421268,2024-01-10,ads,desktop,India
2629806,2024-01-09,organic,desktop,Germany
4897843,2024-01-30,organic,desktop,UK
3732375,2024-04-11,organic,mobile,Australia
1656980,2024-03-21,organic,mobile,India
1181119,2024-10-23,organic,desktop,India
3193287,2024-02-01,referral,mobile,India
4254033,2024-01-09,organic,mobile,USA
2793973,2024-05-05,ads,desktop,USA
1536222,2024-01-02,ads,mobile,India
3903736,2024-01-09,ads,mobile,India
4714871,2024-02-07,organic,mobile,India
4346320,2024-05-09,organic,tablet,USA
2811084,2024-02-27,organic,mobile,India
2962222,2024-01-10,ads,mobile,UK
4631715,2024-03-07,ads,mobile,India
4172187,2024-04-01,organic,mobile,Canada
4274430,2024-04-23,ads,mobile,USA
1380290,2024-01-22,email,mobile,Canada
2873535,2024-01-20,referral,mobile,Australia
2620300,2024-04-04,ads,mobile,UK
3319153,2024-03-31,organic,mobile,Australia
2421833,2024-01-03,organic,mobile,USA
2645749,2024-01-31,organic,mobile,USA
3063554,2024-02-11,ads,desktop,Germany
2874067,2024-01-30,referral,desktop,USA
3078998,2024-01-09,organic,desktop,UK
3481832,2024-06-18,organic,mobile,India
4230988,2024-03-22,email,mobile,USA
4506592,2024-01-23,organic,mobile,India
1216480,2024-01-19,organic,desktop,India
2864434,2024-01-02,social,mobile,Australia
3022118,2024-01-23,ads,desktop,Canada
1254871,2024-03-28,ads,mobile,India
1082501,2024-12-19,email,mobile,USA
3967490,2024-03-19,organic,desktop,UK
3959134,2024-04-18,email,mobile,Canada
3461543,2024-04-09,organic,mobile,India
2526037,2024-03-07,organic,desktop,India
3314797,2024-04-05,ads,mobile,India
3300623,2024-02-01,organic,mobile,USA
2115797,2024-04-15,ads,mobile,India
1845121,2024-02-24,organic,mobile,Australia
1607188,2024-01-10,organic,mobile,India
3266833,2024-02-28,organic,mobile,India
3350912,2024-05-16,organic,mobile,India
1295593,2024-04-06,ads,mobile,India
2489555,2024-02-15,ads,tablet,Canada
4533818,2024-02-01,ads,desktop,India
4848191,2024-03-24,organic,desktop,Germany
4164435,2024-02-09,email,mobile,India
2077345,2024-02-25,organic,desktop,India
3863059,2024-04-14,referral,mobile,USA
3012098,2024-01-31,ads,mobile,Canada
3510192,2024-01-23,referral,mobile,India
2275632,2024-01-20,ads,tablet,USA
3256633,2024-01-20,email,mobile,India
4171939,2024-03-25,ads,mobile,India
1451676,2024-01-09,ads,mobile,USA
4279378,2024-02-21,email,desktop,India
3620711,2024-04-23,referral,mobile,India
2297977,2024-02-03,organic,desktop,India
3647509,2024-03-03,organic,mobile,India
1086608,2024-04-15,referral,tablet,India
1732599,2024-01-14,organic,desktop,India
4671894,2024-01-15,email,mobile,UK
3107666,2024-01-11,email,desktop,Canada
2666686,2024-01-30,organic,mobile,India
1517141,2024-05-09,organic,desktop,Germany
1791468,2024-01-09,referral,mobile,India
1131895,2024-01-16,social,mobile,India
4173930,2024-01-04,ads,mobile,USA
1614826,2024-05-18,ads,desktop,USA
1046096,2024-02-26,referral,desktop,India
1766559,2024-01-03,organic,tablet,India
4811776,2024-01-20,ads,mobile,USA
4036538,2024-03-16,organic,mobile,USA
1663712,2024-04-08,organic,mobile,India
1008772,2024-04-02,ads,desktop,UK
2073748,2024-02-12,ads,desktop,Australia
3688876,2024-02-15,organic,mobile,Canada
3467978,2024-01-23,organic,tablet,Germany
4055137,2024-03-04,ads,desktop,Canada
2332072,2024-01-07,ads,mobile,India
4531553,2024-03-10,ads,desktop,Canada
1371941,2024-03-11,ads,mobile,USA
3094055,2024-02-13,organic,desktop,India
4977365,2024-01-05,email,desktop,India
1359755,2024-01-01,organic,mobile,India
3983768,2024-01-02,ads,desktop,Germany
3601087,2024-03-23,ads,tablet,USA
2512769,2024-01-13,organic,mobile,USA
2591320,2024-01-08,organic,mobile,India
1621157,2024-06-03,organic,mobile,UK
4483615,2024-02-25,referral,mobile,USA
2418299,2024-01-10,email,mobile,India
1905979,2024-03-24,ads,desktop,Germany
4684128,2024-06-07,organic,desktop,Australia
1030050,2024-06-16,organic,mobile,Germany
3551597,2024-01-08,organic,desktop,Australia
2678613,2024-02-03,social,desktop,USA
4473693,2024-01-08,organic,mobile,Canada
4691294,2024-02-26,organic,mobile,Germany
4877872,2024-02-05,organic,desktop,Germany
1609371,2024-01-21,organic,mobile,Germany
3052467,2024-01-06,ads,desktop,India
3304130,2024-01-13,referral,mobile,India
2609631,2024-01-17,organic,mobile,India
3917454,2024-06-09,social,mobile,USA
4036006,2024-01-30,organic,mobile,India
1295818,2024-01-09,organic,desktop,Canada
2807015,2024-05-21,email,mobile,Australia
4353189,2024-01-21,referral,desktop,India
4653909,2024-02-15,ads,mobile,India
3444762,2024-01-03,ads,desktop,Australia
3444777,2024-03-23,organic,mobile,India
3080996,2024-01-27,organic,desktop,India
2633941,2024-06-26,ads,mobile,Germany
2627344,2024-04-03,organic,mobile,UK
1967105,2024-01-26,organic,mobile,India
2440744,2024-01-19,organic,mobile,Canada
2517147,2024-03-22,referral,desktop,India
2684479,2024-02-25,referral,mobile,India
4477720,2024-01-11,ads,mobile,USA
1143186,2024-02-22,organic,desktop,USA
2146050,2024-03-26,organic,mobile,USA
3677150,2024-01-03,organic,mobile,India
3846153,2024-01-06,organic,mobile,India
3841197,2024-01-06,organic,mobile,India
4663700,2024-04-29,email,mobile,Canada
3868305,2024-02-12,ads,mobile,India
2118835,2024-03-30,ads,desktop,USA
2994080,2024-03-11,ads,mobile,India
4049707,2024-07-15,email,mobile,UK
3383187,2024-01-09,ads,mobile,India
2597268,2024-01-17,email,mobile,Germany
4532464,2024-02-04,ads,desktop,USA
1860889,2024-01-10,ads,desktop,India
3204126,2024-06-26,organic,mobile,USA
3039745,2024-01-16,organic,desktop,USA
2225690,2024-03-25,organic,desktop,India
3176772,2024-01-08,organic,desktop,India
3815751,2024-04-25,organic,mobile,USA
2204768,2024-01-15,referral,tablet,India
2269562,2024-02-16,organic,mobile,India
4806734,2024-02-09,organic,desktop,India
4105917,2024-01-23,organic,mobile,Canada
3829680,2024-02-01,organic,mobile,USA
4863142,2024-03-07,social,desktop,UK
4789432,2024-01-12,email,mobile,India
4333247,2024-03-08,social,desktop,India
3929894,2024-01-27,ads,desktop,USA
3975945,2024-02-12,organic,mobile,India
1500882,2024-01-21,ads,mobile,India
4155359,2024-05-06,ads,desktop,Germany
1831684,2024-03-16,referral,mobile,USA
4628885,2024-03-22,organic,tablet,India
4411069,2024-04-04,referral,mobile,Canada
1316522,2024-02-03,ads,mobile,Australia
2777742,2024-01-22,ads,desktop,UK
1294954,2024-02-04,referral,mobile,Germany
3069480,2024-02-04,email,mobile,India
3877257,2024-03-25,social,desktop,India
4144547,2024-01-24,organic,desktop,USA
3097036,2024-04-22,ads,mobile,Australia
1796491,2024-05-05,organic,desktop,USA
1607755,2024-02-16,email,desktop,India
3601917,2024-01-31,ads,tablet,USA
3615436,2024-03-26,ads,mobile,Australia
2244027,2024-01-18,organic,mobile,India
3796355,2024-09-02,organic,mobile,USA
4175603,2024-01-10,ads,desktop,Canada
4595576,2024-01-02,organic,mobile,India
4169955,2024-04-15,ads,mobile,India
3300000,2024-01-01,organic,mobile,India
1575102,2024-01-27,organic,mobile,Canada
3779016,2024-02-21,organic,mobile,India
1386017,2024-04-03,organic,desktop,India
3353903,2024-01-18,organic,desktop,Australia
3438312,2024-02-16,ads,desktop,India
1673471,2024-02-21,organic,mobile,Canada
4868505,2024-03-19,ads,mobile,India
3254572,2024-02-16,ads,mobile,UK
4936193,2024-02-12,organic,tablet,India
1694318,2024-01-09,ads,desktop,India
2998450,2024-02-29,email,mobile,Canada
3025433,2024-01-28,referral,mobile,India
2696331,2024-02-12,referral,mobile,India
3417070,2024-01-28,organic,desktop,India
1599309,2024-01-10,organic,mobile,USA
2476656,2024-02-11,ads,mobile,India
2463883,2024-01-07,organic,mobile,USA
1778115,2024-02-01,ads,mobile,India
4939128,2024-01-04,organic,mobile,India
3808025,2024-01-07,organic,mobile,UK
4690891,2024-01-23,organic,mobile,USA
4434072,2024-02-28,ads,mobile,India
3484652,2024-01-16,referral,tablet,Canada
4735318,2024-02-29,organic,desktop,Germany
3050805,2024-02-25,ads,mobile,Canada
4340670,2024-01-02,organic,mobile,India
1058494,2024-01-05,organic,tablet,Australia
3705472,2024-01-05,referral,tablet,USA
1906490,2024-04-12,organic,mobile,Germany
1225325,2024-01-19,email,desktop,India
4063695,2024-02-04,organic,mobile,India
3819777,2024-01-16,organic,mobile,India
1612582,2024-01-11,organic,desktop,India
1213726,2024-02-27,organic,mobile,Canada
3810124,2024-02-11,email,desktop,India
2728017,2024-04-23,organic,mobile,India
1494979,2024-01-28,organic,mobile,India
1215716,2024-06-10,organic,desktop,USA
1401692,2024-02-26,organic,mobile,Canada
3822415,2024-02-19,organic,desktop,Canada
4371742,2024-02-13,referral,mobile,India
1824936,2024-04-21,organic,mobile,Australia
4542334,2024-03-26,email,tablet,India
4212478,2024-01-10,social,mobile,India
4108917,2024-02-05,organic,desktop,India
3726619,2024-06-03,organic,mobile,USA
4356854,2024-04-10,ads,mobile,UK
4193318,2024-11-13,organic,tablet,India
4955261,2024-01-09,ads,desktop,India
4935745,2024-01-03,referral,mobile,India
3460471,2024-02-05,organic,mobile,India
3076394,2024-02-27,organic,mobile,USA
1476155,2024-01-13,ads,mobile,USA
4713707,2024-04-02,ads,mobile,India
3671036,2024-01-07,referral,mobile,India
3300139,2024-03-11,organic,mobile,UK
1469367,2024-05-17,referral,mobile,UK
4132958,2024-01-18,ads,mobile,India
2952595,2024-04-20,ads,mobile,India
4902731,2024-09-12,ads,mobile,Australia
4241640,2024-05-21,organic,mobile,India
2646871,2024-02-24,referral,mobile,UK
2350598,2024-03-15,organic,desktop,India
2734446,2024-04-05,referral,tablet,USA
1313754,2024-02-05,organic,desktop,India
4272204,2024-01-24,organic,tablet,Germany
3486485,2024-03-26,organic,mobile,India
4364963,2024-01-14,social,mobile,India
3971792,2024-03-15,ads,mobile,Australia
4367673,2024-01-01,referral,desktop,UK
2820625,2024-09-28,ads,tablet,India
3181728,2024-03-03,organic,desktop,India
2364008,2024-01-20,ads,mobile,India
3565413,2024-02-27,referral,desktop,USA
1079336,2024-02-16,organic,tablet,India
4776503,2024-01-06,ads,mobile,India
3575978,2024-03-26,organic,mobile,USA
1171994,2024-03-02,email,desktop,Canada
3705843,2024-01-23,ads,tablet,USA
4650852,2024-01-27,organic,tablet,India
1313552,2024-02-26,referral,mobile,India
4123571,2024-01-13,organic,mobile,UK
2807427,2024-07-01,ads,mobile,India
3308937,2024-03-16,organic,desktop,India
3315554,2024-03-25,email,mobile,India
4034698,2024-02-06,email,desktop,India
1657904,2024-02-29,organic,mobile,India
3615792,2024-03-23,organic,mobile,India
4728418,2024-03-21,ads,desktop,India
1615690,2024-01-03,organic,mobile,Canada
4783111,2024-03-20,organic,mobile,India
1297704,2024-04-07,organic,desktop,USA
1146630,2024-01-07,email,mobile,India
3834032,2024-01-15,ads,mobile,Germany
1551569,2024-01-03,organic,mobile,USA
3822723,2024-04-24,organic,mobile,India
1889105,2024-01-22,ads,mobile,Canada
3738355,2024-02-01,organic,desktop,India
3398410,2024-04-19,ads,desktop,USA
2545910,2024-02-10,email,mobile,Canada
2682724,2024-01-03,social,mobile,USA
2606853,2024-01-07,social,desktop,India
1418991,2024-02-07,email,desktop,UK
3639903,2024-03-04,ads,desktop,Canada
2495205,2024-02-29,organic,mobile,USA
3278573,2024-01-27,social,mobile,India
3881868,2024-01-26,referral,tablet,India
1945701,2024-03-30,ads,mobile,UK
2494512,2024-04-08,ads,mobile,India
4297050,2024-03-16,social,mobile,UK
3933069,2024-08-07,ads,desktop,USA
3094578,2024-03-10,ads,mobile,USA
3946838,2024-01-15,referral,mobile,India
2988863,2024-10-10,referral,desktop,India
1231960,2024-06-15,email,mobile,India
2315734,2024-01-20,ads,mobile,UK
4511127,2024-01-16,ads,mobile,India
2867337,2024-02-25,organic,mobile,India
1124345,2024-02-04,organic,tablet,Australia
1026945,2024-02-25,organic,desktop,India
2420573,2024-01-14,ads,desktop,India
4794744,2024-01-22,organic,mobile,Germany
4851576,2024-01-04,organic,desktop,India
4235808,2024-01-04,ads,desktop,India
2904460,2024-01-04,email,mobile,India
2419747,2024-03-19,ads,mobile,India
3814318,2024-02-11,organic,desktop,India
2423004,2024-05-25,organic,mobile,USA
2395808,2024-02-10,ads,mobile,India
2111763,2024-03-15,organic,desktop,India
4171401,2024-05-18,ads,mobile,USA
4567958,2024-02-27,referral,mobile,USA
1184626,2024-01-12,organic,mobile,Germany
2807211,2024-04-19,referral,desktop,USA
3604181,2024-04-11,organic,desktop,USA
3200816,2024-03-31,organic,mobile,USA
3964089,2024-03-03,ads,desktop,UK
1809810,2024-02-17,social,desktop,Australia
3759206,2024-05-03,email,mobile,India
3426619,2024-02-13,organic,tablet,India
1666116,2024-01-02,ads,mobile,UK
1722599,2024-02-16,ads,mobile,India
1471994,2024-02-02,organic,mobile,India
3978680,2024-02-09,referral,desktop,Germany
3467526,2024-05-24,ads,desktop,India
2091254,2024-02-06,ads,mobile,India
1547662,2024-01-17,organic,desktop,USA
1821638,2024-04-04,organic,mobile,Canada
3189497,2024-01-01,organic,mobile,India
4209255,2024-01-09,email,desktop,Australia
3522875,2024-03-06,ads,mobile,India
2143894,2024-02-12,ads,tablet,India
3565535,2024-04-21,organic,mobile,Germany
2496990,2024-02-06,ads,mobile,UK
3406111,2024-01-08,ads,mobile,India
2838649,2024-02-01,organic,desktop,India
1586817,2024-01-26,ads,mobile,India
2325156,2024-02-03,ads,desktop,India
4739288,2024-03-30,organic,mobile,India
3914696,2024-01-13,ads,desktop,Germany
4637175,2024-01-05,email,desktop,India
4148999,2024-01-05,organic,tablet,India
4653831,2024-01-05,organic,desktop,Canada
2952150,2024-10-05,ads,desktop,India
4902249,2024-02-11,ads,desktop,India
2716356,2024-01-21,organic,mobile,India
4988977,2024-01-03,organic,mobile,Australia
1134565,2024-01-06,organic,mobile,India
4628122,2024-01-01,ads,desktop,India
4294022,2024-01-01,ads,mobile,Canada
2683808,2024-02-03,organic,mobile,Canada
3894600,2024-01-12,ads,desktop,Canada
4645421,2024-06-01,ads,mobile,USA
3051532,2024-01-22,ads,mobile,India
1212073,2024-01-24,organic,mobile,USA
2728560,2024-04-04,organic,tablet,India
1271066,2024-02-02,organic,tablet,India
3584861,2024-01-21,email,mobile,Australia
3196525,2024-01-01,organic,desktop,Germany
2573160,2024-01-02,ads,mobile,India
3594133,2024-03-02,organic,mobile,India
3495108,2024-02-29,ads,mobile,India
2205258,2024-01-16,social,mobile,UK
4908259,2024-01-01,referral,mobile,Canada
2111278,2024-01-02,organic,mobile,USA
4109993,2024-01-12,ads,mobile,India
1041643,2024-03-25,organic,desktop,Germany
1591555,2024-05-27,organic,desktop,Canada
3910507,2024-01-29,referral,mobile,Germany
4846233,2024-01-09,organic,mobile,UK
1331401,2024-01-05,organic,desktop,Australia
1333900,2024-03-30,referral,mobile,India
1771967,2024-02-20,ads,desktop,UK
1591326,2024-01-14,ads,desktop,Australia
1587488,2024-04-03,ads,mobile,India
2942381,2024-02-15,organic,mobile,India
2382124,2024-01-31,referral,mobile,India
2283651,2024-01-20,organic,desktop,Germany
3114273,2024-03-25,organic,mobile,India
2250699,2024-05-06,ads,mobile,India
2392664,2024-03-31,email,mobile,USA
2748948,2024-02-06,organic,mobile,India
4362095,2024-01-18,organic,mobile,India
4382480,2024-02-07,email,mobile,India
3143706,2024-01-01,ads,mobile,UK
2796771,2024-01-04,ads,mobile,Canada
4783196,2024-02-08,organic,mobile,USA
3364207,2024-01-07,ads,mobile,India
1617555,2024-02-03,organic,mobile,UK
1035511,2024-02-16,ads,mobile,India
3184569,2024-04-25,ads,tablet,UK
4804627,2024-04-06,social,mobile,USA
2698368,2024-04-30,organic,mobile,Canada
1761564,2024-01-14,ads,mobile,UK
1720495,2024-03-13,organic,tablet,India
1516147,2024-04-12,organic,desktop,India
1686003,2024-04-21,email,mobile,India
2206630,2024-02-09,organic,mobile,India
2519921,2024-01-11,organic,desktop,UK
3760447,2024-01-04,organic,mobile,India
4663249,2024-04-15,referral,mobile,Canada
2666094,2024-01-29,organic,mobile,USA
4921040,2024-01-18,ads,mobile,India
1339476,2024-04-25,email,desktop,UK
3283156,2024-02-21,organic,mobile,UK
1681465,2024-06-26,email,mobile,India
2838597,2024-02-25,ads,desktop,India
3737057,2024-02-05,ads,mobile,Canada
3983392,2024-06-20,email,mobile,UK
4004309,2024-02-19,organic,mobile,India
4888390,2024-02-26,organic,mobile,India
3760146,2024-01-25,email,mobile,Australia
1491324,2024-03-03,organic,tablet,India
3975863,2024-01-22,ads,mobile,USA
3436408,2024-01-21,referral,mobile,India
4645354,2024-01-28,organic,desktop,Australia
4695924,2024-03-11,organic,mobile,India
1249692,2024-02-22,ads,tablet,Canada
4432640,2024-01-14,organic,mobile,India
4905617,2024-02-26,referral,mobile,UK
1806915,2024-01-26,ads,tablet,India
1274350,2024-02-09,organic,mobile,India
4705914,2024-01-02,organic,mobile,Canada
4597563,2024-02-20,ads,desktop,UK
4339482,2024-01-06,organic,mobile,Germany
3068279,2024-06-12,organic,tablet,Canada
4656038,2024-01-07,organic,tablet,UK
4598278,2024-02-07,ads,mobile,USA
3798489,2024-01-19,email,mobile,USA
2513451,2024-10-17,ads,mobile,India
4577718,2024-01-20,ads,desktop,UK
2040950,2024-01-06,organic,mobile,UK
1186307,2024-03-01,organic,mobile,USA
3079275,2024-03-24,organic,mobile,India
3226288,2024-04-29,organic,mobile,USA
2086735,2024-01-01,organic,mobile,USA
4448110,2024-01-13,organic,mobile,India
2104680,2024-01-04,ads,desktop,USA
2970027,2024-01-04,ads,desktop,USA
4088134,2024-01-09,organic,desktop,Canada
4312087,2024-01-19,ads,mobile,USA
1359810,2024-06-22,email,mobile,USA
3710866,2024-01-30,organic,desktop,Australia
1536403,2024-01-15,email,mobile,India
3283815,2024-01-09,ads,mobile,UK
1931033,2024-01-28,ads,desktop,India
4072378,2024-01-10,email,mobile,India
1831141,2024-01-10,organic,mobile,Canada
3262111,2025-06-07,organic,desktop,Canada
1153589,2024-02-29,ads,mobile,Germany
2254172,2024-01-13,organic,mobile,India
2451510,2024-01-16,organic,mobile,Germany
3633133,2024-05-05,organic,desktop,UK
2452176,2024-03-20,ads,tablet,India
4079404,2024-06-06,organic,mobile,Germany
1024533,2024-05-23,organic,mobile,Australia
4923856,2024-05-18,email,desktop,Germany
4387237,2024-02-24,organic,tablet,UK
4364723,2024-02-18,organic,tablet,India
1108085,2024-02-08,email,desktop,India
2619686,2024-08-11,ads,desktop,India
1167199,2024-04-21,organic,mobile,USA
1689177,2024-01-18,social,mobile,USA
3267621,2024-01-23,referral,mobile,India
1390350,2024-01-13,organic,mobile,India
3260010,2024-01-14,email,mobile,USA
4363040,2024-02-16,organic,mobile,Germany
3786529,2024-02-27,email,mobile,India
2949403,2024-04-07,referral,desktop,UK
1244359,2024-03-16,organic,mobile,USA
1046457,2024-02-22,ads,mobile,Canada
3803927,2024-01-14,organic,mobile,Germany
1410452,2024-02-27,referral,mobile,India
1932168,2024-01-02,ads,mobile,India
1627677,2024-01-09,ads,desktop,India
4610097,2024-04-07,referral,mobile,India
3628039,2024-03-14,organic,mobile,India
4963201,2024-02-06,ads,desktop,India
3841489,2024-01-17,organic,desktop,India
3921599,2024-01-28,referral,desktop,India
1141089,2024-05-06,organic,desktop,UK
1714677,2024-02-02,organic,mobile,India
2018706,2024-01-05,social,mobile,USA
1973864,2024-01-17,ads,desktop,USA
1537273,2024-07-10,referral,mobile,India
3688816,2024-10-25,organic,mobile,India
1759830,2024-04-03,organic,mobile,USA
3357397,2024-05-07,email,tablet,Germany
2215243,2024-04-10,ads,mobile,Canada
4894243,2024-01-21,organic,mobile,Canada
2628449,2024-03-17,organic,desktop,India
1581562,2024-01-11,email,desktop,Canada
4707495,2024-03-20,organic,mobile,India
1032658,2024-02-03,email,mobile,India
1719585,2024-03-11,organic,desktop,Canada
1484828,2024-03-22,referral,mobile,Germany
1335528,2024-01-19,ads,mobile,Canada
1043622,2024-02-27,social,mobile,USA
1007916,2024-05-06,organic,mobile,Canada
1972797,2024-03-01,email,mobile,Canada
2844811,2024-03-13,organic,mobile,UK
3895706,2024-02-05,ads,mobile,India
3799385,2024-01-24,organic,mobile,Germany
4997132,2024-01-26,email,mobile,UK
4667191,2024-06-13,organic,mobile,USA
1139672,2024-04-19,organic,tablet,Germany
2348595,2024-03-23,organic,mobile,Canada
1329609,2024-10-31,organic,mobile,India
3820856,2024-03-07,organic,desktop,USA
2397704,2024-01-07,referral,desktop,UK
3391397,2024-01-24,organic,mobile,Australia
3055508,2024-01-04,ads,mobile,India
2531730,2024-02-14,email,mobile,Canada
4364528,2024-02-06,organic,mobile,India
3678629,2024-02-08,referral,tablet,Canada
2878646,2024-01-14,organic,mobile,India
4420509,2024-02-01,email,mobile,UK
4030354,2024-01-18,social,mobile,India
4584387,2024-04-21,email,mobile,India
1169395,2024-02-21,organic,mobile,India
4698827,2024-05-29,ads,mobile,Germany
1016707,2024-04-02,organic,mobile,India
2324310,2024-05-30,organic,mobile,India
2421458,2024-01-06,organic,mobile,USA
1011214,2024-02-06,ads,mobile,USA
4856185,2024-01-17,organic,tablet,Australia
3486915,2024-02-14,organic,mobile,USA
3266848,2024-02-23,organic,mobile,India
1308133,2024-03-15,email,desktop,India
3245900,2024-01-08,referral,mobile,India
3211077,2024-01-06,email,mobile,USA
1444390,2024-01-03,organic,mobile,India
1951184,2024-01-05,referral,desktop,USA
1536837,2024-04-18,ads,mobile,India
2267988,2024-05-04,ads,mobile,USA
4788809,2024-12-16,referral,mobile,Germany
2075366,2024-02-14,ads,tablet,India
4746900,2024-02-09,organic,mobile,India
1535000,2024-03-05,referral,desktop,USA
1354145,2024-04-19,email,desktop,Australia
4416739,2024-01-26,email,tablet,India
2752390,2024-01-02,ads,desktop,UK
1667467,2024-02-26,organic,mobile,USA
1274007,2024-02-17,email,mobile,Canada
3120316,2024-01-29,organic,desktop,India
4535345,2024-01-15,ads,mobile,UK
2548379,2024-01-10,ads,desktop,India
2492313,2024-03-23,organic,mobile,India
1657160,2024-02-13,organic,mobile,Canada
4387335,2024-06-26,organic,mobile,USA
3569272,2024-02-26,ads,tablet,India
3290235,2024-03-09,organic,mobile,USA
2676213,2024-06-02,organic,mobile,India
3113720,2024-04-22,social,mobile,UK
1315825,2024-01-02,ads,mobile,India
2601241,2024-01-25,organic,tablet,USA
4882580,2024-01-06,ads,mobile,USA
3434015,2024-01-31,ads,mobile,USA
1408442,2024-02-28,email,mobile,India
2193808,2024-10-14,organic,tablet,USA
3768847,2024-01-01,ads,mobile,Canada
3360386,2024-08-16,organic,mobile,India
4936210,2024-03-15,organic,desktop,India
2597094,2024-02-23,referral,mobile,USA
2280774,2024-01-01,organic,desktop,Germany
4350560,2024-01-04,ads,mobile,Australia
4555271,2024-01-07,organic,mobile,USA
4499425,2024-01-22,ads,mobile,Canada
3419189,2024-02-21,referral,mobile,India
2134052,2024-02-28,organic,desktop,India
1207481,2024-02-18,organic,desktop,India
1111483,2024-06-09,ads,mobile,India
2538707,2024-01-06,organic,desktop,USA
2659869,2024-01-15,ads,desktop,USA
2422447,2024-04-27,organic,mobile,India
2263447,2024-05-01,organic,tablet,India
4942082,2024-02-06,ads,mobile,USA
3242448,2024-02-04,ads,mobile,Germany
3010804,2024-03-27,ads,desktop,USA
2742695,2024-01-25,ads,mobile,USA
2160919,2024-01-07,ads,desktop,Australia
2077869,2024-03-10,organic,desktop,Canada
2447507,2024-02-08,ads,desktop,India
3680485,2024-03-09,organic,desktop,India
1977535,2024-01-04,organic,tablet,USA
4325320,2024-03-25,ads,mobile,UK
1389235,2024-02-24,organic,desktop,Germany
2161498,2024-01-01,referral,desktop,USA
3714731,2024-03-06,ads,desktop,USA
4217423,2024-02-09,social,mobile,Germany
1201964,2024-01-06,organic,mobile,Australia
1641176,2024-02-02,organic,tablet,Germany
4623653,2024-02-15,organic,desktop,India
1998324,2024-01-30,ads,desktop,Australia
2116305,2024-01-16,ads,desktop,USA
1829063,2024-02-01,organic,mobile,India
2844840,2024-01-04,organic,mobile,USA
2297759,2024-01-09,organic,desktop,India
3038539,2024-02-17,organic,tablet,India
4854167,2024-01-17,ads,mobile,India
1818581,2024-01-13,referral,mobile,India
1520025,2024-03-04,email,mobile,Australia
3790140,2024-02-26,referral,desktop,Germany
3136760,2024-03-08,organic,mobile,India
4898745,2024-01-16,organic,desktop,USA
4891404,2024-03-04,organic,tablet,India
2775135,2024-04-04,email,tablet,USA
3197962,2024-02-03,ads,mobile,India
3012612,2024-01-01,ads,mobile,India
3907373,2024-02-04,email,mobile,India
3671280,2024-01-29,email,mobile,India
2773560,2024-04-13,organic,mobile,Australia
1039712,2024-01-01,organic,mobile,India
1122191,2024-01-09,ads,mobile,USA
4070239,2024-01-01,organic,desktop,USA
3947124,2024-01-18,email,tablet,India
3859613,2024-01-17,organic,mobile,India
4462522,2024-01-24,ads,mobile,USA
3295693,2024-04-20,organic,mobile,India
1962866,2024-03-12,organic,mobile,Australia
2598063,2024-02-19,ads,mobile,India
2426685,2024-01-04,ads,mobile,India
3876073,2024-01-14,social,mobile,USA
3910733,2024-01-19,email,mobile,India
1069183,2024-04-27,referral,mobile,USA
4237358,2024-03-25,organic,mobile,UK
3211921,2024-01-19,ads,desktop,USA
4240097,2024-05-17,ads,tablet,India
3956288,2024-02-25,email,mobile,India
2791958,2024-04-04,referral,mobile,India
3628028,2024-01-07,referral,mobile,Australia
3560781,2024-06-05,organic,desktop,Canada
4249106,2024-02-16,email,mobile,USA
4656667,2024-01-13,organic,desktop,India
4734262,2024-07-22,referral,mobile,India
4453182,2024-01-29,organic,tablet,USA
3953308,2024-03-15,social,mobile,India
3591545,2024-06-14,organic,desktop,India
3723528,2024-01-01,ads,mobile,Canada
3502063,2024-02-04,referral,mobile,India
1485221,2024-02-09,ads,desktop,India
2694071,2024-02-15,organic,mobile,UK
2503494,2024-02-03,organic,desktop,India
3642034,2024-02-01,ads,mobile,Germany
1145017,2024-01-06,ads,mobile,USA
1755149,2024-01-19,ads,mobile,India
3386842,2024-03-28,ads,desktop,India
1697845,2024-02-25,organic,desktop,USA
4855244,2024-02-02,referral,desktop,India
3725186,2024-01-21,organic,desktop,India
2749134,2024-04-06,organic,mobile,India
1137923,2024-03-07,email,desktop,India
1918273,2024-04-28,organic,mobile,USA
3461724,2024-01-21,organic,mobile,India
1162018,2024-01-05,organic,desktop,Canada
3331311,2024-01-28,referral,desktop,India
4546464,2024-03-10,organic,mobile,India
1908268,2024-01-29,organic,mobile,India
3557623,2024-02-02,organic,mobile,USA
3786596,2024-03-05,referral,desktop,USA
4377192,2024-07-14,social,desktop,India
4881901,2024-05-03,referral,tablet,UK
1952603,2024-02-14,ads,desktop,India
3333055,2024-01-18,organic,mobile,USA
3980679,2024-02-17,organic,mobile,India
2562330,2024-01-10,organic,mobile,India
2006747,2024-09-04,organic,mobile,USA
3877624,2024-02-01,organic,mobile,India
1689406,2024-03-20,social,mobile,India
4090659,2024-03-04,organic,mobile,India
1780424,2024-03-01,ads,mobile,India
4977462,2024-02-17,ads,mobile,India
1852969,2024-05-06,organic,desktop,UK
2423065,2024-01-01,organic,desktop,India
3802057,2024-01-06,organic,mobile,India
3383582,2024-01-05,social,desktop,Canada
2340930,2024-01-08,email,mobile,India
3789493,2024-02-07,referral,mobile,USA
3358777,2024-02-10,social,mobile,USA
3328816,2024-05-09,organic,desktop,India
1594418,2024-01-28,ads,desktop,India
2822145,2024-01-05,email,mobile,India
4994066,2024-01-19,referral,mobile,UK
3257133,2024-02-26,organic,mobile,India
1788534,2024-04-13,ads,desktop,Germany
1624999,2024-01-13,ads,desktop,Canada
3056478,2024-01-08,ads,desktop,India
2476169,2024-05-16,referral,desktop,USA
3177838,2024-01-25,organic,mobile,Germany
1626848,2024-02-08,ads,desktop,Australia
3073148,2024-06-11,ads,tablet,India
1768595,2024-01-01,organic,mobile,India
4665623,2024-02-06,organic,tablet,Germany
4836833,2024-03-27,email,desktop,India
3719826,2024-05-24,referral,tablet,USA
3184186,2024-01-16,social,desktop,India
1307235,2024-02-01,referral,mobile,India
2572176,2024-02-13,organic,desktop,Australia
1107930,2024-01-11,ads,mobile,India
4971033,2024-04-09,ads,mobile,UK
3860554,2024-06-27,organic,mobile,India
1445604,2024-06-02,organic,desktop,India
3395942,2024-02-09,organic,desktop,India
4512294,2024-01-31,email,desktop,Australia
4108614,2024-03-26,ads,mobile,India
3731421,2024-02-14,organic,desktop,India
4897919,2024-04-05,organic,mobile,India
4733691,2024-01-23,organic,mobile,India
3678475,2024-03-12,organic,desktop,India
1418308,2024-03-21,organic,mobile,India
4539927,2024-02-03,organic,mobile,UK
3612816,2024-03-01,referral,mobile,USA
4285790,2024-09-07,referral,mobile,UK
3868721,2024-05-09,email,mobile,USA
2244694,2024-01-18,ads,mobile,India
1494214,2024-01-27,ads,mobile,USA
1085449,2024-01-03,ads,mobile,India
2116561,2024-01-25,organic,desktop,India
4448208,2024-01-09,ads,mobile,UK
4824075,2024-01-08,email,mobile,India
1980578,2024-04-26,organic,desktop,Germany
4678111,2024-03-04,social,mobile,India
3269514,2024-01-09,organic,desktop,USA
4409402,2024-08-30,ads,desktop,India
2806389,2024-01-02,organic,desktop,India
3507683,2024-05-08,organic,tablet,India
1138537,2024-01-04,organic,mobile,India
1077060,2024-02-12,organic,mobile,India
3452582,2024-01-29,referral,mobile,India
2547345,2024-02-14,referral,mobile,UK
4239626,2024-02-27,organic,desktop,Australia
2293392,2024-02-12,organic,mobile,Canada
1715407,2024-09-29,ads,mobile,USA
1951931,2024-01-18,ads,mobile,USA
4742766,2024-02-02,ads,mobile,USA
3033177,2024-03-16,organic,mobile,India
2912556,2024-10-24,social,desktop,UK
1405662,2024-01-23,referral,mobile,India
1342754,2024-01-14,organic,desktop,USA
4840064,2024-03-03,referral,desktop,India
3332925,2024-01-02,email,mobile,USA
3653334,2024-04-09,organic,mobile,India
3711464,2024-06-16,ads,mobile,UK
2517322,2024-01-20,email,desktop,UK
1135932,2024-01-25,organic,mobile,India
2181968,2024-03-18,organic,mobile,India
4196419,2024-02-22,organic,mobile,India
2649639,2024-02-02,ads,mobile,India
4154389,2024-02-10,organic,tablet,India
4596398,2024-01-04,ads,desktop,Canada
2377521,2024-01-06,social,desktop,USA
2369534,2024-01-12,organic,mobile,USA
3204384,2024-02-04,ads,mobile,Australia
4205906,2024-01-18,organic,mobile,USA
2249361,2024-03-08,organic,mobile,India
1654167,2024-03-21,organic,mobile,Australia
3649470,2024-04-28,organic,mobile,UK
1440467,2024-05-05,ads,desktop,India
3455165,2024-04-18,ads,mobile,USA
2990729,2024-01-14,email,desktop,India
3869422,2024-01-22,organic,mobile,India
4818437,2024-02-24,organic,mobile,Canada
1818140,2024-02-28,ads,mobile,Germany
4027164,2024-01-08,ads,mobile,India
4191247,2024-02-29,organic,desktop,India
3339858,2024-05-09,ads,desktop,USA
4616892,2024-01-12,ads,mobile,India
4548091,2024-04-15,organic,mobile,India
4721784,2024-03-17,ads,mobile,UK
2110328,2024-07-26,ads,mobile,India
4548702,2024-02-09,social,mobile,Germany
4828687,2024-02-28,referral,desktop,Australia
2224877,2024-02-02,referral,desktop,USA
1440685,2024-01-10,organic,tablet,India
4289404,2024-04-28,organic,desktop,Canada
3370350,2024-02-22,ads,mobile,UK
4897750,2024-01-05,referral,mobile,Germany
1150386,2024-03-26,organic,mobile,Canada
2867384,2024-01-05,organic,mobile,India
2371931,2024-01-04,ads,mobile,USA
4887760,2024-01-08,organic,mobile,India
4623431,2024-03-17,ads,desktop,India
3740951,2024-04-23,organic,mobile,Australia
1104732,2024-03-19,organic,mobile,India
4900540,2024-05-26,organic,tablet,India
2232807,2024-01-17,email,mobile,USA
4732792,2024-01-05,email,mobile,UK
1883783,2024-02-10,organic,mobile,USA
4151068,2024-03-02,organic,mobile,USA
4373589,2024-03-06,organic,desktop,Canada
1204345,2024-01-01,ads,mobile,India
1193837,2024-03-17,organic,mobile,India
4232908,2024-10-29,organic,mobile,India
1282637,2024-01-26,referral,desktop,India
1841744,2024-01-09,organic,mobile,Germany
3675199,2024-03-30,organic,mobile,UK
3878216,2024-01-10,email,desktop,India
3998522,2024-03-02,organic,mobile,India
1241379,2024-05-07,ads,mobile,India
2422036,2024-03-30,referral,desktop,India
4875848,2024-03-13,referral,mobile,India
4509034,2024-06-08,ads,desktop,India
1332346,2024-06-06,email,mobile,India
2463323,2024-02-05,organic,mobile,USA
4382925,2024-02-11,ads,mobile,India
1999103,2024-01-08,email,mobile,India
3562948,2024-01-25,social,desktop,UK
2783417,2024-02-06,ads,mobile,India
3562479,2024-01-24,ads,mobile,India
2253866,2024-03-16,referral,mobile,Germany
2373960,2024-01-27,email,desktop,India
3687368,2024-04-25,organic,mobile,India
3922878,2024-01-02,ads,tablet,India
2405819,2024-03-25,ads,mobile,Australia
4256483,2024-02-02,organic,mobile,USA
3207343,2024-02-12,ads,mobile,Australia
1799201,2024-01-13,social,desktop,India
2800989,2024-04-01,ads,tablet,India
2627040,2024-02-17,organic,desktop,India
2900028,2024-01-03,organic,mobile,India
3185063,2024-01-12,organic,desktop,Germany
2741876,2024-01-01,organic,desktop,USA
2502007,2024-01-14,organic,mobile,India
3401633,2024-01-15,organic,mobile,Canada
4335230,2024-01-29,ads,mobile,India
4371530,2024-01-01,ads,mobile,USA
4127012,2024-02-15,ads,mobile,India
2234396,2024-04-23,ads,desktop,India
1422836,2024-01-07,referral,mobile,India
1974381,2024-01-25,organic,tablet,India
4722271,2024-03-27,ads,mobile,UK
3445280,2024-01-08,ads,mobile,Canada
4202156,2024-06-24,ads,mobile,India
4410042,2024-02-15,organic,desktop,India
1482625,2024-02-20,organic,mobile,Germany
4892900,2024-01-14,organic,mobile,India
1998702,2024-03-21,organic,mobile,UK
2146809,2024-01-09,referral,desktop,India
3543146,2024-01-29,organic,desktop,India
3496031,2024-02-10,organic,mobile,Australia
3919345,2024-05-08,organic,mobile,Canada
3082986,2024-02-02,ads,mobile,USA
3530028,2024-07-19,organic,desktop,India
2553269,2024-02-01,ads,mobile,USA
3897419,2024-02-04,ads,mobile,India
4881947,2024-01-06,organic,desktop,India
1890908,2024-02-18,email,desktop,USA
2739012,2024-01-10,referral,mobile,India
4192168,2024-03-05,organic,desktop,Germany
4193284,2024-07-13,ads,mobile,Australia
1002873,2024-01-30,organic,desktop,Germany
4388583,2024-06-19,ads,mobile,India
3138179,2024-02-06,organic,desktop,India
1548420,2024-03-18,ads,desktop,Germany
3046227,2024-02-24,organic,desktop,Germany
1380180,2024-01-05,ads,mobile,USA
4168069,2024-02-13,organic,desktop,USA
1374064,2024-02-05,email,mobile,India
2690950,2024-03-26,email,mobile,Canada
3210067,2024-02-01,organic,desktop,India
4564611,2024-03-29,social,mobile,India
2064852,2024-01-17,social,desktop,USA
1133887,2024-08-12,ads,desktop,India
4390820,2024-05-29,ads,mobile,UK
1166502,2024-04-23,organic,mobile,Germany
1770713,2024-01-02,organic,mobile,India
1607820,2024-04-10,organic,tablet,USA
2266502,2024-04-04,ads,mobile,India
4178383,2024-02-08,ads,mobile,USA
4561671,2024-02-05,ads,desktop,UK
4918343,2024-06-15,ads,tablet,Australia
4559522,2024-02-16,referral,desktop,USA
1490572,2024-01-14,referral,mobile,India
4323258,2024-02-20,organic,tablet,Germany
4700932,2024-02-16,ads,mobile,India
1222517,2024-01-03,ads,mobile,Canada
1603510,2024-04-09,email,mobile,India
1816663,2024-01-09,organic,desktop,UK
3124458,2024-02-20,referral,mobile,USA
4630101,2024-01-28,ads,mobile,UK
1094275,2024-03-28,referral,mobile,India
3095715,2024-04-07,organic,mobile,Canada
3790869,2024-01-04,organic,mobile,India
3704039,2024-02-29,organic,desktop,India
4429227,2024-02-15,ads,desktop,USA
1130656,2024-01-01,email,mobile,India
1450013,2024-01-08,ads,desktop,India
4340722,2024-01-09,organic,mobile,USA
1213921,2024-02-08,organic,mobile,USA
4076041,2024-02-08,ads,mobile,India
3176807,2024-01-17,email,tablet,India
2476564,2024-03-03,organic,mobile,Australia
1190711,2024-01-21,organic,desktop,USA
2309648,2024-02-03,ads,desktop,India
4938881,2024-02-02,organic,mobile,Canada
2289941,2024-01-14,email,mobile,Canada
2971878,2024-01-26,organic,mobile,USA
4075082,2024-03-30,referral,mobile,India
4720659,2024-04-03,ads,desktop,India
1033480,2024-03-28,referral,mobile,India
2976487,2024-03-24,organic,mobile,India
4484261,2024-01-28,ads,desktop,India
4455163,2024-02-03,email,mobile,India
2835462,2024-05-08,organic,mobile,India
1843667,2024-01-10,ads,desktop,India
1849722,2024-03-29,organic,mobile,UK
1910065,2024-05-05,organic,tablet,India
3770393,2024-03-22,organic,desktop,India
4445247,2024-01-02,ads,desktop,USA
1953051,2024-03-22,social,mobile,India
3232184,2024-01-29,ads,mobile,UK
3375597,2024-04-13,referral,mobile,USA
1642699,2024-01-29,organic,desktop,Canada
3653527,2024-04-21,ads,mobile,India
4677576,2024-06-25,email,mobile,USA
2768102,2024-01-09,organic,tablet,India
3094240,2024-05-23,organic,mobile,India
4689363,2024-02-16,organic,mobile,India
3904810,2024-01-02,referral,desktop,India
1172470,2024-06-17,email,desktop,UK
4568472,2024-01-22,organic,mobile,Canada
4333454,2024-01-11,referral,mobile,India
2924019,2024-03-11,ads,mobile,Australia
1475958,2024-03-29,organic,mobile,USA
4194773,2024-01-19,organic,desktop,India
4480233,2024-01-04,ads,mobile,India
3179454,2024-03-15,email,mobile,USA
2224432,2024-01-09,email,desktop,India
3915544,2024-07-19,organic,mobile,India
1399218,2024-01-23,organic,mobile,UK
1509278,2024-01-26,email,mobile,India
3786387,2024-10-09,ads,tablet,USA
2848735,2024-08-01,organic,mobile,India
3856152,2024-01-09,organic,desktop,UK
2246740,2024-01-02,organic,mobile,USA
4343319,2024-02-20,ads,mobile,India
1412775,2024-01-18,ads,mobile,Canada
1858874,2024-01-24,ads,mobile,India
3012385,2024-06-21,social,mobile,USA
2722224,2024-02-16,organic,mobile,India
1633835,2024-02-16,email,mobile,Germany
3414779,2024-01-29,referral,mobile,India
2557735,2024-02-09,organic,desktop,Canada
4192223,2024-04-06,organic,mobile,India
1985664,2024-02-23,organic,desktop,Australia
4797194,2024-01-21,ads,tablet,UK
2388109,2024-01-19,organic,tablet,USA
2368808,2024-01-06,organic,mobile,India
4577705,2024-01-01,organic,mobile,India
4787633,2024-01-01,email,desktop,India
3739998,2024-02-03,organic,desktop,Canada
3924915,2024-02-21,ads,mobile,Canada
1823035,2024-04-14,ads,mobile,Australia
4225259,2024-04-01,referral,tablet,UK
3586480,2024-03-15,organic,mobile,Canada
4673808,2024-02-05,organic,mobile,UK
4614198,2024-04-17,ads,mobile,Germany
2822198,2024-01-23,organic,desktop,India
3725225,2024-02-26,organic,mobile,Canada
2453767,2024-01-10,ads,desktop,India
4823066,2024-07-05,organic,desktop,USA
2837867,2024-01-26,ads,tablet,India
3421016,2024-01-12,ads,mobile,USA
1901571,2024-04-05,organic,desktop,India
1649277,2024-01-19,organic,mobile,India
3849368,2024-01-05,ads,mobile,Canada
3323869,2024-03-06,organic,mobile,USA
4758504,2024-02-02,ads,desktop,India
4155627,2024-01-20,email,mobile,India
2196654,2024-03-08,ads,mobile,India
4397874,2024-05-11,ads,desktop,UK
4143163,2024-03-06,organic,mobile,Canada
3193986,2024-01-20,organic,mobile,USA
1353035,2024-02-02,organic,desktop,India
2084217,2024-02-21,organic,desktop,Canada
3704003,2024-01-05,organic,desktop,India
3411996,2024-02-20,organic,mobile,Australia
2092987,2024-06-01,ads,mobile,India
1024929,2024-01-10,email,desktop,UK
1220439,2024-01-02,organic,mobile,India
2967772,2024-03-18,referral,desktop,India
1580341,2024-01-17,social,desktop,USA
2763741,2024-02-13,referral,mobile,India
1650597,2024-10-21,organic,mobile,USA
1512567,2024-03-06,organic,mobile,UK
4655285,2024-03-10,organic,mobile,USA
4404723,2024-04-26,ads,mobile,UK
4936419,2024-01-10,organic,mobile,Germany
4547449,2024-04-05,organic,desktop,USA
2590109,2024-01-20,organic,mobile,India
1117159,2024-01-30,ads,mobile,Germany
4490151,2024-03-14,organic,desktop,India
2572434,2024-01-23,referral,mobile,India
2299973,2024-04-28,referral,mobile,India
2218062,2024-03-08,organic,tablet,USA
1257218,2024-01-19,referral,desktop,USA
3860037,2024-04-12,organic,mobile,India
2692801,2024-01-03,organic,desktop,India
3349489,2024-05-21,organic,desktop,India
1642359,2024-01-30,organic,mobile,India
3548293,2024-02-09,organic,desktop,India
4925081,2024-01-01,email,desktop,USA
2218321,2024-01-12,ads,mobile,India
2972938,2024-01-22,email,desktop,UK
4847014,2024-04-30,ads,mobile,USA
3727766,2024-02-19,organic,desktop,USA
4646453,2024-02-24,email,mobile,India
3918668,2024-04-04,organic,mobile,USA
2306526,2024-02-27,organic,desktop,India
3582295,2024-01-01,ads,mobile,USA
2198940,2024-01-15,referral,mobile,USA
2778668,2024-01-04,organic,desktop,India
4521489,2024-01-29,organic,mobile,USA
3982039,2024-01-23,email,mobile,India
2312603,2024-04-08,organic,desktop,India
1410561,2024-03-07,referral,mobile,Australia
3405293,2024-04-28,ads,mobile,India
3903459,2024-03-24,organic,tablet,Germany
4972423,2024-01-16,organic,mobile,Australia
4225880,2024-07-05,email,mobile,India
3112370,2024-04-13,email,mobile,USA
3449800,2024-03-15,referral,tablet,USA
4851008,2024-01-13,email,mobile,India
1050412,2024-03-27,email,mobile,India
4187449,2024-01-31,ads,mobile,India
1613137,2024-03-15,ads,mobile,India
1456353,2024-06-28,organic,mobile,UK
1119068,2024-02-07,organic,desktop,USA
2600782,2024-03-15,organic,mobile,Canada
3912302,2024-02-04,email,mobile,India
1163818,2024-01-25,ads,tablet,Germany
4141054,2024-06-24,ads,mobile,Germany
2430697,2024-01-02,organic,mobile,USA
4460331,2024-02-03,organic,mobile,India
4169654,2024-03-29,organic,mobile,Germany
3645338,2024-04-02,social,mobile,India
3747323,2024-01-08,ads,mobile,Australia
4762220,2024-01-05,email,desktop,India
4308386,2024-01-04,organic,desktop,India
4963654,2024-04-07,ads,mobile,India
2862537,2024-01-02,organic,desktop,India
3498381,2024-04-10,ads,mobile,India
3523278,2024-02-03,organic,mobile,Canada
4092320,2024-02-03,organic,desktop,India
3968188,2024-01-16,organic,mobile,Canada
2985091,2024-03-11,organic,desktop,India
1003913,2024-02-18,email,mobile,USA
1883761,2024-02-07,ads,mobile,Australia
4675540,2024-05-09,social,desktop,India
2488178,2024-01-23,organic,desktop,India
2583661,2024-02-05,email,mobile,India
2215213,2024-02-06,organic,mobile,USA
1218480,2024-03-07,organic,desktop,India
4770404,2024-01-18,ads,tablet,India
2345634,2024-01-01,organic,mobile,Canada
4256458,2024-01-21,organic,mobile,India
1780024,2024-01-10,organic,mobile,India
1339569,2024-01-20,ads,mobile,India
1483923,2024-04-15,organic,desktop,USA
3175825,2024-02-25,organic,tablet,India
1504987,2024-01-15,organic,mobile,Germany
4051366,2024-01-09,organic,mobile,Canada
1463472,2024-03-06,organic,desktop,India
4047142,2024-01-08,organic,tablet,India
4762595,2024-07-11,ads,tablet,UK
1688294,2024-02-25,ads,mobile,USA
2642328,2024-01-22,email,mobile,UK
3831321,2024-05-09,ads,desktop,India
4744308,2024-07-31,organic,mobile,India
3034814,2024-01-26,ads,desktop,Canada
2245050,2024-01-24,referral,desktop,Australia
2241509,2024-03-19,referral,mobile,India
4673223,2024-02-21,organic,mobile,India
2760085,2024-01-01,organic,mobile,India
1370855,2024-01-26,organic,mobile,India
3105592,2024-01-08,organic,tablet,India
4112297,2024-01-11,ads,desktop,Australia
2577079,2024-10-25,organic,mobile,India
1207671,2024-02-22,organic,desktop,India
3376196,2024-01-10,social,mobile,India
4815135,2024-01-25,organic,mobile,India
2810799,2024-01-11,ads,mobile,India
2165328,2024-01-06,ads,mobile,India
2884708,2024-02-25,email,mobile,Canada
3855352,2024-05-27,organic,mobile,India
4503041,2024-01-12,ads,mobile,USA
3579683,2024-02-13,organic,mobile,India
2074889,2024-02-01,organic,mobile,Canada
1713708,2024-04-29,email,mobile,Germany
3323013,2024-02-06,social,mobile,USA
3671446,2024-04-11,ads,mobile,India
4880935,2024-01-13,organic,desktop,India
1968441,2024-01-12,organic,mobile,Canada
1386909,2024-04-14,organic,mobile,India
4575620,2024-02-03,ads,mobile,USA
1280420,2024-01-10,referral,mobile,USA
4469510,2024-02-29,email,desktop,Canada
4504919,2024-04-27,ads,mobile,India
3131659,2024-03-20,referral,mobile,USA
4579214,2024-02-10,organic,mobile,India
2473991,2024-02-11,ads,mobile,USA
3514525,2024-01-15,ads,mobile,India
3917846,2024-01-16,ads,mobile,Australia
2076020,2024-01-27,ads,mobile,USA
3992665,2024-01-06,organic,tablet,USA
2202666,2024-03-07,organic,desktop,India
1811879,2024-01-24,organic,mobile,USA
1036322,2024-01-21,organic,tablet,India
2905749,2024-01-19,ads,desktop,UK
4578555,2024-01-11,referral,mobile,India
3374106,2024-03-15,organic,mobile,India
1849247,2024-02-10,ads,mobile,UK
4813017,2024-07-03,ads,mobile,USA
1611387,2024-03-28,organic,desktop,Germany
4934374,2024-01-23,ads,mobile,India
1397109,2024-02-05,ads,mobile,India
2478525,2024-06-07,organic,desktop,India
2178318,2024-01-20,organic,mobile,Canada
4121960,2024-02-12,ads,mobile,Germany
4697377,2024-01-19,ads,mobile,USA
2044293,2024-03-01,organic,mobile,India
2938582,2024-01-25,organic,mobile,India
1307279,2025-03-01,organic,tablet,India
1731999,2024-01-30,ads,mobile,India
2255397,2024-01-20,organic,desktop,India
4966981,2024-02-14,organic,desktop,India
4376761,2024-01-20,organic,mobile,India
4256879,2024-01-16,email,mobile,India
3189135,2024-04-29,email,mobile,USA
3044462,2024-01-16,email,mobile,India
1685805,2024-03-08,referral,mobile,India
3102793,2024-03-11,organic,mobile,UK
1064468,2024-01-30,organic,mobile,Canada
3504871,2024-01-13,ads,mobile,India
4221424,2024-08-09,ads,desktop,India
3106069,2024-01-23,ads,desktop,Germany
1564372,2024-01-03,email,mobile,India
2984537,2024-01-31,organic,mobile,Canada
1105223,2024-01-11,organic,desktop,UK
3928581,2024-01-19,organic,mobile,India
1073442,2024-01-27,ads,mobile,Germany
3226936,2024-04-17,ads,mobile,India
4505196,2024-02-08,social,desktop,India
4413156,2024-04-05,referral,mobile,India
3768916,2024-06-08,organic,mobile,USA
1735639,2024-03-15,referral,mobile,USA
2366117,2024-04-02,organic,desktop,Australia
4832224,2024-01-16,referral,desktop,India
3947075,2024-06-12,organic,mobile,UK
3737643,2024-02-29,organic,mobile,India
4117246,2024-01-23,social,mobile,Canada
4836643,2024-04-18,ads,mobile,UK
1429358,2024-01-24,organic,desktop,UK
3599803,2024-02-21,organic,mobile,India
1492938,2024-01-17,referral,mobile,India
1952991,2024-02-08,organic,desktop,Australia
2499123,2024-01-24,ads,mobile,USA
2457665,2024-03-05,referral,desktop,USA
4295164,2024-02-17,organic,mobile,India
2822257,2024-02-16,ads,mobile,Australia
4517711,2024-09-21,ads,mobile,USA
1906045,2024-01-11,organic,mobile,USA
1115242,2024-02-25,organic,mobile,USA
1323230,2024-01-20,referral,mobile,Germany
2281229,2024-04-21,ads,desktop,India
3349526,2024-07-25,ads,mobile,India
4198044,2024-02-10,email,desktop,India
3059096,2024-03-17,ads,mobile,Germany
4494418,2024-05-18,ads,mobile,Canada
2216002,2024-01-15,organic,mobile,India
4721506,2024-06-03,organic,desktop,India
1684201,2024-02-29,ads,desktop,Australia
4064228,2024-05-08,ads,tablet,India
4777963,2024-01-04,ads,mobile,UK
3861929,2024-01-05,organic,tablet,India
2293816,2024-01-02,organic,desktop,India
3957304,2024-03-11,referral,mobile,India
2524340,2024-01-11,ads,mobile,Canada
2301034,2024-04-14,email,mobile,India
1564944,2024-01-31,ads,desktop,USA
2376524,2024-03-10,ads,mobile,India
4408824,2024-05-30,organic,mobile,India
1781859,2024-01-04,social,mobile,India
1120852,2024-02-14,organic,mobile,Australia
1266605,2024-01-29,organic,mobile,India
4793247,2024-01-30,organic,mobile,India
3951630,2024-01-31,email,mobile,USA
4363291,2024-06-27,social,mobile,UK
3477521,2024-02-17,organic,mobile,USA
3587982,2024-04-11,organic,mobile,India
4820202,2024-04-08,ads,desktop,Germany
1882905,2024-01-15,organic,desktop,India
1042883,2024-01-29,ads,desktop,India
1552845,2024-02-21,referral,tablet,Germany
2792547,2024-02-03,organic,mobile,India
3359181,2024-02-25,organic,mobile,UK
3407967,2024-05-17,organic,desktop,UK
2109568,2024-01-07,ads,mobile,USA
3942492,2024-02-04,social,mobile,USA
2979006,2024-01-30,organic,mobile,USA
3200610,2024-01-12,organic,mobile,India
2448372,2024-01-09,ads,mobile,India
4761724,2024-01-30,organic,mobile,Germany
2644523,2024-01-29,organic,mobile,India
4240660,2024-02-14,ads,mobile,Germany
1982312,2024-01-20,organic,tablet,USA
1387014,2024-07-14,organic,mobile,Germany
3543037,2024-02-20,organic,mobile,USA
2154565,2024-03-01,email,mobile,Germany
3374095,2024-06-14,organic,desktop,USA
1924101,2024-01-14,email,desktop,Canada
3432862,2024-02-27,email,mobile,India
4331981,2024-05-04,referral,mobile,UK
2404589,2024-06-24,organic,desktop,India
1928597,2024-03-08,organic,mobile,India
1827603,2024-01-04,ads,mobile,India
2907666,2024-01-15,organic,desktop,Canada
4195825,2024-04-10,ads,mobile,India
4111647,2024-04-24,email,mobile,India
3298761,2024-03-18,ads,mobile,India
1089691,2024-02-02,organic,desktop,India
4899882,2024-03-06,ads,mobile,India
1128491,2024-01-06,email,mobile,USA
1649003,2024-02-16,organic,desktop,India
2218580,2024-01-02,organic,desktop,Australia
2056196,2024-02-23,social,mobile,Canada
2013131,2024-04-16,organic,desktop,India
4849647,2024-01-15,organic,mobile,Canada
1148619,2024-02-23,organic,mobile,India
1837919,2024-01-08,ads,tablet,USA
3600248,2024-03-01,organic,mobile,India
1757023,2024-01-30,organic,mobile,Germany
1073034,2024-03-12,ads,mobile,India
1514302,2024-01-29,referral,mobile,India
4614003,2024-02-11,organic,mobile,India
3512594,2024-03-02,referral,desktop,UK
1582335,2024-03-09,referral,desktop,Canada
2947032,2024-02-23,ads,mobile,India
2128152,2024-02-09,organic,mobile,India
4237414,2024-02-25,ads,tablet,India
4200952,2024-06-26,referral,desktop,India
3785199,2024-02-01,ads,mobile,USA
1014566,2024-03-19,ads,tablet,India
1546223,2024-03-27,ads,desktop,India
4750133,2024-01-15,organic,desktop,Canada
1821900,2024-06-07,social,desktop,USA
4171321,2024-01-06,ads,desktop,India
2391062,2024-02-23,organic,mobile,Canada
1150210,2024-02-13,organic,mobile,USA
3203927,2024-01-21,referral,mobile,India
2171305,2024-06-14,organic,tablet,USA
3376584,2024-01-05,organic,mobile,India
1001975,2024-01-11,ads,desktop,India
1895961,2024-02-17,ads,mobile,Germany
1545833,2024-01-26,organic,mobile,India
4618549,2024-01-18,organic,desktop,USA
4522683,2024-02-06,organic,mobile,Canada
1135131,2024-04-01,organic,mobile,India
4326001,2024-01-13,organic,desktop,India
4813902,2024-02-11,ads,desktop,UK
2050018,2024-01-15,ads,mobile,Canada
1849437,2024-02-17,email,desktop,India
3733488,2024-02-12,ads,desktop,India
4452162,2024-01-05,organic,mobile,USA
3002103,2024-01-10,organic,mobile,Australia
1890327,2024-02-08,ads,desktop,USA
3747326,2024-02-23,referral,mobile,India
1463651,2024-01-02,ads,mobile,USA
3232789,2024-01-13,organic,mobile,USA
1867023,2024-02-07,email,mobile,USA
3714271,2024-01-24,organic,tablet,India
3488354,2024-04-02,referral,mobile,Australia
2463280,2024-01-13,email,desktop,India
3994173,2024-01-06,organic,mobile,UK
1854972,2024-02-11,organic,mobile,Germany
4463933,2024-05-17,organic,mobile,India
2719041,2024-02-18,email,desktop,Australia
2455313,2024-01-23,organic,desktop,India
2025115,2024-03-22,organic,desktop,India
4240280,2024-03-14,email,mobile,USA
3115970,2024-06-15,email,desktop,India
3492060,2024-01-17,referral,mobile,India
2071131,2024-04-30,organic,desktop,India
2101446,2024-01-18,email,mobile,India
2397146,2024-03-10,organic,desktop,India
2288825,2024-01-06,social,desktop,India
1927212,2024-02-10,ads,mobile,Germany
3337343,2024-02-29,ads,mobile,Canada
1214573,2024-01-11,social,mobile,India
2844776,2024-01-01,organic,desktop,India
1510844,2024-01-10,organic,tablet,India
2933799,2024-03-31,organic,mobile,Germany
1505875,2024-02-10,organic,mobile,UK
1908096,2024-06-11,organic,mobile,India
1064371,2024-02-05,ads,mobile,India
4970876,2024-03-10,ads,desktop,USA
1895686,2024-01-01,social,mobile,USA
1035749,2024-08-10,ads,mobile,India
2883023,2024-02-07,organic,mobile,India
4756215,2024-01-30,organic,tablet,India
2489181,2025-06-23,ads,desktop,India
2608773,2024-01-08,organic,desktop,Australia
1348442,2024-03-29,organic,mobile,Germany
4430188,2024-01-09,organic,mobile,India
3236307,2024-01-06,ads,mobile,India
3110297,2024-06-10,ads,tablet,India
1523656,2024-01-15,email,tablet,Germany
3168656,2024-02-19,email,mobile,USA
4702778,2024-04-12,ads,mobile,India
4236453,2024-04-26,organic,mobile,UK
3421660,2024-12-08,ads,mobile,USA
4440241,2024-01-16,ads,desktop,USA
4241950,2024-01-05,organic,mobile,UK
2110969,2024-01-26,organic,mobile,Canada
2884993,2024-01-20,email,tablet,India
4799333,2024-10-29,ads,desktop,Germany
3050416,2024-01-14,organic,tablet,USA
4982712,2024-02-14,organic,desktop,UK
2960411,2024-04-04,organic,mobile,India
2970084,2024-02-03,ads,mobile,Germany
1020302,2024-07-02,referral,mobile,India
3491304,2024-03-10,organic,desktop,India
1409697,2024-01-28,organic,mobile,USA
1970102,2024-03-12,organic,desktop,India
4719948,2024-01-18,ads,mobile,USA
3968313,2024-02-22,referral,mobile,India
3750600,2024-01-21,organic,tablet,India
1519106,2024-01-10,ads,mobile,India
4181987,2024-02-05,organic,mobile,USA
4843068,2024-06-03,organic,desktop,UK
3985005,2024-01-04,organic,mobile,India
3260112,2024-02-24,social,mobile,Germany
4532898,2024-04-16,ads,mobile,UK
4132351,2024-05-31,ads,mobile,India
4995527,2024-01-01,organic,mobile,UK
1057679,2024-01-08,social,mobile,India
2416352,2024-01-19,ads,mobile,Germany
3303348,2024-02-01,organic,desktop,India
3652610,2024-04-04,email,desktop,India
3844513,2024-01-19,organic,mobile,India
3910948,2024-03-07,ads,mobile,India
2962015,2024-01-09,organic,mobile,USA
4041637,2024-01-06,ads,mobile,India
1354092,2024-03-03,referral,desktop,Germany
1555941,2024-02-02,email,mobile,USA
3673056,2024-03-30,referral,desktop,USA
1657480,2024-01-01,organic,mobile,India
1449181,2024-02-01,social,tablet,Australia
4848137,2024-04-09,organic,mobile,India
1181918,2024-01-09,organic,mobile,USA
3251688,2024-01-27,organic,mobile,India
3287554,2024-01-16,ads,mobile,USA
3999346,2024-03-28,organic,tablet,Germany
3334524,2024-02-11,ads,mobile,UK
4773890,2024-05-18,ads,tablet,USA
1202945,2024-01-08,email,mobile,UK
3491766,2024-01-23,referral,desktop,India
4387145,2024-04-18,email,mobile,Canada
2651650,2024-01-06,social,mobile,India
1940803,2024-02-07,ads,mobile,India
3035411,2024-01-14,ads,mobile,India
3295576,2024-01-06,organic,mobile,India
3458567,2024-02-09,organic,mobile,India
3463582,2024-01-27,organic,desktop,UK
2240365,2024-02-21,referral,desktop,India
3591869,2024-02-04,organic,desktop,India
2795159,2024-04-11,organic,tablet,UK
4929044,2024-01-28,ads,mobile,USA
1398827,2024-01-12,ads,desktop,India
3126041,2024-01-15,ads,mobile,India
4657784,2024-03-11,organic,desktop,UK
3320064,2024-03-04,organic,mobile,India
3903426,2024-03-15,ads,mobile,India
1263230,2024-01-18,ads,mobile,India
4886499,2024-01-27,organic,desktop,UK
3821205,2024-02-03,referral,mobile,Australia
4357400,2024-01-23,ads,tablet,India
3595817,2024-05-18,ads,desktop,India
2491180,2024-01-19,organic,mobile,India
4779190,2024-03-04,ads,mobile,Germany
4208445,2024-01-30,organic,desktop,India
2137070,2024-05-19,email,mobile,India
2402284,2024-03-29,ads,desktop,USA
2784550,2024-03-21,ads,desktop,India
3302354,2024-02-10,organic,desktop,India
4052369,2024-01-14,organic,mobile,India
2825944,2024-03-13,referral,desktop,India
1353359,2024-01-12,ads,mobile,India
4596990,2024-03-21,organic,mobile,India
4959996,2024-03-05,organic,tablet,India
4718926,2024-01-13,email,mobile,Canada
2317168,2024-01-11,ads,tablet,Canada
3797669,2024-01-28,organic,desktop,UK
4448968,2024-03-19,referral,desktop,UK
1824079,2024-02-01,referral,mobile,India
4546166,2024-01-04,ads,mobile,Canada
1655353,2024-01-25,organic,desktop,USA
1686868,2024-01-27,ads,mobile,Canada
3240459,2024-02-06,organic,mobile,Germany
1456944,2024-01-07,ads,tablet,India
2381641,2024-06-05,ads,mobile,India
1760400,2024-02-24,email,mobile,UK
2381002,2024-03-27,ads,mobile,India
3416699,2024-01-12,organic,mobile,Germany
1053115,2025-02-14,ads,tablet,UK
3139432,2024-01-18,referral,tablet,UK
4331499,2024-09-01,organic,desktop,India
2634755,2024-01-04,email,desktop,India
3267821,2024-01-21,ads,desktop,Canada
1302436,2024-01-11,organic,mobile,USA
1768614,2024-01-08,organic,desktop,USA
1383299,2024-02-10,social,mobile,India
4414605,2024-06-30,organic,mobile,Canada
1676475,2024-04-16,referral,mobile,India
3662938,2024-02-18,ads,desktop,India
1790036,2024-03-18,organic,mobile,India
3812140,2024-03-04,ads,mobile,Germany
1268480,2024-08-05,ads,mobile,UK
1896971,2024-01-06,social,mobile,Canada
1036025,2024-04-02,ads,desktop,India
3046510,2024-01-23,organic,mobile,India
4464582,2024-05-30,ads,mobile,India
4274651,2024-02-19,ads,desktop,UK
4833061,2024-01-20,social,mobile,India
1065130,2024-04-17,ads,mobile,USA
1207206,2024-01-04,email,desktop,India
1246151,2024-03-27,ads,desktop,Canada
1259769,2024-01-16,ads,mobile,India
2871315,2024-02-11,organic,desktop,India
3564249,2024-01-06,email,desktop,India
4077073,2024-01-29,referral,mobile,Canada
2877494,2024-03-12,organic,desktop,Canada
4506878,2024-02-17,organic,mobile,India
3774586,2024-07-20,organic,desktop,Canada
1461204,2024-08-03,organic,mobile,USA
4120719,2024-04-09,email,desktop,India
3574742,2024-01-22,organic,mobile,UK
1860918,2024-01-27,referral,mobile,USA
1206172,2024-03-09,ads,mobile,USA
1545878,2024-02-09,ads,tablet,USA
1937743,2024-01-05,organic,mobile,India
2198084,2024-02-24,organic,desktop,India
1439851,2024-01-04,organic,mobile,UK
4230278,2024-05-09,organic,mobile,India
4844113,2024-04-07,organic,tablet,India
2816856,2024-02-05,organic,desktop,India
3804530,2024-02-11,organic,mobile,India
1173467,2024-01-19,ads,mobile,India
4225461,2024-03-29,organic,desktop,India
4593159,2024-01-01,organic,desktop,India
3024093,2024-01-02,organic,desktop,India
1266479,2024-02-05,ads,mobile,India
2548396,2024-01-18,ads,tablet,Germany
4918994,2024-01-01,ads,mobile,Canada
4999679,2024-02-09,ads,mobile,India
4641846,2024-01-26,email,desktop,USA
1631391,2024-01-05,ads,desktop,UK
3476575,2024-01-27,organic,mobile,USA
2758902,2024-03-01,ads,desktop,India
2299885,2024-05-09,referral,tablet,India
1017557,2024-01-02,organic,mobile,Germany
2997172,2024-01-03,organic,desktop,India
2720900,2024-01-02,referral,mobile,India
3016195,2024-06-14,organic,mobile,India
3324204,2024-09-07,organic,mobile,India
3182877,2024-01-12,organic,mobile,India
1463637,2024-03-08,organic,mobile,USA
2552978,2024-01-03,social,mobile,India
3469333,2024-04-12,organic,mobile,Australia
4743010,2024-01-10,social,mobile,UK
1020557,2024-01-01,ads,mobile,Germany
4059376,2024-01-26,ads,mobile,India
2790865,2024-04-10,referral,mobile,India
1251600,2024-02-05,ads,mobile,USA
2949777,2024-01-20,organic,mobile,India
1094748,2024-01-09,ads,desktop,USA
4134880,2024-01-22,social,mobile,India
4204096,2024-01-17,email,mobile,India
2960704,2024-03-25,ads,desktop,India
2179454,2024-05-30,email,desktop,India
1804902,2024-01-05,referral,mobile,Canada
3977076,2024-05-19,ads,mobile,India
2890890,2024-04-06,ads,mobile,India
3759056,2024-03-20,ads,desktop,India
3025827,2024-02-28,organic,desktop,India
1210993,2024-03-01,ads,mobile,India
1382982,2024-03-26,ads,mobile,India
1851856,2024-02-08,organic,desktop,UK
2649185,2024-01-09,organic,mobile,USA
1233568,2024-03-31,ads,mobile,Germany
3517984,2024-02-08,organic,desktop,UK
4533451,2024-04-29,organic,mobile,India
3093119,2024-01-21,ads,mobile,India
3600201,2024-03-31,organic,mobile,USA
2703496,2024-03-10,social,tablet,India
4694898,2024-05-30,organic,mobile,Australia
4208275,2024-03-02,ads,desktop,USA
3355049,2024-01-29,referral,mobile,UK
2882636,2024-02-01,ads,desktop,India
2367640,2024-01-22,social,tablet,Australia
1005582,2024-09-09,organic,mobile,India
4644960,2024-03-15,organic,mobile,India
4425700,2024-03-25,organic,desktop,USA
1974047,2024-01-12,ads,desktop,India
2929535,2024-03-25,social,desktop,India
1239349,2024-01-31,social,mobile,India
2828538,2024-04-19,email,mobile,India
1095132,2024-02-07,referral,desktop,India
4050761,2024-03-15,organic,desktop,UK
4479853,2024-02-21,email,mobile,Australia
3025721,2024-02-14,email,mobile,India
2173872,2024-02-09,organic,mobile,USA
4149267,2024-05-25,organic,mobile,India
1475571,2024-01-10,ads,mobile,USA
4624945,2024-03-20,ads,mobile,UK
3935427,2024-01-09,organic,mobile,India
4138424,2024-02-17,ads,desktop,India
1763569,2024-08-10,email,mobile,USA
2342482,2024-01-01,ads,desktop,USA
4149678,2024-01-08,organic,mobile,India
3292341,2024-06-11,referral,mobile,India
4653916,2024-01-13,ads,mobile,USA
1427265,2024-03-16,organic,mobile,UK
1844000,2024-01-02,organic,mobile,USA
2990566,2024-02-20,social,desktop,India
1626389,2024-01-31,ads,mobile,Australia
2967047,2024-01-02,organic,mobile,USA
1072644,2024-03-08,organic,mobile,Australia
1549471,2024-01-05,organic,tablet,India
2107609,2024-01-29,organic,desktop,India
3964008,2024-01-06,ads,desktop,India
4893583,2024-03-23,organic,mobile,India
1604849,2024-01-10,email,mobile,USA
1379891,2024-05-10,referral,mobile,India
4416993,2024-01-14,ads,mobile,USA
2714177,2024-02-28,ads,mobile,India
3585650,2024-01-13,referral,mobile,USA
2266582,2024-01-15,ads,mobile,Canada
3422146,2024-03-20,ads,mobile,Australia
2896286,2024-05-04,ads,mobile,India
3963017,2024-04-01,organic,mobile,India
3562048,2024-01-06,ads,mobile,UK
2216084,2024-01-06,organic,mobile,Australia
4039082,2024-01-31,ads,desktop,USA
4835789,2024-01-23,organic,mobile,India
1375133,2024-04-03,referral,mobile,UK
1787581,2024-02-17,organic,mobile,USA
3649121,2024-04-17,organic,desktop,USA
2497412,2024-05-11,organic,tablet,USA
3620595,2024-03-30,organic,mobile,USA
1500837,2024-02-07,organic,desktop,USA
2977957,2024-04-01,organic,mobile,India
3700554,2024-02-05,organic,desktop,India
1863717,2024-01-01,ads,mobile,USA
4997900,2024-02-20,referral,mobile,India
4570495,2024-01-14,organic,mobile,India
1685152,2024-02-06,organic,mobile,UK
3404910,2024-01-22,organic,mobile,India
2646469,2024-02-18,referral,desktop,USA
2346350,2024-03-05,organic,mobile,India
2337279,2024-01-13,organic,desktop,UK
2523689,2024-02-04,organic,tablet,USA
3113500,2024-02-01,ads,mobile,USA
1654095,2024-01-10,organic,mobile,USA
1877694,2024-01-08,ads,desktop,UK
3059695,2024-02-01,ads,desktop,India
1987173,2024-01-04,organic,mobile,USA
3090098,2024-02-03,ads,mobile,India
3254459,2024-05-03,organic,mobile,India
2999661,2024-04-10,organic,tablet,UK
3460042,2024-02-13,ads,desktop,India
1594057,2024-03-18,organic,mobile,India
3886723,2024-02-06,organic,mobile,India
3717513,2024-02-18,organic,desktop,India
3426134,2024-01-16,organic,desktop,USA
1974109,2024-02-09,referral,mobile,USA
1790856,2024-03-05,email,desktop,India
4346032,2024-02-25,ads,tablet,India
2248315,2024-02-11,organic,mobile,India
1893665,2024-02-15,organic,mobile,Canada
2926791,2024-03-26,ads,mobile,USA
4618984,2024-01-09,organic,desktop,India
2007945,2024-01-02,organic,mobile,Germany
4429000,2024-01-26,email,desktop,India
2942857,2024-07-14,ads,desktop,USA
4688364,2024-01-13,email,desktop,India
1735873,2024-08-16,email,tablet,India
3800085,2024-02-12,organic,mobile,USA
2264544,2024-02-21,ads,mobile,India
2201347,2024-01-17,organic,mobile,USA
3962064,2024-05-17,email,mobile,UK
2047739,2024-01-08,organic,mobile,India
2891482,2024-01-19,ads,tablet,Germany
2087190,2024-01-25,organic,desktop,Australia
2528988,2024-01-27,ads,desktop,India
2549993,2024-04-16,email,desktop,India
2728565,2024-02-26,ads,mobile,India
1475018,2024-01-16,organic,mobile,India
4103045,2024-01-08,ads,desktop,India
2718731,2024-02-25,ads,mobile,India
2653839,2024-02-05,organic,mobile,India
2566615,2024-03-17,ads,mobile,India
4930282,2024-02-04,referral,mobile,India
3533701,2024-07-12,email,tablet,USA
3382998,2024-01-16,organic,mobile,Germany
3903662,2024-01-15,organic,mobile,Australia
2775192,2024-01-22,organic,tablet,Australia
1962946,2024-01-06,ads,mobile,India
1026744,2024-01-28,ads,mobile,India
3753382,2024-01-07,ads,mobile,USA
3348767,2024-01-09,organic,mobile,India
2920194,2024-02-19,ads,mobile,UK
4715973,2024-02-22,organic,desktop,Australia
2079107,2024-06-27,ads,desktop,India
2148601,2024-03-08,referral,mobile,Canada
2393262,2024-01-25,ads,mobile,USA
3800456,2024-02-27,referral,desktop,India
3634905,2024-07-16,ads,tablet,India
2775795,2024-03-19,ads,mobile,USA
1619126,2024-01-15,organic,mobile,India
3548930,2024-03-15,ads,tablet,USA
2943628,2024-01-02,organic,tablet,India
1280970,2024-03-06,referral,mobile,USA
4594629,2024-01-31,organic,desktop,India
4777247,2024-02-08,email,mobile,USA
2416627,2024-01-03,organic,mobile,India
4850890,2024-02-05,organic,mobile,Australia
3710490,2024-02-16,ads,desktop,USA
3697343,2024-01-25,organic,desktop,India
1624370,2024-08-19,email,mobile,UK
4906850,2024-01-21,referral,mobile,India
2396116,2024-01-06,organic,mobile,India
1257021,2024-01-30,organic,mobile,UK
1782643,2024-03-23,organic,tablet,India
4934851,2024-01-21,organic,mobile,India
2310279,2024-02-08,social,mobile,India
3138697,2024-08-18,organic,mobile,India
2164115,2024-01-23,ads,mobile,India
2725659,2024-06-09,ads,desktop,India
3825904,2024-01-01,ads,desktop,Canada
2276005,2024-02-11,email,mobile,Canada
4133072,2024-04-07,organic,desktop,USA
1933407,2024-02-24,email,tablet,USA
1047158,2024-06-16,email,mobile,USA
2964286,2024-02-19,social,mobile,India
4714940,2024-01-20,organic,desktop,India
1334405,2024-02-20,organic,mobile,India
2062187,2024-01-20,organic,mobile,India
1605021,2024-01-25,organic,mobile,Canada
1589972,2024-10-21,ads,desktop,UK
2917075,2024-01-26,organic,desktop,USA
1312744,2024-01-11,email,mobile,India
1602015,2024-06-02,organic,mobile,Canada
3110042,2024-02-20,ads,mobile,Canada
3658024,2024-03-08,ads,mobile,USA
1654012,2024-01-01,organic,desktop,India
4146466,2024-01-07,email,mobile,India
3021691,2024-08-28,referral,mobile,UK
1369984,2024-01-15,ads,mobile,USA
2785814,2024-02-14,organic,mobile,India
1795065,2024-06-06,organic,desktop,USA
1955551,2024-02-28,organic,mobile,India
1245468,2024-01-26,ads,mobile,India
4923554,2024-01-28,organic,desktop,UK
4172227,2024-02-26,ads,mobile,India
3355143,2024-01-24,ads,mobile,India
4446261,2024-01-01,organic,desktop,USA
1926426,2024-02-12,organic,mobile,India
2132108,2024-01-09,ads,mobile,India
1193035,2024-02-12,organic,desktop,India
2941291,2024-04-12,ads,mobile,UK
3493927,2024-01-25,referral,mobile,UK
2095248,2024-01-19,ads,desktop,Canada
1695955,2024-07-14,organic,mobile,USA
1161706,2024-01-10,organic,mobile,India
3471826,2024-01-25,organic,desktop,Germany
4479342,2024-01-30,organic,desktop,India
2542734,2024-02-19,email,mobile,Australia
3638679,2024-04-08,organic,mobile,India
1678834,2024-01-07,organic,desktop,USA
1136880,2024-03-08,organic,tablet,USA
3640326,2024-01-23,ads,desktop,Australia
2524544,2024-05-12,organic,mobile,USA
2844338,2024-03-31,organic,mobile,Canada
3879893,2024-03-22,referral,tablet,India
2907040,2024-01-31,organic,mobile,USA
2759355,2024-02-12,organic,mobile,Germany
4018265,2024-01-04,ads,mobile,India
2188657,2024-01-12,referral,desktop,India
1126775,2024-01-04,organic,desktop,Germany
3728239,2024-01-10,ads,desktop,USA
1153409,2024-01-11,organic,desktop,Germany
2379709,2024-03-16,organic,mobile,India
2729333,2024-02-09,organic,desktop,Germany
4678773,2024-01-03,organic,desktop,India
2519278,2024-02-14,email,mobile,Canada
2675374,2024-01-31,ads,mobile,Canada
2935416,2024-01-24,organic,mobile,USA
2765561,2024-01-02,email,tablet,Australia
2446720,2024-01-13,ads,desktop,USA
2577031,2024-04-28,email,mobile,India
2137689,2024-04-25,referral,tablet,Germany
3292670,2024-01-01,ads,mobile,USA
2332971,2024-07-10,organic,desktop,USA
2327024,2024-03-14,social,desktop,India
3955572,2024-04-08,organic,mobile,India
3484932,2024-06-25,ads,mobile,USA
1570248,2025-03-07,organic,mobile,UK
4156551,2024-01-02,organic,desktop,USA
2111058,2024-01-12,organic,mobile,India
2152477,2024-02-14,ads,mobile,Germany
4613459,2024-01-03,organic,mobile,Canada
3339942,2024-03-09,organic,desktop,USA
3951003,2024-01-07,organic,mobile,USA
1429015,2024-01-21,organic,desktop,USA
3170150,2024-01-07,referral,mobile,India
1388521,2024-01-20,ads,mobile,India
1845598,2024-02-08,organic,mobile,Germany
4649604,2024-03-27,organic,mobile,India
3530745,2024-03-18,organic,mobile,Canada
2677914,2024-04-11,organic,desktop,USA
1474322,2024-01-01,organic,mobile,India
4320637,2024-02-05,email,desktop,India
2975069,2024-05-06,referral,desktop,India
3281817,2024-04-03,organic,tablet,USA
2248737,2024-05-06,organic,mobile,USA
1871952,2024-01-31,ads,mobile,Australia
2575397,2024-04-02,organic,mobile,UK
3944756,2024-01-06,social,mobile,India
1071144,2024-01-16,referral,mobile,India
1927364,2024-06-23,organic,desktop,India
1992361,2024-01-08,ads,desktop,UK
4217326,2024-01-29,email,mobile,India
2883343,2024-05-11,ads,tablet,India
4339026,2024-01-07,organic,mobile,Australia
4793629,2024-01-26,organic,desktop,Canada
2376158,2024-01-29,organic,mobile,India
1836326,2024-02-19,organic,mobile,India
1406973,2024-02-07,organic,mobile,India
3593506,2024-01-15,social,desktop,India
3858206,2024-04-14,organic,desktop,Australia
4019305,2024-01-04,organic,mobile,Canada
3437627,2024-05-07,ads,desktop,India
2618816,2024-02-04,organic,tablet,India
2462418,2024-01-27,organic,mobile,Canada
4219854,2024-01-14,referral,mobile,Germany
1733440,2024-01-07,social,mobile,Australia
1153777,2024-03-08,organic,desktop,USA
4893819,2024-02-06,ads,mobile,USA
3713658,2024-01-13,ads,tablet,India
2117593,2024-08-01,organic,desktop,USA
4294786,2024-10-13,ads,tablet,UK
4396186,2024-01-07,email,desktop,India
3045690,2024-03-05,ads,mobile,Canada
4706649,2024-05-31,ads,mobile,Canada
4912324,2024-03-21,organic,mobile,Canada
3094445,2024-02-08,ads,mobile,UK
4589881,2024-05-03,ads,mobile,India
4037593,2024-01-12,ads,desktop,India
1166167,2024-02-04,organic,desktop,India
3888618,2024-01-26,referral,mobile,Australia
2408418,2024-05-26,organic,desktop,India
1472121,2024-01-01,organic,desktop,India
4714435,2024-01-26,organic,mobile,Canada
4575898,2024-03-01,social,desktop,India
4837790,2024-03-10,ads,mobile,India
3622912,2024-01-06,email,tablet,UK
1939279,2024-02-22,organic,mobile,UK
3043124,2024-01-24,referral,desktop,Germany
1534558,2024-01-23,email,desktop,UK
4127003,2024-03-27,social,mobile,Canada
4168748,2024-03-01,organic,tablet,India
2904260,2024-03-06,ads,mobile,UK
2595029,2024-01-02,organic,mobile,India
3606515,2024-02-11,organic,mobile,USA
4087311,2024-05-19,organic,desktop,UK
1465024,2024-01-12,referral,mobile,India
2529944,2024-05-22,social,mobile,India
4854706,2024-03-07,organic,mobile,UK
2957468,2024-04-12,referral,mobile,UK
2483608,2024-01-08,organic,mobile,UK
1340084,2024-03-28,organic,desktop,USA
3503998,2024-01-22,ads,tablet,UK
3965859,2024-05-08,ads,mobile,Germany
4936864,2024-01-15,organic,mobile,Canada
4301893,2024-06-15,email,desktop,USA
1116601,2024-01-01,ads,mobile,Australia
4035775,2024-01-07,organic,mobile,Canada
2795990,2024-03-23,organic,mobile,Germany
1600454,2024-03-30,ads,mobile,Germany
4470550,2024-03-22,ads,mobile,India
4159991,2024-02-04,ads,mobile,India
1949818,2024-02-19,organic,mobile,India
4809710,2024-04-28,organic,desktop,USA
1817215,2024-01-01,organic,mobile,India
3279658,2024-02-29,organic,mobile,India
3922241,2024-01-15,social,mobile,India
3832723,2024-01-02,social,tablet,Germany
4201892,2024-02-25,referral,desktop,India
4188560,2024-05-10,ads,mobile,USA
2264839,2024-02-12,ads,mobile,India
2160389,2024-04-12,ads,tablet,India
3753087,2024-04-21,ads,desktop,Canada
2449514,2024-03-22,organic,desktop,India
4130897,2024-01-04,organic,mobile,Australia
3824517,2024-01-13,ads,mobile,India
4384218,2024-03-12,ads,mobile,USA
2685836,2024-09-29,ads,tablet,USA
1055282,2024-04-23,ads,desktop,USA
4949484,2024-01-31,ads,desktop,UK
3034357,2024-04-19,organic,desktop,UK
1281958,2024-05-09,email,desktop,India
4057769,2024-05-26,organic,mobile,India
4828003,2024-03-26,organic,mobile,USA
3848304,2024-01-08,organic,mobile,India
2491498,2024-02-09,referral,desktop,India
2636626,2024-02-03,referral,mobile,India
1503336,2024-01-06,ads,mobile,USA
1712112,2024-01-18,ads,mobile,India
3803354,2024-03-21,ads,mobile,Canada
4700272,2024-03-26,organic,mobile,UK
1235230,2024-04-21,organic,mobile,India
1304165,2024-01-21,email,desktop,India
4808488,2024-02-26,organic,mobile,UK
3830392,2024-01-17,organic,mobile,Canada
2583930,2024-03-09,organic,mobile,India
1398025,2024-02-06,organic,desktop,India
2761622,2024-03-24,organic,mobile,India
3207490,2024-03-24,organic,mobile,USA
1578758,2024-02-06,referral,mobile,India
3657052,2024-04-05,email,mobile,UK
1651033,2024-02-29,organic,mobile,Germany
1621680,2024-01-13,ads,mobile,USA
1506235,2024-03-07,email,desktop,India
2820851,2024-01-26,referral,desktop,India
3539892,2024-01-06,ads,mobile,Canada
3711115,2024-01-12,ads,desktop,India
2548326,2024-02-22,organic,desktop,India
4651687,2024-01-09,organic,mobile,USA
2847659,2024-03-15,ads,mobile,India
2827049,2024-06-20,organic,mobile,India
3447582,2024-01-22,organic,mobile,UK
2446848,2024-01-03,ads,mobile,Canada
1164923,2024-02-12,ads,mobile,USA
4985142,2024-01-01,email,mobile,Australia
2544134,2024-01-05,organic,desktop,USA
2494188,2024-04-08,organic,mobile,India
1105091,2024-01-13,organic,desktop,India
3159505,2024-06-26,referral,mobile,UK
1548865,2024-02-14,referral,desktop,Germany
3090681,2024-01-07,social,desktop,India
3901774,2024-06-13,organic,mobile,India
4072958,2024-01-22,ads,mobile,USA
4416321,2024-01-07,social,tablet,Canada
1035605,2024-06-22,referral,mobile,India
1565482,2024-02-03,organic,mobile,UK
3883225,2024-07-05,organic,desktop,India
1978932,2024-01-06,ads,mobile,USA
3493986,2024-01-19,organic,mobile,India
3889096,2024-02-27,organic,mobile,India
3191294,2024-01-27,organic,mobile,USA
2744718,2024-01-12,ads,desktop,USA
4376629,2024-01-09,organic,desktop,Germany
3274585,2024-04-09,organic,mobile,USA
3106794,2024-06-21,organic,desktop,India
4796730,2024-01-11,ads,desktop,Australia
3250577,2024-01-25,ads,mobile,UK
4314560,2024-03-28,email,mobile,India
4905995,2024-02-13,email,mobile,India
2269609,2024-01-09,referral,desktop,India
1533278,2024-01-07,ads,mobile,Canada
4201775,2024-01-01,referral,mobile,India
2589163,2024-04-20,organic,mobile,India
2190724,2024-01-16,social,tablet,USA
3449676,2024-01-30,email,mobile,USA
4144723,2024-04-24,organic,mobile,India
2254995,2024-01-26,ads,desktop,India
2360044,2024-03-10,email,mobile,India
3235714,2024-01-21,organic,desktop,USA
4172940,2024-01-05,email,mobile,USA
3719938,2024-02-03,email,desktop,UK
1889632,2024-01-03,organic,desktop,Germany
3820572,2024-01-31,ads,desktop,Germany
4364773,2024-03-05,ads,mobile,India
4199425,2024-05-12,organic,mobile,USA
1739967,2024-05-12,ads,desktop,USA
2255465,2024-01-16,organic,mobile,Germany
3662316,2024-03-10,organic,mobile,Australia
2561376,2024-02-21,ads,desktop,India
2762066,2024-06-15,organic,mobile,Canada
1195425,2024-05-13,ads,mobile,Canada
4526825,2024-03-28,organic,mobile,USA
4811833,2024-01-03,ads,desktop,India
2996416,2024-02-09,ads,mobile,UK
3660901,2024-02-12,ads,tablet,Germany
3164569,2024-05-13,organic,mobile,USA
3152527,2024-01-10,email,mobile,USA
1135009,2024-04-06,ads,mobile,India
2452609,2024-03-29,ads,tablet,India
3766846,2024-02-16,referral,desktop,India
3550875,2024-03-20,organic,mobile,Canada
2288442,2024-01-06,email,mobile,UK
1046433,2024-04-17,ads,mobile,India
3154133,2024-01-08,referral,mobile,India
2631792,2024-01-09,organic,mobile,India
4242687,2024-01-11,organic,mobile,Canada
4174644,2024-01-22,ads,mobile,India
3063686,2024-02-03,organic,desktop,Canada
3794519,2024-03-24,ads,mobile,India
1612145,2024-01-03,ads,mobile,India
3212463,2024-04-13,ads,desktop,Canada
3814542,2024-03-15,organic,mobile,India
3487405,2024-02-29,organic,mobile,USA
1649451,2024-01-08,referral,desktop,Canada
1908432,2024-02-05,referral,tablet,Germany
2039092,2024-01-18,ads,mobile,India
2703316,2024-02-07,organic,mobile,Canada
1091936,2024-03-29,ads,desktop,India
1659312,2024-01-08,organic,desktop,India
4534448,2024-02-06,ads,mobile,India
2363897,2024-02-12,referral,mobile,India
4230171,2024-03-28,organic,mobile,USA
3069507,2024-01-13,organic,desktop,India
4008344,2024-01-18,email,mobile,India
4267827,2024-02-08,organic,mobile,USA
4241224,2024-03-28,organic,desktop,India
4397654,2024-05-03,email,mobile,USA
1311065,2024-05-13,organic,desktop,India
2535928,2024-01-24,organic,mobile,India
2953426,2024-03-25,ads,mobile,UK
3817044,2024-04-22,ads,desktop,India
1450592,2024-01-02,email,desktop,India
1955747,2024-01-17,organic,desktop,India
4949845,2024-02-11,ads,desktop,Australia
1013445,2024-03-28,organic,tablet,UK
1489837,2024-04-11,organic,mobile,UK
4422313,2024-02-14,organic,mobile,UK
2923570,2024-02-17,organic,desktop,India
3356861,2024-05-05,ads,mobile,India
3243283,2024-03-04,organic,mobile,India
4400808,2024-02-25,organic,desktop,India
1609628,2024-02-18,email,tablet,UK
1254472,2024-02-16,organic,mobile,India
3696779,2024-01-31,referral,desktop,India
4991914,2024-02-02,email,mobile,India
1454516,2024-07-23,ads,mobile,India
4757506,2024-02-07,organic,mobile,India
1772717,2024-01-14,organic,mobile,India
4281265,2024-04-11,email,mobile,India
4149045,2024-05-13,referral,mobile,USA
4598828,2024-04-15,email,desktop,UK
1598879,2024-05-04,ads,mobile,India
1421959,2024-01-28,ads,desktop,India
4958064,2024-01-08,email,desktop,UK
1866140,2024-01-07,organic,mobile,India
3457032,2024-04-11,referral,desktop,India
2227515,2024-04-13,email,mobile,India
2291700,2024-01-19,organic,mobile,India
4414265,2024-02-09,organic,mobile,India
1427652,2024-01-13,ads,desktop,India
4664998,2024-02-12,referral,mobile,India
3007114,2024-04-25,ads,mobile,India
3003658,2024-01-22,organic,tablet,Australia
2677345,2024-01-04,ads,desktop,India
3239399,2024-02-09,organic,mobile,Canada
3808739,2024-01-04,organic,desktop,India
1912547,2024-02-13,ads,desktop,Germany
1289380,2024-05-21,ads,mobile,USA
3280731,2024-08-14,organic,desktop,India
3343676,2024-03-06,organic,tablet,UK
4059418,2024-01-26,organic,desktop,India
4705285,2024-02-25,organic,mobile,India
4719944,2024-03-14,referral,mobile,USA
2377859,2024-01-30,organic,tablet,Germany
2431805,2024-01-23,organic,desktop,USA
4786736,2024-03-19,ads,desktop,India
2653022,2024-02-05,organic,mobile,USA
2472152,2024-01-28,organic,desktop,India
1481772,2024-02-16,ads,mobile,Germany
2682006,2024-01-06,organic,mobile,India
3202307,2024-01-18,ads,tablet,USA
3702627,2024-03-10,referral,tablet,USA
3703452,2024-03-29,organic,desktop,India
1220976,2024-01-05,email,desktop,USA
2761649,2024-01-11,organic,mobile,USA
4424659,2024-02-07,organic,desktop,India
1973566,2024-04-12,ads,mobile,India
4147560,2024-03-27,ads,tablet,India
3305703,2024-02-09,social,mobile,USA
2392161,2024-09-02,ads,mobile,Canada
3047481,2024-01-14,ads,mobile,India
3636410,2024-01-02,email,mobile,India
2695609,2024-02-03,organic,desktop,India
4626675,2024-02-05,organic,desktop,USA
3189868,2024-01-16,organic,mobile,USA
1799255,2024-01-03,organic,desktop,India
1367583,2024-02-07,organic,mobile,USA
1135246,2024-01-06,social,mobile,India
1316005,2024-02-24,ads,tablet,UK
4346595,2024-04-07,email,mobile,India
4658426,2024-01-07,email,mobile,Australia
3710823,2024-02-22,organic,mobile,USA
4010628,2024-03-15,organic,desktop,UK
3726635,2024-02-17,social,mobile,India
1538124,2024-01-14,social,mobile,USA
1818983,2024-02-04,organic,mobile,Canada
3211947,2024-07-23,organic,desktop,USA
3844515,2024-04-23,organic,mobile,USA
2797789,2024-02-07,ads,tablet,USA
3499812,2024-03-27,ads,mobile,Canada
4447071,2024-03-08,organic,desktop,UK
4682331,2024-02-18,organic,desktop,India
2030881,2024-03-06,ads,mobile,Canada
4724462,2024-01-18,organic,tablet,India
4761486,2024-01-14,organic,mobile,USA
3836855,2024-01-05,organic,mobile,Australia
3766612,2024-01-08,organic,desktop,India
3581346,2024-01-30,organic,mobile,USA
1669249,2024-01-03,ads,desktop,USA
2135154,2024-03-25,organic,desktop,India
3336923,2024-02-29,social,mobile,India
2842876,2024-07-28,organic,mobile,UK
3813835,2024-03-17,social,desktop,USA
3878702,2024-02-07,email,desktop,UK
3143990,2024-01-17,organic,mobile,India
3250009,2024-02-01,organic,tablet,India
1089794,2024-01-08,ads,desktop,Canada
4355043,2024-03-25,ads,tablet,India
2025136,2024-03-25,ads,mobile,USA
1508011,2024-03-31,ads,mobile,USA
3450089,2024-07-05,ads,mobile,USA
3455605,2024-03-10,ads,mobile,USA
2035149,2024-01-07,email,mobile,USA
4103310,2024-04-24,ads,mobile,Canada
1396469,2024-01-16,email,desktop,Canada
4851230,2024-01-15,ads,tablet,Germany
1422511,2024-01-04,ads,desktop,India
3743577,2024-03-11,organic,mobile,Canada
4610355,2024-02-04,organic,mobile,India
3549376,2024-01-27,organic,mobile,India
4132787,2024-03-08,organic,mobile,India
4773285,2024-01-22,organic,mobile,Germany
4040251,2024-01-03,ads,desktop,Germany
1775588,2024-01-17,ads,mobile,India
1539190,2024-01-23,organic,mobile,India
4194337,2024-03-05,organic,mobile,USA
3807509,2024-01-25,organic,desktop,UK
4200805,2024-03-20,ads,mobile,Germany
4433153,2024-01-11,organic,desktop,India
2192809,2024-01-07,ads,tablet,USA
2568476,2024-01-23,ads,mobile,Canada
1926352,2024-06-16,referral,mobile,Germany
3189672,2024-04-02,ads,desktop,USA
1500009,2024-03-29,organic,desktop,India
3583061,2024-03-19,ads,mobile,India
4966061,2024-06-30,ads,mobile,India
3470425,2024-01-20,organic,mobile,India
2531879,2024-03-06,organic,desktop,USA
3114735,2024-08-09,ads,mobile,USA
1391929,2024-01-20,organic,desktop,India
4080336,2024-04-25,ads,mobile,Australia
3490269,2024-02-15,organic,desktop,Australia
2871719,2024-01-20,ads,mobile,India
4936535,2024-01-25,organic,mobile,USA
3784574,2024-04-30,ads,mobile,India
3201890,2024-03-24,ads,tablet,UK
2296511,2024-01-03,organic,mobile,India
2554270,2024-01-29,referral,mobile,India
2239875,2024-02-22,organic,desktop,India
1202112,2024-03-24,organic,mobile,India
1859981,2024-01-04,referral,tablet,India
1377574,2024-06-18,organic,mobile,India
1443337,2024-02-10,organic,desktop,USA
1827085,2024-01-05,organic,mobile,India
3223158,2024-01-07,organic,mobile,UK
3691125,2024-01-08,ads,mobile,USA
1063135,2024-03-25,organic,mobile,USA
3874309,2024-04-11,organic,mobile,USA
1551606,2024-06-05,ads,mobile,India
3545644,2024-03-29,ads,mobile,India
4049900,2024-01-29,organic,desktop,Canada
1760624,2024-02-18,ads,desktop,India
3488912,2024-02-17,organic,mobile,India
3220840,2024-04-23,organic,mobile,India
4995592,2024-02-25,ads,desktop,Germany
3172594,2024-06-07,organic,mobile,India
1289910,2024-01-15,ads,desktop,India
4977036,2024-09-07,ads,mobile,India
3770828,2024-02-16,email,desktop,India
3828768,2024-05-01,email,desktop,India
3487949,2024-01-15,email,mobile,India
2915216,2024-02-01,organic,desktop,India
2726529,2024-01-30,referral,desktop,USA
4497805,2024-07-23,ads,mobile,India
1321248,2024-05-10,referral,mobile,India
1613435,2024-01-18,ads,desktop,India
2700532,2024-03-11,organic,mobile,India
4614999,2024-02-24,referral,mobile,India
3146030,2024-02-12,organic,desktop,India
2661059,2024-01-11,email,tablet,Canada
2950096,2024-02-18,ads,tablet,USA
4182412,2024-01-15,organic,tablet,USA
4502462,2024-05-05,ads,mobile,USA
3334786,2024-03-16,ads,mobile,Germany
2216970,2024-01-11,organic,mobile,India
4889423,2024-01-21,organic,desktop,Canada
3001421,2024-12-13,ads,desktop,USA
3185865,2024-02-21,ads,desktop,Germany
2675247,2024-02-01,ads,mobile,Germany
2395309,2024-01-13,organic,mobile,India
3078493,2024-01-27,ads,mobile,UK
1811639,2024-07-29,organic,desktop,India
4949440,2024-01-28,organic,tablet,India
2417732,2024-03-02,organic,desktop,USA
1437871,2024-01-19,ads,desktop,Canada
2517214,2024-01-21,organic,mobile,India
2132372,2024-03-19,organic,mobile,Germany
4182092,2024-02-22,organic,mobile,India
2155931,2024-01-08,ads,mobile,USA
3919367,2024-02-09,ads,mobile,India
2498132,2024-02-04,organic,mobile,India
1176582,2024-05-22,referral,mobile,Australia
1365323,2024-01-23,social,mobile,UK
1517164,2024-05-12,ads,mobile,India
1018335,2024-08-23,ads,mobile,India
2027702,2024-01-11,organic,desktop,USA
4465356,2024-02-06,organic,mobile,UK
2958540,2024-03-20,organic,desktop,India
1354012,2024-02-13,organic,desktop,USA
2745637,2024-02-01,ads,mobile,UK
2181202,2024-02-16,organic,desktop,USA
4238415,2024-01-21,organic,desktop,USA
2882287,2024-06-05,email,mobile,India
2890605,2024-01-15,email,mobile,India
3562848,2024-07-19,ads,mobile,USA
3541481,2024-01-06,email,desktop,USA
2460612,2024-06-08,ads,mobile,USA
1128744,2024-02-04,referral,mobile,Canada
3936068,2024-08-02,organic,desktop,UK
4423172,2024-01-12,organic,desktop,Canada
1292313,2024-01-25,organic,mobile,India
1786649,2024-07-06,organic,mobile,UK
2593331,2024-02-17,organic,mobile,India
4043765,2024-02-28,organic,mobile,India
4839629,2024-01-14,organic,desktop,India
3999114,2024-01-05,ads,mobile,India
3839713,2024-01-21,ads,mobile,USA
3613220,2024-02-08,referral,mobile,India
3090289,2024-02-08,ads,mobile,USA
2005711,2024-04-06,organic,tablet,India
4058804,2024-01-14,organic,mobile,India
3087656,2024-01-03,referral,mobile,India
2255501,2024-02-11,ads,desktop,India
3881983,2024-04-30,ads,desktop,India
4292421,2024-01-16,ads,desktop,India
3928431,2024-01-03,ads,mobile,USA
4151423,2024-02-03,ads,mobile,USA
1263276,2024-02-15,organic,mobile,India
2186393,2024-09-05,organic,desktop,USA
4738007,2024-01-03,organic,mobile,India
2565321,2024-01-22,ads,desktop,Germany
2940726,2024-01-28,ads,desktop,India
1848207,2024-01-31,organic,mobile,Germany
4816455,2024-01-02,ads,desktop,India
2360865,2024-08-11,referral,mobile,UK
3279920,2024-02-04,organic,mobile,India
2460000,2024-04-11,organic,mobile,USA
4770978,2024-01-15,organic,desktop,Australia
3113530,2024-02-12,organic,desktop,India
4745909,2024-03-24,referral,mobile,India
1816665,2024-07-19,organic,desktop,USA
4477181,2024-01-19,organic,mobile,USA
1482049,2024-11-02,organic,mobile,Canada
3106234,2024-01-01,email,desktop,India
1698726,2024-04-29,organic,tablet,USA
4146722,2024-02-09,email,desktop,UK
3925799,2024-08-13,ads,desktop,India
1426113,2024-01-15,organic,mobile,India
2394255,2024-03-13,referral,mobile,India
1371019,2024-02-19,email,tablet,USA
4440734,2024-01-09,organic,mobile,Germany
2527304,2024-03-06,email,mobile,India
1706387,2024-01-06,ads,desktop,Canada
2758819,2024-01-14,ads,desktop,India
1810295,2024-04-02,ads,mobile,Australia
3779120,2024-02-24,referral,mobile,India
1645083,2024-01-22,organic,desktop,India
4055119,2024-03-09,organic,mobile,Germany
2682486,2024-02-08,referral,mobile,USA
1332837,2024-01-18,ads,tablet,Germany
1200354,2024-04-19,ads,mobile,India
3661747,2024-02-01,ads,mobile,India
4795326,2024-03-07,referral,mobile,India
2239318,2024-02-16,ads,tablet,India
4441870,2024-02-27,organic,mobile,UK
2664978,2024-04-27,organic,mobile,Australia
3433080,2024-01-20,organic,mobile,India
3736857,2024-05-02,organic,mobile,Australia
1907698,2024-04-06,ads,desktop,USA
2848678,2024-05-31,referral,tablet,Germany
3017311,2024-01-16,referral,desktop,India
4833747,2024-01-17,referral,desktop,Canada
3862082,2024-01-08,organic,desktop,India
1909957,2024-01-31,organic,mobile,India
4646092,2024-06-10,ads,desktop,USA
1408584,2024-05-07,ads,mobile,USA
3267681,2024-01-13,organic,tablet,UK
2376743,2024-02-10,organic,mobile,India
3935194,2024-04-02,organic,mobile,India
4070541,2024-04-06,organic,mobile,UK
1351272,2024-03-05,organic,desktop,India
4778228,2024-01-28,organic,mobile,India
4829561,2024-06-09,social,desktop,India
4477298,2024-03-15,email,mobile,India
3946990,2024-01-06,organic,desktop,India
2067267,2024-04-06,ads,desktop,USA
2823683,2024-03-22,ads,mobile,UK
3875583,2024-02-23,referral,desktop,India
2006847,2024-07-18,ads,tablet,India
4459683,2024-01-14,organic,tablet,India
2673585,2024-04-01,organic,mobile,Germany
4045349,2024-02-05,ads,mobile,USA
4897284,2024-08-03,ads,desktop,USA
1300394,2024-01-07,ads,desktop,USA
1133705,2024-01-03,organic,mobile,UK
4406491,2024-04-05,ads,mobile,Germany
1515322,2024-07-04,organic,mobile,India
2494020,2024-02-11,organic,mobile,India
2667852,2024-02-02,ads,tablet,India
2794651,2024-01-23,referral,desktop,UK
2583879,2024-01-18,organic,mobile,Canada
4718012,2024-01-01,organic,tablet,India
4007253,2024-08-02,ads,mobile,Canada
3352701,2024-03-20,organic,tablet,India
4602432,2024-01-20,referral,desktop,India
4653111,2024-01-17,email,mobile,India
3309866,2024-04-05,ads,desktop,Canada
1182560,2024-01-24,organic,desktop,India
1135376,2024-03-17,organic,desktop,USA
3960590,2024-01-22,referral,mobile,India
4718887,2024-03-05,email,desktop,India
4367227,2024-01-21,organic,desktop,India
3193672,2024-01-14,referral,desktop,India
1747804,2024-01-02,organic,mobile,Australia
1629005,2024-01-09,organic,mobile,India
1284627,2024-07-09,ads,mobile,Canada
2877244,2024-01-17,ads,mobile,USA
2626723,2024-01-18,organic,tablet,India
4272018,2024-03-07,organic,mobile,USA
1182107,2024-03-13,organic,mobile,UK
1804831,2024-02-07,ads,mobile,India
2790882,2024-02-21,organic,desktop,USA
2698412,2024-03-06,organic,tablet,Canada
1231305,2024-03-01,email,desktop,India
1926983,2024-08-17,referral,mobile,UK
2725161,2024-01-14,email,mobile,India
1484598,2024-01-12,social,desktop,Australia
4872541,2024-01-14,ads,desktop,India
4941258,2024-01-09,organic,desktop,India
4524334,2024-06-26,organic,desktop,USA
3012619,2024-01-06,organic,mobile,India
4309951,2024-02-23,ads,mobile,UK
1864737,2024-02-24,social,tablet,India
2154477,2024-02-04,organic,mobile,India
1668499,2024-03-01,ads,desktop,UK
2585260,2024-03-24,organic,mobile,India
3714322,2024-02-07,ads,desktop,India
4731765,2024-01-18,organic,mobile,Canada
2086455,2024-01-21,ads,mobile,India
2085321,2024-01-11,organic,mobile,UK
2712830,2024-01-19,organic,mobile,India
3911600,2024-03-07,organic,mobile,USA
3321797,2024-02-07,ads,desktop,USA
2990068,2024-02-17,organic,mobile,UK
4814644,2024-02-12,referral,desktop,USA
2467010,2024-03-07,ads,desktop,UK
4202828,2024-01-11,ads,tablet,India
1727165,2024-05-28,organic,mobile,USA
4289510,2024-01-23,organic,mobile,India
1784031,2024-01-13,referral,mobile,USA
4663866,2025-01-10,organic,mobile,Australia
4053676,2024-06-06,ads,tablet,India
2537013,2024-08-27,organic,mobile,Germany
3163883,2024-03-06,referral,mobile,Germany
2631703,2024-01-30,ads,mobile,India
2215931,2024-03-08,organic,mobile,India
4022119,2024-02-18,organic,tablet,India
3020060,2024-05-02,organic,desktop,India
2840942,2024-01-28,organic,desktop,Germany
2385936,2024-03-02,organic,desktop,USA
1794044,2024-01-29,ads,desktop,India
4751857,2024-03-05,organic,tablet,USA
3903167,2024-06-07,ads,desktop,USA
1624179,2024-04-10,organic,mobile,Australia
4154841,2024-05-12,organic,mobile,India
1295597,2024-01-12,organic,mobile,India
2227689,2024-05-10,organic,mobile,USA
3567588,2024-02-16,email,mobile,India
2594719,2024-01-14,ads,mobile,Canada
4534611,2024-01-21,ads,mobile,India
2834478,2024-01-25,organic,tablet,India
2048242,2024-02-13,referral,tablet,USA
2247457,2024-01-27,referral,desktop,India
3377144,2024-02-16,email,mobile,Canada
1621338,2024-01-12,organic,mobile,India
4289848,2024-01-13,ads,mobile,India
1131787,2024-04-20,email,desktop,India
2636097,2024-02-29,email,mobile,USA
2264487,2024-01-16,ads,mobile,Canada
3215434,2024-05-28,organic,mobile,UK
2361194,2024-01-08,organic,mobile,USA
4391804,2024-01-05,social,desktop,India
3249361,2024-01-29,organic,mobile,India
3038999,2024-09-15,referral,mobile,India
3501303,2024-02-27,organic,mobile,India
4307641,2024-02-10,organic,mobile,Germany
1466600,2024-01-20,ads,mobile,USA
1734091,2024-01-11,referral,desktop,India
2170679,2024-03-07,social,mobile,Canada
4744236,2024-04-29,organic,mobile,Canada
1739177,2024-02-04,organic,mobile,USA
1520337,2024-05-19,organic,mobile,UK
1386216,2024-01-24,organic,mobile,Germany
4406783,2024-07-28,ads,mobile,Australia
1021046,2024-05-02,ads,desktop,UK
2847841,2024-03-05,organic,mobile,India
2126523,2024-02-19,organic,mobile,India
3952780,2024-03-03,organic,desktop,India
2919371,2024-07-06,ads,desktop,USA
4248458,2024-01-23,referral,mobile,UK
3515464,2024-01-15,referral,mobile,Germany
2654390,2024-05-21,ads,desktop,India
1750894,2024-01-14,email,mobile,Germany
3238640,2024-01-23,ads,mobile,India
2537783,2024-01-29,email,mobile,India
2011904,2024-04-02,organic,mobile,India
4084104,2024-01-02,organic,desktop,India
2430580,2024-03-07,email,mobile,Canada
3620407,2024-01-28,organic,desktop,India
3898145,2024-01-26,ads,mobile,USA
1556432,2024-01-25,ads,mobile,India
4300171,2024-03-21,email,mobile,UK
3199776,2024-03-03,social,mobile,USA
3719619,2024-01-19,ads,tablet,India
4597398,2024-04-03,organic,mobile,India
2792784,2024-01-17,referral,mobile,Australia
1824022,2024-01-14,organic,mobile,USA
3241827,2024-01-03,social,mobile,India
2205463,2024-02-07,email,mobile,India
3555309,2024-01-21,ads,desktop,India
3449299,2024-04-10,ads,tablet,USA
2822308,2024-01-06,ads,mobile,India
1372669,2024-04-23,ads,mobile,USA
3961476,2024-03-01,ads,mobile,India
2306185,2024-02-26,ads,mobile,India
3636057,2024-06-22,organic,desktop,Germany
1027280,2024-02-17,ads,tablet,USA
2779978,2024-03-17,ads,mobile,USA
4618007,2024-04-17,email,mobile,Canada
1608840,2024-03-23,email,mobile,UK
3554784,2024-11-24,email,mobile,India
3519460,2024-05-13,organic,tablet,Australia
4873283,2024-01-26,organic,desktop,India
4004082,2024-01-10,referral,mobile,UK
1773441,2024-03-07,email,desktop,India
3205212,2024-01-28,ads,tablet,India
3493693,2024-01-23,organic,tablet,India
3102330,2024-05-03,ads,mobile,India
3696442,2024-01-20,ads,mobile,Canada
1742934,2024-01-04,ads,desktop,UK
4636668,2024-01-20,organic,mobile,India
4580549,2024-06-12,ads,mobile,India
4829750,2024-02-24,ads,desktop,Australia
3630505,2024-02-10,social,mobile,India
1239131,2024-02-23,email,mobile,India
2166862,2024-01-29,ads,mobile,India
3331611,2024-12-12,organic,desktop,India
3396155,2024-04-24,organic,mobile,USA
3643025,2024-04-22,email,tablet,USA
4747666,2024-01-07,ads,mobile,Germany
1773774,2024-01-13,organic,mobile,USA
4888647,2024-01-05,social,desktop,India
2931633,2024-01-02,ads,desktop,India
1362834,2024-01-27,ads,desktop,India
3173592,2024-02-11,ads,desktop,India
1520646,2024-02-16,organic,mobile,India
2184296,2024-06-20,ads,mobile,India
2934071,2024-02-07,referral,mobile,Germany
4488365,2024-04-27,referral,mobile,India
3503554,2024-03-31,organic,mobile,India
2845739,2024-03-27,organic,mobile,UK
4849504,2024-01-29,email,desktop,India
3295765,2024-10-04,social,tablet,UK
3088238,2024-01-26,ads,desktop,India
2453089,2024-01-23,organic,mobile,India
1034404,2024-01-15,organic,mobile,UK
4580479,2024-05-20,organic,mobile,USA
4163394,2024-06-02,social,tablet,India
2461489,2024-01-14,organic,tablet,India
2627379,2024-02-25,organic,mobile,India
3710736,2024-01-20,email,mobile,Germany
1754333,2024-01-02,ads,mobile,India
1311981,2024-02-18,email,mobile,Germany
2926780,2024-02-25,email,desktop,India
2290376,2024-01-28,organic,desktop,USA
1643642,2024-04-10,ads,tablet,India
4262735,2024-12-17,ads,tablet,India
2018933,2024-02-09,referral,tablet,Germany
4387642,2024-03-01,organic,mobile,India
4645420,2024-01-19,ads,mobile,USA
3164030,2024-02-27,email,mobile,India
2297486,2024-04-07,ads,mobile,India
4334183,2024-10-04,ads,mobile,India
3461503,2024-01-11,organic,tablet,India
1530744,2024-01-08,organic,mobile,India
2657916,2024-04-25,organic,desktop,USA
4240044,2024-01-31,ads,mobile,USA
3200953,2024-02-12,ads,tablet,India
4334252,2024-04-08,referral,tablet,USA
2965152,2024-02-03,email,mobile,India
1813624,2024-02-09,organic,desktop,UK
2571741,2024-02-29,organic,mobile,India
2809296,2024-01-21,organic,desktop,India
2153034,2024-01-16,organic,desktop,India
2533282,2024-05-12,referral,mobile,UK
2548440,2024-05-23,organic,desktop,India
4283768,2024-03-24,email,desktop,India
3954045,2024-04-30,ads,desktop,India
4033667,2024-01-16,organic,mobile,India
2421008,2024-01-15,organic,mobile,India
4287153,2024-01-07,email,mobile,Canada
3684279,2024-02-20,ads,mobile,Canada
2578726,2024-02-21,ads,mobile,India
2242939,2024-04-22,ads,mobile,India
3076413,2024-01-28,referral,mobile,India
3734936,2024-02-11,ads,mobile,India
2388099,2024-03-02,organic,mobile,India
4598062,2024-01-30,organic,mobile,India
1163096,2024-01-15,organic,mobile,India
1416628,2024-01-30,organic,desktop,India
4669735,2024-02-06,organic,desktop,India
2621584,2024-02-02,referral,mobile,India
3607018,2024-01-09,ads,mobile,Germany
3005607,2024-01-22,organic,mobile,India
4567521,2024-01-27,organic,desktop,UK
4347742,2024-01-26,organic,tablet,India
4090346,2024-01-23,organic,mobile,India
3115378,2024-05-05,ads,tablet,USA
3073537,2024-02-29,organic,mobile,USA
3768781,2024-01-10,ads,desktop,UK
1410388,2024-03-29,ads,mobile,UK
4555958,2024-01-27,social,mobile,India
2413257,2024-01-28,referral,tablet,Canada
3880802,2024-03-07,ads,desktop,USA
1798775,2024-01-09,referral,mobile,Australia
1766083,2024-01-14,organic,mobile,UK
3852307,2024-02-19,social,mobile,Canada
4977843,2024-03-23,referral,mobile,India
2317791,2025-01-23,ads,mobile,USA
1100143,2024-02-19,social,desktop,India
1251714,2024-01-16,ads,mobile,Canada
3098406,2024-04-11,ads,mobile,Canada
3281997,2024-01-11,ads,tablet,India
1441874,2024-05-12,organic,mobile,India
3742034,2024-07-14,email,mobile,India
1638605,2024-05-03,ads,desktop,India
2280272,2024-04-06,ads,mobile,USA
3146982,2024-01-04,ads,mobile,UK
3397194,2024-03-05,organic,mobile,India
3452353,2024-02-15,social,mobile,USA
4518293,2024-09-02,organic,desktop,India
4122648,2024-03-26,referral,mobile,Canada
3261955,2024-01-14,email,mobile,India
2381339,2024-02-23,social,mobile,UK
2303304,2024-04-24,organic,desktop,India
2013693,2024-03-16,email,mobile,Canada
4447454,2024-01-07,ads,desktop,India
1753516,2024-02-14,ads,mobile,USA
2028899,2024-01-18,ads,desktop,Germany
2835854,2024-02-10,referral,mobile,Australia
2416080,2024-02-06,ads,tablet,India
3127745,2024-01-21,organic,mobile,UK
1024418,2024-01-19,organic,mobile,UK
1699703,2024-04-23,social,desktop,USA
4992513,2024-02-02,organic,tablet,Australia
1607954,2024-01-02,ads,mobile,India
4531935,2024-02-25,organic,desktop,Canada
4254767,2024-03-31,organic,mobile,India
3701846,2024-02-08,organic,mobile,UK
4923324,2024-01-13,ads,tablet,USA
3938288,2024-01-09,ads,mobile,India
2221148,2024-02-06,ads,desktop,USA
2773326,2024-04-20,organic,mobile,India
1373316,2024-03-15,ads,mobile,India
2428817,2024-02-05,organic,mobile,India
4766860,2024-01-06,organic,mobile,Germany
4770417,2024-01-21,organic,desktop,Canada
2857546,2024-05-16,ads,mobile,UK
3862870,2024-04-28,email,mobile,India
4002315,2024-04-09,ads,mobile,Germany
2763220,2024-02-04,ads,tablet,UK
2346458,2024-02-21,organic,mobile,Australia
2301871,2024-03-29,social,mobile,India
1761645,2024-01-01,organic,desktop,Canada
2014531,2024-02-17,organic,mobile,India
4553350,2024-01-23,email,tablet,UK
3693097,2024-06-26,organic,mobile,India
3703718,2024-02-20,ads,desktop,Germany
3868752,2024-02-03,organic,mobile,India
2716380,2024-02-01,ads,mobile,USA
1511634,2024-06-22,referral,mobile,India
2294504,2024-01-28,organic,mobile,India
4535435,2024-04-07,organic,mobile,India
3535550,2025-01-06,organic,desktop,UK
4021201,2024-03-26,organic,tablet,USA
3233382,2024-02-22,ads,desktop,India
1654497,2024-04-08,email,mobile,India
1695642,2024-02-08,email,desktop,Canada
3725893,2024-01-16,organic,desktop,USA
1089874,2024-04-24,ads,mobile,India
1927073,2024-02-14,organic,mobile,Australia
3575533,2024-01-11,ads,desktop,India
1133240,2024-02-13,ads,mobile,USA
3881750,2024-01-09,ads,mobile,India
3830948,2024-01-26,organic,desktop,India
1895579,2024-01-08,organic,mobile,Germany
1042109,2024-07-24,referral,desktop,USA
1113432,2024-02-01,ads,mobile,India
3147858,2024-01-16,organic,desktop,UK
4551002,2024-01-17,ads,mobile,Canada
2601817,2024-02-09,ads,mobile,Germany
3245348,2024-02-14,organic,desktop,USA
2949550,2024-11-03,ads,desktop,India
3842079,2024-01-29,organic,mobile,India
4936692,2024-04-17,referral,mobile,UK
3674658,2024-03-10,referral,mobile,India
3591538,2024-08-29,ads,mobile,Germany
3890047,2024-04-13,ads,mobile,Germany
4615130,2024-01-04,ads,mobile,India
4993592,2024-02-23,referral,mobile,India
3698727,2024-01-13,referral,mobile,USA
3975488,2024-03-05,ads,mobile,India
2852216,2024-01-16,ads,mobile,India
1318451,2024-03-02,ads,desktop,USA
4694575,2024-07-02,ads,mobile,India
2519103,2024-04-28,ads,mobile,USA
4645006,2024-06-23,ads,mobile,Germany
3615766,2024-02-21,ads,mobile,India
3679324,2024-07-16,organic,desktop,Germany
2392686,2024-05-28,organic,mobile,India
2497986,2024-03-17,organic,mobile,UK
1582041,2024-07-01,organic,mobile,Australia
4082325,2024-03-08,referral,mobile,USA
1475516,2024-02-02,ads,desktop,India
3177405,2024-01-13,email,mobile,UK
2689953,2024-05-15,organic,mobile,India
1635632,2024-02-21,organic,mobile,India
4051633,2024-02-11,email,mobile,Australia
1879775,2024-02-02,social,mobile,Germany
3761390,2024-01-11,organic,mobile,India
3798517,2024-03-07,organic,mobile,Canada
4130984,2024-02-15,referral,mobile,India
2441816,2024-03-07,ads,desktop,USA
2665281,2024-02-02,ads,mobile,USA
3134188,2024-01-31,ads,mobile,India
3610725,2024-08-02,social,desktop,India
4575527,2024-05-30,email,mobile,Canada
4403111,2024-05-03,organic,mobile,USA
2486612,2024-02-09,organic,mobile,India
3363058,2024-06-11,organic,mobile,India
3890612,2024-04-10,organic,desktop,India
3360199,2024-02-06,ads,mobile,USA
3244398,2024-01-23,social,mobile,India
3795466,2024-01-01,referral,mobile,India
3429228,2024-07-02,ads,mobile,India
4493130,2024-01-03,email,mobile,Australia
1607384,2024-02-03,ads,tablet,India
2785902,2024-01-10,ads,desktop,USA
3328862,2024-03-23,organic,desktop,India
2976154,2024-03-17,organic,desktop,Australia
2994360,2024-02-20,organic,mobile,USA
1612515,2024-04-02,organic,tablet,India
4497882,2024-02-28,ads,mobile,India
3301154,2024-02-07,organic,mobile,Germany
1368521,2024-02-25,organic,mobile,USA
3456356,2024-01-14,organic,tablet,Australia
3849490,2024-03-11,ads,mobile,UK
1177653,2024-01-13,social,mobile,India
4468732,2024-02-11,referral,tablet,India
1832756,2024-01-03,organic,mobile,Canada
4678596,2024-01-15,referral,mobile,India
3953605,2024-02-21,ads,mobile,USA
3268881,2024-03-10,ads,mobile,India
3843820,2024-01-09,social,mobile,India
3525565,2024-06-06,organic,mobile,India
4970125,2024-01-08,organic,mobile,USA
2765240,2024-03-01,email,mobile,UK
2330428,2024-03-09,social,mobile,UK
3311297,2024-02-18,referral,mobile,India
3685130,2024-01-27,email,mobile,India
3537847,2024-01-09,referral,mobile,India
4887833,2024-01-03,ads,mobile,India
3863701,2024-08-20,referral,desktop,Canada
4865100,2024-01-04,organic,mobile,India
4798283,2024-01-14,organic,mobile,USA
2353734,2024-01-08,organic,mobile,UK
3660659,2024-03-03,organic,mobile,India
1104892,2024-04-07,organic,desktop,India
3786158,2024-02-13,organic,mobile,India
4277315,2024-03-28,referral,mobile,USA
3589615,2024-01-09,email,mobile,Germany
1566816,2024-07-30,ads,tablet,India
2688077,2024-06-28,email,mobile,USA
4265776,2024-03-21,organic,mobile,India
2740877,2024-02-10,email,desktop,India
3046111,2024-01-08,referral,mobile,India
4292726,2024-07-25,organic,mobile,India
2789438,2024-01-28,referral,mobile,India
3937933,2024-03-26,ads,mobile,USA
3739205,2024-08-21,ads,tablet,USA
4052859,2024-03-06,organic,mobile,India
2650569,2024-02-25,referral,tablet,UK
1665623,2024-09-17,referral,mobile,UK
4890213,2024-01-15,social,desktop,India
2268257,2024-02-02,organic,desktop,UK
1972087,2024-02-11,organic,desktop,USA
3138740,2024-01-21,organic,tablet,India
3104772,2024-02-25,referral,desktop,Canada
4044121,2024-08-22,social,desktop,USA
4135190,2024-03-14,ads,tablet,Canada
2982238,2024-03-26,organic,mobile,Australia
2610877,2024-02-08,organic,tablet,USA
3081176,2024-02-09,email,mobile,UK
1267757,2024-02-19,email,mobile,India
2576613,2024-02-18,organic,desktop,India
2389951,2024-02-12,ads,mobile,UK
3225005,2024-01-30,organic,mobile,India
2133175,2024-01-11,organic,tablet,India
2412047,2024-05-31,ads,desktop,India
1767924,2024-02-28,ads,desktop,India
3694024,2024-05-25,organic,desktop,India
3975400,2024-02-17,organic,tablet,India
4299391,2024-02-17,organic,mobile,India
2546356,2024-03-12,organic,mobile,Canada
4080631,2024-01-15,email,mobile,UK
1427689,2024-01-07,social,mobile,India
2150636,2024-01-28,organic,mobile,India
1132198,2024-01-07,email,desktop,Canada
1070135,2024-05-14,social,mobile,Australia
2469445,2024-02-28,organic,desktop,India
2176409,2024-01-05,organic,mobile,Canada
3932771,2024-01-19,organic,mobile,India
4825104,2024-03-15,organic,mobile,India
1761776,2024-05-21,organic,desktop,USA
2349759,2024-01-01,organic,mobile,Germany
3933488,2024-01-04,organic,desktop,USA
3039164,2024-03-11,organic,mobile,India
1258439,2024-04-30,organic,mobile,India
2674250,2024-01-24,ads,desktop,India
1281534,2024-05-11,organic,tablet,USA
3032681,2024-01-07,referral,desktop,USA
4753257,2024-04-05,organic,desktop,India
3280736,2024-01-20,ads,mobile,USA
2832469,2024-02-22,organic,mobile,India
4790390,2024-01-16,referral,desktop,India
1818653,2024-04-11,email,desktop,India
1715787,2024-03-18,organic,mobile,USA
3738550,2024-01-07,ads,mobile,India
1321911,2024-02-13,ads,mobile,India
1000251,2024-06-03,organic,mobile,Australia
4396140,2024-02-19,organic,desktop,UK
4306867,2024-04-16,organic,mobile,USA
3393382,2024-03-22,ads,mobile,USA
3644181,2024-05-13,organic,mobile,India
1224487,2024-02-14,organic,desktop,India
2872385,2024-02-13,organic,tablet,USA
4795248,2024-02-06,organic,desktop,USA
2847905,2024-03-05,referral,mobile,India
2083622,2024-05-12,organic,tablet,India
3211996,2024-01-07,organic,desktop,India
4832496,2024-01-19,ads,mobile,USA
4218461,2024-01-17,email,tablet,India
1860517,2024-01-07,organic,mobile,Germany
3881520,2024-04-01,organic,desktop,Germany
1917986,2024-10-17,organic,mobile,Canada
3218838,2024-01-28,organic,mobile,India
1001888,2024-03-03,organic,mobile,UK
2183311,2024-01-31,organic,tablet,India
4461958,2024-01-16,organic,mobile,USA
3470007,2024-02-13,ads,mobile,India
2517815,2024-03-14,organic,desktop,Canada
1887961,2024-06-13,organic,mobile,Germany
2803627,2024-05-30,referral,mobile,UK
1657478,2024-01-03,organic,mobile,USA
2585416,2024-04-04,ads,desktop,UK
2200933,2024-02-14,social,mobile,USA
1109676,2024-02-05,email,mobile,India
3135140,2024-01-28,organic,desktop,Germany
3611975,2024-01-27,organic,mobile,UK
2609034,2024-01-07,organic,desktop,USA
4720019,2024-05-25,ads,mobile,Canada
4792858,2024-02-15,organic,mobile,USA
3462184,2024-08-13,organic,desktop,India
4413885,2024-03-03,email,mobile,Australia
3100463,2024-02-02,organic,desktop,India
3209858,2024-01-09,referral,mobile,Canada
1310567,2024-04-17,ads,mobile,USA
4884004,2024-01-27,organic,mobile,UK
4636728,2024-01-10,organic,mobile,India
4749232,2024-07-27,ads,tablet,Canada
4944196,2024-01-29,email,mobile,Canada
1266824,2024-01-23,email,mobile,UK
4672744,2024-04-16,referral,desktop,USA
2410619,2024-01-19,organic,desktop,India
2369382,2024-06-04,organic,tablet,UK
2119693,2024-02-13,ads,mobile,Canada
2382017,2024-03-19,organic,mobile,USA
1038367,2024-02-24,email,desktop,Canada
1670042,2024-01-14,organic,mobile,Germany
3265862,2024-02-05,organic,desktop,India
3999644,2024-07-13,ads,mobile,Germany
3077229,2024-03-16,email,desktop,UK
4402889,2024-03-14,referral,mobile,India
2279236,2024-01-14,ads,mobile,USA
1056877,2024-03-07,organic,mobile,Germany
1054820,2024-01-29,referral,tablet,USA
3406165,2024-01-03,email,mobile,USA
4345560,2024-04-24,organic,mobile,India
4960073,2024-01-03,email,mobile,Canada
4470805,2024-02-25,organic,mobile,India
2949901,2024-07-04,organic,tablet,Canada
4068565,2024-01-08,social,mobile,India
4082774,2024-04-08,email,mobile,India
2240734,2024-07-02,ads,mobile,USA
3114413,2024-02-04,ads,mobile,Australia
1988862,2024-01-18,organic,desktop,USA
1181602,2024-01-14,email,desktop,Australia
2150110,2024-04-20,organic,desktop,Germany
4551084,2024-04-26,ads,mobile,India
4517017,2024-02-23,organic,mobile,India
1822899,2024-02-11,organic,mobile,UK
4335553,2024-01-10,organic,mobile,India
3283468,2024-01-17,ads,mobile,USA
2483615,2024-02-22,ads,desktop,India
4526612,2024-02-01,organic,desktop,Germany
3477344,2024-01-18,organic,tablet,Canada
3303823,2024-08-30,referral,mobile,Germany
2872954,2024-01-20,organic,mobile,Canada
3670343,2024-04-21,ads,desktop,India
2994825,2024-03-07,referral,mobile,Canada
1675747,2024-03-03,email,mobile,USA
1230082,2024-02-05,ads,desktop,Canada
1161740,2024-02-13,ads,mobile,UK
4570012,2024-05-22,ads,mobile,India
1314647,2024-01-12,organic,mobile,USA
3964190,2024-05-16,organic,mobile,USA
2321067,2024-03-20,referral,desktop,USA
2263201,2024-05-06,ads,desktop,India
4414017,2024-10-09,ads,desktop,Canada
4870346,2024-01-20,organic,desktop,India
3365340,2024-02-02,ads,mobile,Canada
1162344,2024-01-21,organic,desktop,UK
4835703,2024-11-11,organic,desktop,UK
4533528,2024-04-17,ads,mobile,USA
2762286,2024-01-21,ads,mobile,India
4397413,2024-06-09,social,mobile,India
1965388,2024-03-10,ads,mobile,India
4970342,2024-04-24,organic,mobile,India
3795412,2024-01-21,ads,mobile,India
2012353,2024-01-09,organic,mobile,Canada
3998563,2024-01-22,organic,tablet,Australia
4002400,2024-01-02,organic,desktop,India
1532982,2024-05-09,organic,mobile,Australia
3204757,2024-03-23,email,mobile,India
1476432,2024-01-19,organic,tablet,Canada
3275257,2024-01-02,ads,desktop,India
2009902,2024-02-22,ads,mobile,India
2211279,2024-01-01,organic,mobile,India
2332784,2024-03-29,organic,mobile,India
3121088,2024-01-16,organic,mobile,Germany
1884326,2024-01-10,email,mobile,India
3633095,2024-01-07,ads,desktop,India
2369401,2024-06-05,organic,mobile,India
1641181,2024-02-22,ads,desktop,India
3116452,2024-01-30,organic,desktop,UK
4263246,2024-03-29,referral,desktop,India
4762662,2024-01-13,ads,mobile,Australia
4873549,2024-03-01,ads,tablet,Canada
2264278,2024-02-26,organic,mobile,USA
4304983,2024-02-08,referral,desktop,India
4523446,2024-01-20,organic,mobile,USA
3963644,2024-01-21,ads,desktop,UK
1913767,2024-01-07,ads,mobile,India
1106233,2024-01-27,organic,desktop,India
3490393,2024-04-10,organic,desktop,UK
2911933,2024-03-02,ads,mobile,India
1098139,2024-01-04,organic,tablet,Canada
1893236,2024-03-06,organic,mobile,Germany
4571740,2024-02-19,organic,mobile,Canada
3761344,2024-01-12,email,desktop,UK
3244741,2024-01-25,ads,tablet,USA
4264332,2024-03-23,organic,mobile,India
4259454,2024-02-26,ads,desktop,USA
2640175,2024-02-23,ads,mobile,India
4800089,2024-03-16,organic,mobile,India
2369011,2024-01-04,referral,mobile,India
4205252,2024-04-24,organic,mobile,USA
3283334,2024-01-03,organic,desktop,USA
1368690,2024-05-20,organic,mobile,Canada
1964076,2024-04-04,email,desktop,India
2166834,2024-01-15,organic,desktop,USA
4733951,2024-03-11,organic,mobile,USA
4738640,2024-01-21,organic,mobile,India
2831301,2024-09-11,organic,mobile,USA
4067548,2024-03-03,ads,mobile,India
4982685,2024-02-05,referral,mobile,India
1664865,2024-01-02,organic,tablet,India
2797444,2024-02-26,ads,mobile,India
1504295,2024-02-01,referral,desktop,USA
4140497,2024-02-10,ads,mobile,Canada
2984280,2024-01-20,ads,desktop,Germany
4415523,2024-01-21,ads,mobile,Australia
4638442,2024-05-24,ads,mobile,Canada
2539273,2024-01-20,ads,mobile,India
3564055,2024-02-07,referral,desktop,India
3105854,2024-03-08,social,mobile,India
4623631,2024-09-09,organic,mobile,India
4060289,2024-01-14,organic,mobile,Canada
4012494,2024-03-25,organic,mobile,USA
2790419,2024-03-12,email,desktop,India
2588612,2024-02-19,ads,mobile,India
4417802,2024-01-08,organic,mobile,USA
4649351,2024-05-25,ads,desktop,India
1862383,2024-02-24,organic,mobile,India
3463116,2024-03-26,organic,mobile,India
3826099,2024-03-28,ads,desktop,India
4741030,2024-04-07,email,desktop,USA
3375017,2024-03-07,ads,desktop,India
2235553,2024-04-13,ads,mobile,USA
2767181,2024-02-06,email,desktop,USA
1355461,2024-01-15,ads,mobile,India
1310256,2024-04-26,ads,desktop,India
4566809,2024-01-21,organic,mobile,Australia
4179407,2024-03-11,ads,mobile,USA
4333810,2024-01-17,organic,tablet,India
1999118,2024-07-14,organic,mobile,Australia
4231533,2024-01-28,referral,mobile,India
1490897,2024-05-03,ads,tablet,USA
3534354,2024-01-22,ads,mobile,India
4009743,2024-03-15,organic,desktop,India
1599731,2024-03-02,organic,mobile,India
4867561,2024-01-21,email,desktop,USA
3420884,2024-01-03,ads,mobile,India
1039366,2024-01-08,organic,desktop,USA
3134905,2024-03-30,ads,mobile,India
1383641,2024-02-04,organic,mobile,India
4708379,2024-03-12,ads,mobile,India
3624220,2024-01-18,referral,desktop,USA
3370418,2024-05-25,organic,mobile,India
3264937,2024-04-11,ads,desktop,Canada
3780508,2024-09-23,email,tablet,Germany
2926236,2024-11-12,organic,mobile,USA
1447196,2024-05-04,organic,tablet,USA
2964933,2024-01-14,ads,mobile,Germany
4950502,2024-05-11,referral,desktop,India
1577425,2024-03-30,organic,mobile,India
4612545,2024-02-08,organic,mobile,Canada
1996098,2024-01-31,email,mobile,India
1951508,2024-01-24,organic,mobile,USA
2281954,2024-03-19,organic,mobile,Canada
4644861,2024-01-18,referral,desktop,USA
3260783,2024-02-05,organic,mobile,Germany
4450529,2024-04-23,email,mobile,India
1225717,2024-01-17,ads,mobile,India
4722715,2024-07-27,organic,mobile,USA
2507629,2024-03-09,ads,desktop,UK
2474202,2024-01-24,organic,desktop,India
1536066,2024-01-12,social,desktop,India
1661716,2024-01-31,organic,mobile,India
2883505,2024-01-11,ads,mobile,UK
2941214,2024-05-21,organic,desktop,USA
1482881,2024-03-18,ads,desktop,India
4277538,2024-04-21,referral,desktop,India
1668970,2024-02-24,organic,mobile,USA
4105971,2024-01-10,referral,mobile,India
2397321,2024-02-23,referral,mobile,USA
1079959,2024-01-15,email,desktop,USA
2467200,2024-04-09,organic,mobile,Canada
2558076,2024-01-26,organic,mobile,India
3427932,2024-01-28,social,mobile,India
2826004,2024-04-05,organic,mobile,India
3983378,2024-06-30,organic,desktop,UK
2704621,2024-02-22,referral,mobile,USA
1035522,2024-01-14,ads,mobile,USA
3031342,2024-05-28,referral,desktop,Germany
2174729,2024-02-08,ads,mobile,India
3578761,2024-01-02,ads,mobile,India
4995380,2024-07-18,organic,mobile,India
2694032,2024-04-08,ads,desktop,India
4857893,2024-04-05,organic,mobile,India
2193465,2024-04-04,ads,mobile,India
1025308,2024-01-15,organic,mobile,India
1830748,2024-02-04,organic,mobile,USA
4623450,2024-01-02,organic,desktop,Germany
2478853,2024-02-21,organic,mobile,India
4995669,2024-02-20,organic,mobile,USA
3253831,2024-04-14,organic,mobile,India
2493964,2024-01-02,referral,desktop,Canada
4203953,2024-05-14,ads,mobile,India
4689689,2024-01-20,ads,tablet,India
3098692,2024-03-05,organic,mobile,USA
4340725,2024-01-13,ads,mobile,Canada
3866464,2024-03-27,organic,desktop,Germany
3087276,2024-01-19,referral,mobile,India
1117623,2024-01-01,organic,mobile,UK
3179622,2024-01-11,ads,desktop,India
2182196,2024-04-03,ads,mobile,UK
4465182,2024-01-03,ads,tablet,India
4464154,2024-04-13,referral,desktop,USA
1202328,2024-02-01,referral,desktop,India
4896032,2024-03-26,email,mobile,Australia
4978084,2024-01-03,ads,mobile,India
4102973,2024-02-15,organic,mobile,USA
2028763,2024-01-26,organic,tablet,Germany
1532702,2024-02-26,ads,mobile,India
3804502,2024-02-03,organic,mobile,UK
3588110,2024-02-14,ads,desktop,India
4259496,2024-03-04,ads,mobile,India
1964032,2024-02-03,organic,desktop,India
3373857,2024-01-26,social,mobile,India
1987990,2024-02-14,organic,tablet,UK
2564087,2024-01-07,organic,mobile,India
2508837,2024-04-15,email,mobile,UK
1992922,2024-01-03,referral,mobile,India
3657689,2024-03-21,organic,tablet,Australia
3741207,2024-01-13,email,mobile,India
2110736,2024-03-06,referral,desktop,USA
3599277,2024-02-08,ads,mobile,USA
2476688,2024-02-23,organic,mobile,India
2316471,2024-02-20,referral,mobile,India
2973137,2024-02-10,ads,mobile,India
1525966,2024-01-03,ads,mobile,USA
1937757,2024-04-06,ads,desktop,UK
4228197,2024-03-21,ads,mobile,USA
2364903,2024-03-07,ads,desktop,India
4483637,2024-05-17,ads,mobile,India
4097724,2024-06-27,social,mobile,India
1112989,2024-01-07,referral,desktop,India
1409222,2024-03-16,organic,tablet,Canada
3431619,2024-01-18,ads,mobile,USA
1815603,2024-01-25,organic,tablet,USA
4379928,2024-03-27,ads,desktop,India
1056879,2024-05-20,referral,desktop,India
4549926,2024-01-16,ads,mobile,USA
3633439,2024-01-17,organic,tablet,India
2289599,2024-07-19,email,desktop,India
2206089,2024-01-11,organic,desktop,USA
3077312,2024-03-06,referral,desktop,India
1876656,2024-03-08,ads,tablet,Canada
1154070,2024-03-26,ads,mobile,India
3519083,2024-05-09,email,tablet,UK
1338380,2024-02-29,ads,tablet,India
3187941,2024-03-13,referral,mobile,India
2366980,2024-03-20,email,mobile,Canada
3742227,2024-03-02,organic,mobile,UK
2379931,2024-01-24,ads,tablet,USA
1340257,2024-03-01,ads,mobile,UK
2080623,2024-02-01,organic,desktop,UK
3838795,2024-02-17,organic,tablet,India
3883082,2024-01-08,ads,mobile,USA
4260070,2024-03-05,email,mobile,USA
4254721,2024-03-15,ads,desktop,India
2768316,2024-05-29,referral,desktop,India
3691270,2024-01-29,email,desktop,India
4231623,2024-01-31,organic,tablet,USA
2593356,2024-03-05,ads,mobile,India
2062375,2024-01-03,organic,mobile,India
1710299,2024-01-26,organic,mobile,UK
2881317,2024-01-30,email,tablet,India
3430848,2024-01-28,social,desktop,India
2460673,2024-02-28,ads,tablet,UK
2473922,2024-04-11,organic,mobile,UK
2630170,2024-04-03,organic,desktop,India
2018989,2024-04-24,organic,mobile,USA
3107330,2024-02-28,organic,desktop,USA
1897660,2024-06-20,email,mobile,India
4919775,2024-01-19,social,desktop,India
4166812,2024-02-02,ads,mobile,India
1718956,2024-01-11,ads,mobile,India
4831320,2024-02-21,organic,tablet,USA
3001886,2024-01-03,email,mobile,India
4506518,2024-01-19,organic,desktop,India
4601959,2024-01-12,organic,mobile,India
1121868,2024-01-25,ads,tablet,India
3328759,2024-01-09,organic,desktop,Australia
1005845,2024-01-20,organic,tablet,UK
2486625,2024-03-21,organic,mobile,India
1426559,2024-02-02,ads,mobile,Canada
2367775,2024-03-08,ads,mobile,India
3731449,2024-01-28,referral,mobile,Germany
1140307,2024-01-18,ads,desktop,India
2871143,2024-03-31,referral,mobile,India
2665406,2024-03-19,organic,mobile,USA
3844651,2024-02-19,organic,mobile,Germany
1228158,2024-01-20,organic,mobile,India
2017130,2024-01-03,ads,desktop,USA
2299635,2024-01-14,email,mobile,India
3151189,2024-02-07,organic,mobile,USA
4815213,2024-02-13,organic,tablet,India
3487656,2024-03-07,ads,mobile,USA
3497710,2024-04-26,ads,mobile,Canada
1149309,2024-01-30,referral,desktop,USA
1025421,2024-01-02,email,mobile,India
1148655,2024-02-07,referral,mobile,India
1170298,2024-01-17,referral,desktop,Canada
1281525,2024-02-13,organic,desktop,Germany
2051301,2024-01-10,email,mobile,India
3944364,2024-04-12,organic,desktop,USA
2916588,2024-02-09,organic,mobile,India
3525730,2024-01-08,referral,mobile,Canada
4072923,2024-01-31,ads,mobile,India
2739082,2024-01-22,ads,mobile,UK
1923108,2024-02-18,organic,desktop,India
4840125,2024-03-04,ads,mobile,USA
4778091,2024-01-03,social,mobile,USA
3342642,2024-01-22,organic,mobile,India
3894964,2024-03-03,ads,mobile,Canada
2877072,2024-01-11,organic,desktop,India
1213791,2024-04-15,email,mobile,USA
3209791,2024-01-16,referral,mobile,Australia
2556739,2024-01-19,organic,tablet,Germany
3282706,2024-02-07,organic,desktop,India
1648836,2024-01-22,ads,mobile,Germany
2730023,2024-06-17,organic,mobile,USA
3293818,2024-03-22,ads,mobile,USA
3626239,2024-04-24,ads,tablet,India
3260882,2024-01-20,organic,desktop,Australia
2117705,2024-08-24,email,tablet,USA
1460368,2024-01-06,social,tablet,USA
3334061,2024-02-01,organic,tablet,UK
4979103,2024-07-27,ads,desktop,India
3088724,2024-01-09,ads,mobile,India
1289064,2024-01-15,ads,mobile,India
3742742,2024-06-17,organic,desktop,India
4708831,2024-02-05,referral,mobile,India
2932498,2024-04-09,social,mobile,USA
1312438,2024-06-25,referral,desktop,India
2686148,2024-09-06,ads,tablet,India
2552616,2024-04-25,organic,mobile,India
2440779,2024-02-21,ads,desktop,USA
2334216,2024-01-30,ads,mobile,Germany
1173212,2024-05-03,email,mobile,USA
3758721,2024-01-24,organic,mobile,Canada
4438870,2024-02-07,organic,desktop,Germany
4618303,2024-07-11,referral,mobile,USA
1411697,2024-04-24,ads,tablet,India
3276425,2024-02-03,ads,mobile,USA
3762335,2024-01-26,organic,desktop,Germany
2089172,2024-01-01,email,desktop,India
2465539,2024-01-01,organic,mobile,India
2132232,2024-02-08,organic,desktop,USA
4813007,2024-02-22,ads,desktop,India
2756750,2024-07-22,ads,tablet,USA
4017830,2024-03-15,organic,mobile,Germany
2258606,2024-05-09,referral,mobile,USA
2835911,2024-03-04,organic,tablet,UK
4172993,2024-04-14,organic,mobile,UK
4133365,2024-04-12,email,desktop,USA
3244145,2024-02-07,ads,mobile,India
1669512,2024-01-22,referral,desktop,Canada
2481531,2024-04-30,organic,mobile,India
1862666,2024-03-16,organic,mobile,India
1542432,2024-02-10,social,mobile,India
1776730,2024-02-06,organic,desktop,India
1409128,2024-04-07,ads,mobile,India
3281442,2024-02-13,organic,mobile,Germany
1114673,2024-03-10,organic,desktop,India
2947502,2024-01-07,organic,mobile,USA
3644982,2024-02-19,organic,tablet,Germany
1184920,2024-01-27,ads,mobile,India
1726297,2024-01-17,organic,tablet,Australia
1713580,2024-02-18,email,mobile,India
1718132,2024-01-10,ads,mobile,USA
1822133,2024-01-01,referral,desktop,USA
2579604,2024-03-16,ads,mobile,India
4883385,2024-01-07,referral,mobile,Australia
4428169,2024-02-03,ads,mobile,Canada
4907158,2024-04-12,ads,desktop,UK
3156809,2024-01-01,referral,mobile,India
2408935,2024-03-15,social,tablet,UK
3876394,2024-02-20,ads,mobile,India
1280422,2024-09-25,social,tablet,Canada
1841085,2024-01-02,organic,tablet,India
4906813,2024-02-08,email,desktop,India
3579414,2024-01-10,email,mobile,India
2289543,2024-04-29,organic,tablet,USA
1517168,2024-03-30,organic,desktop,USA
1580692,2024-05-13,organic,mobile,Canada
2875400,2024-01-23,email,desktop,India
1545579,2024-08-02,ads,mobile,India
3658001,2024-04-11,ads,mobile,UK
1799752,2024-02-13,referral,mobile,India
1615716,2024-06-11,ads,mobile,UK
3214913,2024-06-02,ads,mobile,UK
1403795,2024-01-03,email,mobile,USA
1932890,2024-02-16,organic,desktop,India
3640505,2024-01-31,organic,mobile,Australia
4898458,2024-01-20,organic,mobile,Germany
1028271,2024-02-12,email,mobile,Germany
3696476,2024-03-07,organic,mobile,USA
1153458,2024-06-25,referral,mobile,Germany
1368472,2024-01-18,email,desktop,Australia
4324545,2024-04-10,ads,tablet,India
3781846,2024-05-30,organic,mobile,USA
1050568,2024-06-03,organic,desktop,India
3743477,2024-01-06,organic,desktop,USA
2494879,2024-02-15,ads,mobile,Canada
2088523,2024-04-30,organic,mobile,India
3534970,2024-03-08,organic,mobile,Canada
3573653,2024-03-03,organic,mobile,USA
4729079,2024-10-02,organic,tablet,India
2719420,2024-03-02,organic,mobile,India
3639809,2024-04-24,organic,mobile,UK
4035436,2024-02-23,organic,desktop,Germany
4448653,2024-01-02,ads,mobile,USA
4078458,2024-05-08,organic,mobile,India
2051365,2024-01-18,ads,mobile,India
4295488,2024-01-11,referral,mobile,India
1115037,2024-02-01,ads,desktop,India
4505533,2024-02-26,ads,mobile,India
4658635,2024-01-13,social,mobile,India
3193087,2024-01-19,social,mobile,India
3877670,2024-03-29,referral,desktop,Canada
3651169,2024-04-12,organic,desktop,USA
2111615,2024-03-30,ads,desktop,USA
1851495,2024-03-14,ads,mobile,India
2037932,2024-03-02,ads,mobile,India
2849834,2024-04-27,organic,mobile,India
4381793,2024-01-20,referral,mobile,Australia
1772566,2024-04-29,ads,mobile,India
4397628,2024-01-17,organic,mobile,India
3925754,2024-06-12,ads,mobile,India
1609642,2024-04-26,ads,desktop,India
4180031,2024-01-22,ads,mobile,India
2946449,2024-03-16,organic,mobile,UK
3153933,2024-03-15,email,desktop,India
3177235,2024-01-08,organic,mobile,India
1659430,2024-05-20,ads,desktop,India
2116104,2024-03-28,organic,desktop,USA
4800667,2024-01-19,ads,desktop,Australia
4184158,2024-01-04,email,mobile,India
2276775,2024-01-11,ads,mobile,Australia
1713131,2024-04-17,email,mobile,India
1775746,2024-02-27,organic,desktop,India
4606675,2024-01-08,organic,mobile,India
3197579,2024-06-08,email,mobile,India
1410473,2024-02-14,ads,mobile,India
4841239,2024-01-09,email,desktop,India
4675218,2024-04-30,email,desktop,Australia
1177681,2024-03-06,organic,mobile,India
3362027,2024-01-22,ads,mobile,India
2902186,2024-06-23,organic,mobile,India
1648672,2024-01-19,referral,tablet,USA
2914073,2024-02-10,social,mobile,Australia
3404224,2024-07-25,organic,desktop,India
4040077,2024-02-14,referral,desktop,USA
1445158,2024-03-21,organic,desktop,UK
4835667,2024-03-28,email,desktop,India
1950766,2024-01-11,organic,mobile,India
4030916,2024-03-08,organic,mobile,India
3746033,2024-02-09,ads,mobile,India
2339985,2024-03-14,organic,mobile,Germany
3960761,2024-01-17,ads,mobile,USA
1087065,2024-05-06,email,tablet,UK
3114764,2024-02-26,ads,mobile,USA
4917600,2024-04-04,ads,mobile,India
1854161,2024-01-03,referral,desktop,USA
3816715,2024-01-07,ads,mobile,USA
4175564,2024-01-11,social,mobile,Germany
1556033,2024-02-03,ads,desktop,India
4726522,2024-03-29,organic,mobile,India
4955173,2024-01-31,ads,desktop,Australia
1418414,2024-02-27,ads,desktop,UK
3280548,2024-01-20,ads,mobile,India
4438455,2024-05-25,organic,desktop,India
4182692,2024-08-02,ads,mobile,USA
4814189,2024-02-19,organic,desktop,USA
1974264,2024-04-20,ads,desktop,India
1900454,2024-02-12,referral,mobile,USA
2469167,2024-02-27,organic,mobile,India
1269977,2024-03-06,email,desktop,Canada
2656561,2024-09-09,organic,mobile,Canada
4532373,2024-01-24,organic,mobile,Canada
4669408,2024-03-26,organic,desktop,USA
2419855,2024-02-14,email,mobile,India
4384170,2024-02-18,ads,desktop,USA
4405049,2024-03-20,organic,tablet,India
3668512,2024-03-09,social,mobile,USA
1184602,2024-01-24,social,desktop,India
3713089,2024-03-02,email,desktop,Germany
4070020,2024-01-01,social,desktop,India
3813323,2024-02-29,email,desktop,USA
3148797,2024-02-08,ads,mobile,India
2542548,2024-01-24,organic,mobile,India
2214652,2024-03-01,email,desktop,USA
4851916,2024-05-09,organic,mobile,USA
3499557,2024-03-21,ads,mobile,Germany
1229092,2024-02-20,ads,mobile,Germany
1455811,2024-02-28,ads,desktop,India
1164432,2024-02-29,organic,desktop,India
3977734,2024-05-28,social,mobile,India
2835194,2024-05-10,referral,desktop,USA
3456657,2024-02-11,email,desktop,UK
3505334,2024-03-29,organic,desktop,UK
4559529,2024-02-04,ads,desktop,USA
4457826,2024-01-11,social,mobile,India
4353988,2024-03-22,email,mobile,Germany
3371809,2024-05-12,ads,mobile,India
4377903,2024-02-09,organic,tablet,India
2849827,2024-03-17,organic,mobile,UK
2101634,2024-02-07,ads,desktop,Germany
1199244,2024-03-08,organic,desktop,USA
3908567,2024-01-08,ads,mobile,India
1306155,2024-04-10,ads,mobile,UK
2901953,2024-01-13,email,mobile,USA
2851075,2024-01-28,organic,mobile,India
1702355,2024-02-29,ads,desktop,USA
1046630,2024-07-05,social,desktop,Germany
3175400,2024-01-19,organic,mobile,India
2348684,2024-04-14,organic,mobile,UK
3310665,2024-03-06,referral,desktop,India
1533676,2024-02-21,email,mobile,USA
1777432,2024-01-23,referral,desktop,India
2193648,2024-05-27,email,mobile,India
1867707,2024-05-21,organic,mobile,India
3803544,2024-01-24,referral,desktop,India
1238602,2024-01-01,ads,desktop,Australia
2301195,2024-03-20,organic,mobile,USA
2186713,2024-05-30,referral,desktop,India
2336364,2024-01-26,social,mobile,India
4795667,2024-07-01,organic,desktop,USA
3112890,2024-01-05,organic,tablet,India
1926933,2024-01-19,referral,mobile,Australia
1603953,2024-01-03,ads,mobile,India
4754458,2024-01-09,organic,mobile,Australia
3155644,2024-01-14,ads,mobile,Australia
4399330,2024-01-31,organic,mobile,USA
1480576,2024-05-12,organic,mobile,India
1752444,2024-02-20,email,mobile,India
3012424,2024-05-29,ads,desktop,India
3212244,2024-02-01,ads,desktop,UK
2916185,2024-03-08,email,desktop,UK
3260826,2024-01-25,referral,mobile,India
3280784,2024-03-08,organic,mobile,USA
4539414,2024-02-17,referral,mobile,Germany
2347481,2024-02-08,ads,desktop,India
1359704,2024-02-23,ads,mobile,India
4398800,2024-02-03,ads,mobile,Canada
2622691,2024-04-03,ads,mobile,India
1564338,2024-04-21,ads,desktop,Canada
3727507,2024-01-18,organic,mobile,India
1947807,2024-01-08,organic,tablet,India
2323480,2024-01-23,ads,mobile,Germany
4357751,2024-01-15,organic,mobile,India
3869211,2024-02-26,email,desktop,India
4474599,2024-01-31,social,desktop,UK
2850752,2024-05-07,organic,mobile,Australia
3249734,2024-04-13,organic,mobile,India
4249252,2024-02-08,ads,mobile,UK
1364043,2024-02-21,organic,mobile,India
1916350,2024-02-28,ads,mobile,Germany
1443726,2024-01-23,referral,mobile,India
2668373,2024-03-09,organic,desktop,Germany
1875858,2024-03-10,organic,mobile,USA
1367952,2024-03-13,referral,tablet,India
4856251,2024-03-03,organic,mobile,India
1782924,2024-01-01,organic,mobile,India
4436882,2024-02-18,ads,mobile,India
1429166,2024-01-05,social,mobile,India
3496024,2024-01-09,social,mobile,USA
4480494,2024-02-19,ads,mobile,India
2685415,2024-01-09,email,mobile,India
4456760,2024-01-07,referral,desktop,India
2403602,2024-01-16,email,mobile,India
2619435,2024-01-13,ads,desktop,USA
2597471,2024-01-05,email,desktop,India
1300710,2024-02-05,organic,desktop,India
1035967,2024-01-14,ads,tablet,USA
3144482,2024-01-08,organic,mobile,India
2424887,2024-04-04,ads,desktop,India
2970564,2024-03-20,ads,mobile,Germany
2409455,2024-01-26,ads,desktop,India
3878673,2024-01-30,organic,desktop,India
2532291,2024-04-20,organic,mobile,India
4128884,2024-05-21,referral,mobile,USA
2372450,2024-03-05,email,mobile,Canada
4249664,2024-02-12,organic,mobile,USA
3903619,2024-04-09,organic,desktop,India
2074221,2024-01-23,organic,mobile,India
3159190,2024-01-10,email,desktop,Germany
1182820,2024-04-02,email,desktop,USA
3512634,2024-02-15,ads,mobile,Germany
1727726,2024-01-09,social,desktop,USA
3749913,2024-01-14,ads,desktop,Australia
2691869,2024-01-22,organic,mobile,USA
1145745,2024-03-10,ads,mobile,India
3987236,2024-01-30,ads,tablet,USA
3550233,2024-02-24,ads,desktop,India
3809627,2024-03-10,organic,mobile,India
1993521,2024-01-14,ads,tablet,India
3621218,2024-02-17,organic,mobile,USA
2371511,2024-02-27,organic,mobile,India
2597261,2024-02-01,ads,tablet,India
4356956,2024-05-21,organic,tablet,India
1684185,2024-01-07,social,mobile,Canada
1473978,2024-02-06,ads,desktop,Australia
4865471,2024-01-15,ads,tablet,Canada
1314379,2024-06-06,social,mobile,India
4352805,2024-02-27,referral,mobile,India
1543320,2024-05-13,referral,desktop,UK
2930413,2024-04-02,ads,mobile,Australia
1496236,2024-04-06,organic,desktop,India
1571875,2024-04-05,organic,desktop,India
3523392,2024-02-03,organic,desktop,Canada
3442464,2024-04-21,social,mobile,India
2702349,2024-04-02,ads,mobile,Canada
1210773,2024-04-10,organic,mobile,USA
1747446,2024-03-19,organic,desktop,India
1204808,2024-03-31,email,desktop,India
3302816,2024-07-04,organic,mobile,India
3149106,2024-05-22,ads,mobile,India
2779192,2024-05-16,ads,mobile,UK
2530650,2024-01-09,ads,mobile,India
4690822,2024-01-13,organic,mobile,USA
3045032,2024-01-13,ads,mobile,India
3134980,2024-02-09,organic,mobile,Australia
1425317,2024-01-24,organic,mobile,UK
1238487,2024-05-14,referral,tablet,India
4717199,2024-03-23,ads,mobile,Canada
3639992,2024-03-17,organic,mobile,USA
2580831,2024-01-11,email,tablet,Canada
4729073,2024-03-05,ads,tablet,UK
4762028,2024-01-08,organic,desktop,Canada
4018276,2024-02-12,organic,mobile,Canada
3049456,2024-05-21,ads,mobile,USA
1523073,2024-01-03,ads,mobile,India
1186880,2024-04-10,ads,desktop,Canada
4713462,2024-01-20,referral,desktop,India
3311033,2024-04-14,ads,mobile,Germany
2881978,2024-01-23,organic,desktop,Canada
1151707,2024-02-05,organic,tablet,India
2865830,2024-01-05,organic,desktop,USA
3431885,2024-01-30,ads,tablet,India
1318110,2024-01-11,organic,mobile,USA
3762457,2024-03-20,organic,mobile,India
2697688,2024-01-21,referral,mobile,Australia
3227351,2024-04-03,ads,desktop,India
2671134,2024-01-18,organic,mobile,India
1807078,2024-02-19,ads,desktop,UK
3454806,2024-02-19,social,tablet,Canada
1290792,2024-03-24,organic,tablet,Germany
2331035,2024-01-05,organic,desktop,Germany
4308828,2024-06-05,referral,mobile,Canada
3069152,2024-01-13,ads,tablet,USA
2612752,2024-04-16,organic,desktop,India
1434685,2024-03-27,organic,mobile,USA
3045115,2024-01-25,organic,desktop,Australia
4304811,2024-01-26,ads,mobile,India
4453400,2024-01-14,ads,tablet,India
1919554,2024-01-03,ads,mobile,Australia
3585482,2024-01-06,ads,mobile,USA
1050391,2024-02-27,organic,desktop,India
4845743,2024-02-16,ads,mobile,India
2783510,2024-01-14,organic,mobile,Australia
2798201,2024-04-07,ads,desktop,India
3653171,2024-04-06,ads,desktop,India
3849028,2024-06-02,email,desktop,India
1477133,2024-01-13,social,desktop,India
1195358,2024-03-24,organic,mobile,USA
3318700,2024-04-16,organic,mobile,UK
2936692,2024-03-11,organic,tablet,USA
1724774,2024-02-13,ads,mobile,UK
4589159,2024-03-28,ads,mobile,USA
4264586,2024-03-03,ads,mobile,India
2238675,2024-01-13,email,desktop,India
3301869,2024-04-22,ads,mobile,Canada
2625342,2024-02-20,email,mobile,India
4240225,2024-03-03,organic,desktop,USA
3719596,2024-01-26,social,mobile,USA
2174084,2024-08-07,email,tablet,UK
3851269,2024-02-26,ads,mobile,Canada
2550655,2024-01-20,ads,desktop,India
4005546,2024-01-12,ads,mobile,India
1520292,2024-04-04,organic,mobile,UK
4604396,2024-02-07,organic,mobile,Australia
2099452,2024-02-13,ads,desktop,India
4460345,2024-01-10,ads,mobile,India
4888061,2024-06-09,organic,mobile,India
3116654,2024-02-14,organic,mobile,India
1650477,2024-03-01,ads,mobile,India
3757109,2024-01-13,organic,mobile,USA
2877957,2024-05-24,organic,mobile,India
4131778,2024-03-05,organic,mobile,India
1600179,2024-02-10,referral,desktop,India
4832579,2024-08-05,ads,tablet,India
4719172,2024-01-11,organic,desktop,India
2845775,2024-01-15,ads,mobile,India
3327939,2024-02-27,email,mobile,India
3606344,2024-01-12,ads,desktop,India
1822326,2024-02-27,organic,mobile,India
1429582,2024-01-21,organic,desktop,India
2336537,2024-01-14,ads,desktop,India
4238391,2024-01-08,referral,desktop,India
3204080,2024-04-03,organic,mobile,Canada
3962327,2024-01-19,ads,desktop,UK
2045589,2024-05-20,email,desktop,India
3734414,2024-01-29,email,mobile,India
3363293,2024-02-19,referral,mobile,Canada
3349327,2024-06-19,ads,mobile,UK
1554897,2024-01-12,email,mobile,India
3415071,2024-05-19,ads,mobile,UK
4100531,2024-01-16,email,mobile,Canada
3722345,2024-01-22,organic,mobile,India
1259859,2024-03-04,ads,mobile,Australia
2918850,2024-02-16,organic,desktop,India
2505152,2024-02-04,organic,desktop,USA
2848093,2024-01-02,referral,mobile,USA
4553036,2024-04-25,ads,mobile,Germany
2107526,2024-02-24,organic,mobile,USA
4792874,2024-01-10,referral,mobile,UK
3174149,2024-01-21,organic,mobile,Australia
2596861,2024-01-13,organic,tablet,India
3304478,2024-03-21,organic,tablet,USA
3591387,2024-01-28,organic,mobile,India
3663842,2024-02-25,email,mobile,USA
1279435,2024-02-24,ads,desktop,India
4519025,2024-03-07,organic,mobile,Australia
1675796,2024-01-15,organic,desktop,USA
2602429,2024-02-09,organic,mobile,USA
2988549,2024-02-18,email,mobile,India
2472097,2024-02-02,referral,mobile,Canada
1519468,2024-02-22,ads,mobile,UK
4814006,2024-01-05,organic,mobile,India
4330813,2024-01-19,ads,desktop,UK
3840878,2024-04-15,ads,mobile,USA
1673888,2024-01-10,organic,desktop,India
4075912,2024-05-18,ads,mobile,India
3016091,2024-05-14,organic,desktop,India
1459902,2024-03-17,referral,desktop,India
4892935,2024-01-18,organic,mobile,USA
2951015,2024-01-19,email,mobile,USA
3422662,2024-05-27,organic,mobile,USA
4877041,2024-01-01,referral,desktop,Germany
3363713,2024-01-08,organic,mobile,India
3691877,2024-01-26,organic,desktop,India
4394064,2024-02-28,ads,mobile,UK
4236149,2024-01-31,email,mobile,India
1794624,2024-03-19,organic,mobile,UK
1073782,2024-03-03,referral,desktop,India
2856076,2024-02-15,organic,desktop,India
4715954,2024-03-03,social,mobile,India
1092061,2024-06-01,organic,mobile,Canada
4112163,2024-02-08,ads,mobile,USA
3144956,2024-03-16,organic,desktop,USA
1843191,2024-01-13,organic,mobile,India
2148890,2024-02-22,ads,tablet,India
2076928,2024-05-30,organic,mobile,Germany
1773849,2024-01-13,organic,desktop,Australia
2243707,2024-07-25,organic,mobile,India
3718606,2024-02-16,email,desktop,USA
2658423,2024-03-23,organic,desktop,India
2060302,2024-01-21,organic,mobile,Germany
4660883,2024-02-09,ads,desktop,Germany
1400235,2024-06-10,social,mobile,Canada
3882112,2024-02-21,email,mobile,India
1273612,2024-01-13,organic,desktop,USA
3705075,2024-01-13,ads,mobile,India
3745913,2024-03-09,social,mobile,Germany
4415314,2024-02-15,organic,mobile,India
1437072,2024-05-20,organic,mobile,India
2302935,2024-03-21,organic,desktop,India
3801140,2024-04-10,organic,mobile,India
3995065,2024-01-19,ads,mobile,USA
1316934,2024-01-25,organic,desktop,UK
2732909,2024-01-25,organic,desktop,Australia
2209822,2024-02-21,ads,tablet,Australia
1757978,2024-03-03,ads,tablet,UK
3888465,2024-06-01,organic,desktop,USA
1744887,2024-01-31,organic,tablet,India
1146146,2024-01-19,social,mobile,India
2356522,2024-02-16,organic,mobile,India
1928635,2024-01-14,organic,mobile,India
2279758,2024-06-02,ads,mobile,UK
3799911,2024-01-18,organic,desktop,USA
4078515,2024-02-27,email,tablet,India
1801283,2024-04-02,ads,mobile,UK
1066918,2024-01-01,ads,mobile,USA
3002701,2024-02-07,organic,mobile,India
4170968,2024-09-18,referral,mobile,India
2159256,2024-02-04,ads,mobile,India
4832755,2024-01-06,organic,mobile,Australia
1790207,2024-01-28,organic,mobile,India
4133710,2024-01-17,organic,mobile,UK
2629186,2024-02-11,email,mobile,India
2391285,2024-05-15,organic,mobile,India
2654841,2024-03-18,organic,mobile,Canada
3477391,2024-03-18,organic,desktop,India
1068630,2024-03-23,ads,mobile,Australia
3351506,2024-03-08,ads,mobile,UK
2653052,2024-05-06,organic,desktop,Canada
2295363,2024-03-16,referral,tablet,UK
4568385,2024-02-16,organic,mobile,USA
1880547,2024-01-22,ads,mobile,India
4369910,2024-04-18,organic,mobile,India
3990412,2024-03-11,ads,mobile,USA
3621583,2024-03-18,organic,desktop,USA
1761936,2024-02-01,email,mobile,Canada
2728258,2024-01-22,referral,mobile,USA
2764469,2024-02-25,email,mobile,Australia
3105215,2024-03-08,organic,mobile,India
1635352,2024-01-23,ads,desktop,Germany
2315990,2024-02-19,organic,mobile,India
1180557,2024-01-02,organic,desktop,USA
3402779,2024-04-27,organic,tablet,Canada
3317043,2024-04-02,ads,mobile,UK
3437808,2024-01-26,organic,tablet,UK
4849438,2024-05-10,organic,mobile,India
4522696,2024-01-07,social,mobile,USA
2584634,2024-08-21,organic,mobile,Germany
4345448,2024-02-07,social,mobile,India
1274970,2024-01-05,organic,mobile,India
3272045,2024-01-06,social,desktop,India
4995899,2024-02-15,organic,mobile,India
4935163,2024-01-09,ads,desktop,Canada
4659871,2024-03-19,organic,desktop,USA
2283302,2024-01-31,ads,desktop,India
2355245,2024-01-03,ads,mobile,India
4374155,2024-03-29,organic,mobile,USA
1398885,2024-03-29,ads,desktop,India
1344667,2024-01-20,organic,mobile,Canada
3544406,2024-01-27,organic,tablet,India
3313352,2024-04-14,ads,mobile,USA
1327976,2024-01-05,organic,tablet,Canada
1628053,2024-02-01,ads,desktop,India
3056258,2024-02-05,organic,mobile,USA
1180654,2024-01-29,organic,mobile,India
2811945,2024-02-16,email,mobile,Canada
2953963,2024-02-02,email,mobile,UK
2013199,2024-01-14,ads,desktop,UK
3177129,2024-03-23,ads,mobile,India
4727956,2024-01-10,email,tablet,India
2766503,2024-08-04,organic,mobile,India
1767920,2024-01-03,organic,mobile,India
4144070,2024-06-03,organic,mobile,India
4053790,2024-01-08,ads,mobile,India
4335648,2024-01-20,email,desktop,India
2962331,2024-04-20,email,mobile,UK
3067310,2024-04-05,ads,desktop,Canada
2878253,2024-02-13,organic,mobile,UK
1023392,2024-03-10,referral,mobile,UK
4365817,2024-03-30,organic,desktop,UK
4314821,2024-02-11,organic,mobile,Canada
1934781,2024-01-23,ads,mobile,USA
3519927,2024-03-27,organic,desktop,Canada
4006593,2024-07-26,organic,desktop,India
2288349,2024-01-10,referral,mobile,Germany
3465297,2024-07-05,organic,tablet,USA
3706080,2024-11-27,organic,desktop,India
2258142,2024-01-21,organic,tablet,Germany
1956073,2024-04-24,organic,tablet,India
2637948,2024-03-04,organic,mobile,Canada
4338651,2024-04-24,organic,desktop,India
2718280,2024-04-29,ads,mobile,India
3949441,2024-06-06,referral,mobile,Canada
2637430,2024-03-19,organic,mobile,UK
3327644,2024-03-24,email,mobile,India
3585552,2024-03-05,referral,desktop,India
3013199,2024-07-02,referral,desktop,Canada
4254412,2024-01-20,organic,mobile,USA
2154855,2024-02-12,organic,mobile,USA
1666215,2024-03-06,organic,mobile,India
2608692,2024-01-05,referral,mobile,India
4377439,2024-01-12,organic,mobile,India
2473148,2024-02-16,organic,mobile,USA
2692572,2024-02-16,organic,tablet,India
3054224,2024-04-23,ads,mobile,USA
1515577,2024-02-09,organic,desktop,USA
3647447,2024-04-29,ads,desktop,India
1012737,2024-01-16,organic,mobile,India
2575853,2024-01-20,organic,mobile,USA
1350601,2024-03-07,organic,mobile,UK
3710149,2024-09-17,organic,mobile,USA
1832358,2024-01-05,organic,tablet,USA
1504713,2024-02-03,ads,mobile,USA
3520763,2024-03-14,ads,mobile,USA
2575750,2024-02-26,organic,mobile,India
3464445,2024-01-02,ads,desktop,UK
3271002,2024-01-16,organic,mobile,India
2011790,2024-03-14,ads,mobile,USA
2121870,2024-01-21,ads,mobile,Germany
1568693,2024-01-30,social,mobile,Canada
1502339,2024-04-07,ads,desktop,Canada
2051659,2024-01-03,referral,desktop,USA
4917060,2024-01-16,ads,desktop,India
4109315,2024-01-10,organic,mobile,UK
2239365,2024-01-31,referral,desktop,Canada
3094734,2024-02-10,social,desktop,USA
4967642,2024-01-20,ads,tablet,India
1480382,2024-03-11,email,desktop,India
3320889,2024-05-14,ads,mobile,UK
2453405,2024-02-18,email,desktop,Canada
3544176,2024-01-15,email,desktop,India
1842781,2024-01-22,organic,mobile,India
4550132,2024-01-30,organic,mobile,India
4800880,2024-02-02,organic,mobile,India
4864848,2024-03-23,organic,desktop,Australia
1733051,2024-07-25,referral,mobile,India
1511033,2024-02-20,organic,desktop,India
2162530,2024-06-09,referral,mobile,Canada
1516683,2024-02-10,email,mobile,UK
3783091,2024-02-19,ads,mobile,India
1078934,2024-01-31,organic,mobile,Germany
2864171,2024-06-22,organic,mobile,Australia
3804812,2024-04-11,email,mobile,Germany
2924215,2024-01-17,social,desktop,USA
2312621,2024-01-14,ads,mobile,Germany
2788566,2024-04-21,ads,mobile,India
2812669,2024-01-31,organic,tablet,USA
2618382,2024-02-20,organic,tablet,India
2001829,2024-01-29,ads,desktop,India
4383853,2024-04-19,ads,desktop,Canada
2432896,2024-01-13,ads,desktop,India
3077589,2024-03-23,organic,mobile,India
2379130,2024-03-09,ads,tablet,India
3393876,2024-02-08,organic,mobile,USA
1523564,2024-02-28,organic,desktop,India
4286027,2024-01-13,referral,mobile,India
1920330,2024-02-20,referral,desktop,India
4448475,2024-03-09,referral,mobile,Canada
2904592,2024-01-10,organic,tablet,Canada
1173018,2024-01-09,organic,desktop,UK
1291540,2024-01-03,organic,mobile,India
1360221,2024-02-05,ads,desktop,Australia
2467126,2024-01-08,email,mobile,India
3052788,2024-03-05,ads,mobile,USA
3196849,2024-03-05,social,mobile,India
2864124,2024-02-04,email,mobile,India
2084113,2024-01-03,ads,mobile,India
1461691,2024-04-15,organic,mobile,UK
1824630,2024-01-11,email,desktop,Germany
4307882,2024-02-23,email,tablet,Canada
4396098,2024-02-12,organic,desktop,India
3692544,2024-02-02,social,desktop,USA
2379908,2024-02-01,referral,mobile,USA
1340346,2024-07-08,ads,mobile,India
3808677,2024-01-20,ads,mobile,India
4638655,2024-06-14,email,desktop,India
4225815,2024-01-15,ads,tablet,Germany
2333182,2024-01-09,ads,desktop,India
2693155,2024-02-12,organic,desktop,India
3018873,2024-04-18,ads,mobile,India
1175392,2024-02-18,ads,desktop,India
3235440,2024-06-15,organic,mobile,UK
4713156,2024-02-10,organic,mobile,Canada
4527710,2024-01-27,organic,desktop,Germany
2402761,2024-03-28,ads,desktop,USA
3238666,2024-01-08,organic,mobile,Germany
4847604,2024-01-05,organic,desktop,USA
1933805,2024-02-05,referral,desktop,India
2492570,2024-02-12,email,desktop,USA
4382690,2024-06-20,organic,mobile,India
4860104,2024-01-06,organic,desktop,India
1328759,2024-06-13,organic,mobile,India
4876139,2024-03-05,ads,desktop,Germany
1904889,2024-01-27,organic,mobile,USA
2045201,2024-02-22,ads,mobile,India
3419340,2024-05-17,ads,tablet,India
2948600,2024-05-18,email,mobile,India
4314593,2024-01-14,organic,desktop,USA
4839644,2024-01-11,ads,mobile,India
2419589,2024-02-14,ads,desktop,UK
2676229,2024-01-31,organic,desktop,USA
1285040,2024-01-25,referral,mobile,India
4669483,2024-02-10,organic,desktop,India
1916201,2024-04-10,ads,desktop,India
3793523,2024-01-29,organic,mobile,India
2447018,2024-04-18,organic,mobile,USA
2923909,2024-04-28,ads,mobile,India
1745333,2024-01-26,organic,mobile,USA
3498100,2024-02-02,organic,mobile,Germany
3572355,2024-02-29,referral,desktop,India
1250492,2024-02-20,email,mobile,India
4473959,2024-01-28,organic,tablet,India
1673160,2024-01-03,referral,mobile,India
2112896,2024-03-13,ads,desktop,Germany
2481527,2024-01-18,organic,tablet,UK
2198013,2024-01-17,ads,mobile,Canada
4778698,2024-05-01,ads,mobile,Canada
4492474,2024-04-01,organic,desktop,UK
2815668,2024-04-03,organic,desktop,Canada
3010240,2024-02-03,email,desktop,India
4297468,2024-04-23,ads,desktop,USA
4104084,2024-04-27,email,desktop,Canada
4291273,2024-03-18,referral,mobile,India
1808328,2024-01-15,organic,mobile,India
3945792,2024-01-04,ads,mobile,India
3030762,2024-04-07,ads,desktop,USA
2950905,2024-01-22,organic,desktop,USA
1623625,2024-01-11,ads,desktop,India
1496326,2024-02-17,email,mobile,USA
4164618,2024-02-14,organic,desktop,Canada
4009965,2024-01-06,ads,mobile,India
4244822,2024-02-22,organic,tablet,UK
4230474,2024-03-04,ads,tablet,UK
4220647,2024-05-15,organic,desktop,India
2843349,2024-02-29,organic,mobile,India
2216261,2024-05-03,email,mobile,Canada
2517328,2024-03-30,ads,desktop,USA
4646872,2024-07-11,referral,desktop,India
3475174,2024-08-20,organic,mobile,India
3572212,2024-07-16,organic,mobile,India
3950911,2024-02-07,organic,mobile,India
1338920,2024-01-24,email,mobile,USA
4654145,2024-04-08,ads,desktop,UK
3865514,2024-02-11,organic,mobile,Australia
2224242,2024-04-25,organic,mobile,USA
4989251,2024-04-03,ads,desktop,India
2275833,2024-01-05,ads,mobile,Canada
4630733,2024-02-09,social,mobile,Canada
2472522,2024-02-17,social,mobile,India
4977907,2024-07-09,organic,mobile,India
2638153,2024-03-03,ads,mobile,USA
2922505,2024-03-15,organic,mobile,India
4917634,2024-01-07,organic,desktop,India
4968842,2024-01-17,ads,mobile,India
2603200,2024-03-10,organic,mobile,UK
2185474,2024-06-16,organic,mobile,India
4552943,2024-03-04,organic,mobile,India
2669183,2024-04-11,organic,mobile,Germany
4768184,2024-01-21,referral,mobile,Germany
2679428,2024-03-30,organic,tablet,India
3573901,2024-02-03,email,mobile,USA
3617143,2024-01-30,organic,mobile,India
2111944,2024-02-10,organic,mobile,UK
2210782,2024-07-14,ads,desktop,Canada
1011688,2024-06-03,organic,tablet,Canada
3416235,2024-01-03,organic,mobile,India
3022219,2024-03-20,ads,mobile,Australia
3382957,2024-03-06,social,desktop,India
4227026,2024-01-16,email,mobile,USA
1278226,2024-01-05,ads,desktop,India
2495140,2024-02-27,ads,desktop,India
4643401,2024-01-03,ads,desktop,USA
3014917,2024-02-02,social,mobile,UK
2686604,2024-03-20,organic,mobile,USA
3421245,2024-04-20,organic,tablet,USA
1486011,2024-01-19,referral,desktop,Canada
1319536,2024-04-24,organic,desktop,UK
1936233,2024-03-30,organic,tablet,India
3353889,2024-03-08,ads,desktop,Germany
4241507,2024-03-09,email,desktop,India
2951312,2024-03-07,referral,mobile,India
4367071,2024-01-04,ads,desktop,UK
3129722,2024-01-27,organic,desktop,India
3243508,2024-01-20,email,mobile,India
3579419,2024-01-31,organic,desktop,USA
4480995,2024-01-12,email,mobile,India
4349287,2024-01-24,organic,desktop,India
4724312,2024-04-12,organic,mobile,Canada
1413949,2024-05-09,ads,mobile,India
2526638,2024-01-07,organic,mobile,USA
1873013,2024-01-04,ads,mobile,UK
3758984,2024-04-15,organic,desktop,India
3308464,2024-01-11,referral,mobile,USA
4907973,2024-02-03,organic,tablet,Australia
3826988,2024-02-10,referral,mobile,India
4433049,2024-08-31,organic,mobile,USA
1237544,2024-03-27,organic,mobile,Canada
1691967,2024-01-16,organic,desktop,USA
1736753,2024-01-04,ads,mobile,India
2580976,2024-07-13,organic,desktop,India
3286580,2024-02-01,organic,mobile,USA
4946355,2024-02-24,referral,desktop,Canada
3326265,2024-01-15,organic,mobile,Germany
2093606,2024-02-13,referral,mobile,USA
4397673,2024-01-19,ads,desktop,Canada
2225961,2024-01-02,organic,mobile,Canada
2172524,2024-01-07,referral,mobile,USA
3398047,2024-02-20,ads,tablet,USA
4986139,2024-02-21,organic,tablet,Germany
2977730,2024-02-26,referral,mobile,India
3196233,2024-04-14,organic,mobile,USA
3330708,2024-03-19,organic,mobile,Germany
1512272,2024-01-18,ads,mobile,Germany
4890894,2024-02-01,ads,desktop,Canada
2088956,2024-02-17,ads,mobile,USA
2508325,2024-02-27,organic,tablet,USA
3727001,2024-02-08,ads,mobile,India
3228549,2024-02-06,organic,mobile,India
2030946,2024-02-03,email,mobile,India
4435674,2024-04-28,organic,mobile,Germany
2901983,2024-01-02,ads,desktop,India
1457721,2024-02-19,social,tablet,Canada
4023448,2024-05-11,social,desktop,UK
1488947,2024-01-31,referral,mobile,UK
4291274,2024-01-15,email,desktop,USA
1564352,2024-01-24,organic,mobile,Canada
4978105,2024-01-02,organic,mobile,India
2494573,2024-04-01,organic,mobile,Canada
4019949,2024-01-03,referral,mobile,USA
1433925,2024-03-04,ads,mobile,India
2837536,2024-05-05,email,desktop,India
2882794,2024-01-05,email,mobile,UK
3667723,2024-02-13,referral,mobile,USA
2807714,2024-02-17,ads,mobile,India
3486768,2024-04-09,organic,mobile,Canada
4886412,2024-01-19,referral,tablet,UK
4045713,2024-02-24,ads,desktop,UK
4481337,2024-01-11,ads,mobile,India
2309500,2024-01-24,referral,desktop,India
2070686,2024-07-31,ads,mobile,USA
3984916,2024-01-26,referral,desktop,USA
4899210,2024-01-24,ads,mobile,Australia
4730946,2024-01-02,referral,mobile,India
1476826,2024-01-02,email,mobile,Germany
1120239,2024-04-01,referral,mobile,UK
3451765,2024-02-01,organic,mobile,Canada
2865833,2024-02-21,ads,mobile,India
1789933,2024-03-16,organic,mobile,Canada
1822272,2024-02-27,email,mobile,India
2664982,2024-01-02,organic,tablet,India
4470435,2024-01-21,email,mobile,India
3377988,2024-02-21,email,mobile,UK
1434610,2024-02-23,organic,mobile,Germany
2996741,2024-06-02,organic,mobile,Australia
3437328,2024-02-20,email,mobile,USA
2698637,2024-03-20,organic,mobile,USA
1795040,2024-02-13,organic,mobile,Germany
4785233,2024-01-16,organic,mobile,Canada
4736815,2024-03-16,ads,desktop,Australia
4654519,2024-02-27,ads,desktop,India
1577053,2024-04-19,email,desktop,Australia
3549574,2024-01-21,ads,mobile,India
1435787,2024-02-27,social,desktop,UK
3868501,2024-01-20,referral,desktop,UK
2842359,2024-02-25,ads,desktop,Canada
4915463,2024-03-19,ads,mobile,Australia
1960895,2024-02-13,organic,mobile,USA
3879186,2024-03-28,email,mobile,USA
2568762,2024-01-25,organic,mobile,Australia
2549125,2024-01-28,organic,mobile,UK
1885191,2024-02-12,ads,tablet,India
3514058,2024-02-18,organic,mobile,India
4192155,2024-01-02,organic,desktop,USA
1980589,2024-07-04,email,mobile,India
2743947,2024-03-10,organic,tablet,India
4773667,2024-01-27,ads,mobile,UK
1636934,2024-03-03,organic,mobile,USA
1820269,2024-03-11,ads,tablet,Australia
3060983,2024-02-17,ads,tablet,India
4106124,2024-03-14,ads,desktop,India
2487321,2024-03-07,organic,desktop,India
2738089,2024-01-05,organic,desktop,USA
4179150,2024-02-28,organic,mobile,India
1364130,2024-07-27,organic,mobile,Australia
1278361,2024-01-14,organic,desktop,India
1832612,2024-03-21,social,desktop,USA
3896668,2024-04-14,organic,desktop,India
1725895,2024-04-01,organic,mobile,USA
4790171,2024-01-28,ads,mobile,India
2959536,2024-02-16,ads,mobile,Germany
2103480,2024-01-23,referral,mobile,India
1088565,2024-01-21,ads,mobile,India
4553808,2024-05-04,organic,desktop,USA
4801757,2024-09-17,organic,mobile,USA
3539483,2024-03-16,organic,desktop,India
3058765,2024-09-05,referral,desktop,Germany
2669229,2024-01-30,email,mobile,India
3518110,2024-01-05,organic,desktop,Canada
1732164,2024-01-12,organic,mobile,USA
2924403,2024-01-06,organic,desktop,India
3230936,2024-01-06,organic,desktop,India
1396178,2024-11-14,email,desktop,Germany
4332468,2024-09-21,organic,desktop,Australia
4087435,2024-01-27,organic,mobile,India
4032032,2024-01-03,ads,mobile,Germany
1581437,2024-01-02,ads,mobile,Australia
3179064,2024-01-30,organic,desktop,Australia
3207389,2024-01-28,ads,mobile,India
4390479,2024-01-09,email,mobile,Germany
2605125,2024-03-12,ads,mobile,India
1867240,2024-02-12,ads,mobile,India
3254644,2024-04-04,organic,desktop,India
3763774,2024-03-10,ads,mobile,India
2791895,2024-03-15,organic,mobile,India
3170431,2024-01-29,organic,mobile,USA
2456348,2024-02-13,organic,mobile,UK
4769861,2024-01-07,social,mobile,India
3429030,2024-03-19,organic,mobile,Canada
4645222,2024-03-28,organic,mobile,India
3849754,2024-01-04,referral,desktop,UK
1602990,2024-10-06,organic,mobile,India
2885516,2024-03-14,ads,mobile,USA
2837441,2024-01-20,social,desktop,Germany
4127462,2024-02-27,organic,mobile,USA
1627180,2024-03-12,organic,mobile,India
3430762,2025-02-17,email,desktop,Germany
4535194,2024-07-04,organic,mobile,India
2885066,2024-01-01,referral,mobile,India
2809888,2024-02-16,organic,tablet,India
2090058,2024-01-26,email,desktop,India
1632991,2024-02-23,ads,mobile,USA
2323575,2024-02-15,ads,desktop,UK
2819476,2024-01-03,social,mobile,India
2025343,2024-01-07,organic,mobile,USA
1318430,2024-01-29,referral,desktop,UK
1074514,2024-04-10,organic,mobile,Australia
2210234,2024-01-23,ads,mobile,Canada
1164449,2024-03-08,ads,tablet,USA
4971198,2024-05-30,organic,mobile,USA
3341308,2024-01-14,organic,mobile,India
1767148,2024-01-21,ads,desktop,UK
3680129,2024-01-05,organic,mobile,India
4354041,2024-01-19,organic,mobile,India
2832114,2024-01-20,referral,mobile,USA
1949985,2024-03-13,email,mobile,India
2634805,2024-02-27,email,desktop,USA
2248579,2024-01-21,organic,mobile,India
1362181,2024-02-05,ads,mobile,USA
4481483,2024-01-09,ads,mobile,UK
4760880,2024-04-03,ads,tablet,India
1849921,2024-04-20,email,mobile,USA
2984932,2024-01-11,ads,mobile,UK
4349310,2024-03-12,email,tablet,India
2281521,2024-02-02,referral,mobile,Australia
3626563,2024-03-23,organic,mobile,Germany
1489387,2024-02-24,organic,mobile,UK
3008836,2024-01-29,organic,tablet,USA
4856511,2024-04-04,organic,desktop,USA
1229838,2024-03-12,ads,mobile,India
2310322,2024-02-24,email,mobile,UK
3239219,2024-04-23,organic,mobile,USA
2332891,2024-01-31,organic,desktop,India
2591660,2024-05-28,ads,desktop,India
2139185,2024-03-17,ads,mobile,UK
1638421,2024-02-12,ads,mobile,India
3253408,2024-01-24,ads,mobile,India
1118404,2024-03-07,social,mobile,Australia
3957333,2024-04-02,organic,tablet,Australia
4929767,2024-01-24,ads,mobile,India
3366418,2024-02-14,ads,mobile,USA
3172366,2024-01-07,ads,desktop,India
3578322,2024-02-06,referral,tablet,India
1270849,2024-01-06,organic,mobile,India
3237362,2024-01-02,referral,mobile,India
4998014,2024-01-10,organic,mobile,Canada
4474199,2024-01-25,ads,desktop,India
1572935,2024-01-19,organic,mobile,India
2395184,2024-01-21,organic,tablet,USA
3963587,2024-02-10,email,desktop,India
4154299,2024-02-16,ads,desktop,India
1437617,2024-03-04,ads,desktop,USA
2832278,2024-01-02,ads,mobile,Australia
3778725,2024-01-18,email,mobile,Germany
4933559,2024-10-18,organic,desktop,India
1940350,2024-01-20,referral,mobile,India
2966880,2024-01-03,email,mobile,Canada
1598834,2024-01-15,ads,desktop,Australia
1114744,2024-02-21,ads,mobile,USA
3866616,2024-02-03,ads,desktop,India
4176592,2024-02-23,organic,desktop,Canada
1870871,2024-01-03,ads,mobile,USA
2641831,2024-03-27,ads,mobile,India
2918013,2024-01-18,ads,mobile,India
1443180,2024-02-22,ads,tablet,India
3185845,2024-05-25,organic,mobile,Canada
4524575,2024-04-17,organic,mobile,India
2326238,2024-04-08,referral,desktop,India
4732466,2024-06-26,email,mobile,USA
4399843,2024-02-22,organic,mobile,USA
4741605,2024-02-15,email,mobile,India
1546037,2024-01-28,organic,tablet,USA
2726013,2024-02-10,ads,tablet,India
1913629,2024-02-28,referral,desktop,India
3887614,2024-03-21,organic,desktop,UK
4427879,2024-04-16,organic,mobile,India
4670182,2024-04-09,social,desktop,India
1822108,2024-01-28,organic,desktop,Canada
4533135,2024-01-27,social,mobile,USA
3418947,2024-06-04,ads,mobile,USA
2747297,2024-03-24,email,mobile,Germany
3436605,2024-01-10,organic,mobile,India
3961462,2024-06-11,ads,mobile,UK
3612260,2024-01-07,organic,mobile,India
3140266,2024-01-04,referral,mobile,India
4684637,2024-04-27,ads,mobile,India
2285144,2024-02-06,organic,desktop,UK
2677551,2024-01-22,ads,desktop,Germany
2871956,2024-02-12,referral,mobile,India
4997674,2024-01-29,ads,mobile,India
1974599,2024-08-12,organic,mobile,UK
4895215,2024-01-19,ads,mobile,Germany
1269343,2024-01-11,email,desktop,Australia
1449153,2024-04-26,ads,mobile,India
1148645,2024-01-13,organic,desktop,Australia
3560517,2024-01-03,ads,mobile,Australia
4058969,2024-03-20,organic,mobile,USA
4630181,2024-01-05,social,mobile,UK
4347597,2024-01-08,referral,mobile,USA
4864020,2024-06-16,email,desktop,Germany
3377435,2024-03-11,ads,tablet,India
2398810,2024-03-17,social,mobile,USA
1874681,2024-02-11,ads,mobile,USA
3104719,2024-02-04,social,mobile,Canada
1413074,2024-03-19,ads,mobile,India
4611997,2024-04-26,ads,mobile,Canada
4282654,2024-05-12,organic,mobile,Germany
4052813,2024-01-13,social,mobile,India
3619923,2024-04-20,email,tablet,India
1986673,2024-06-21,organic,mobile,Canada
2423182,2024-01-22,organic,tablet,Canada
3627745,2024-02-03,organic,mobile,USA
3588926,2024-02-13,ads,tablet,India
3652997,2024-06-16,organic,mobile,UK
3353093,2024-02-13,ads,mobile,Australia
1215010,2024-01-06,social,mobile,India
3750191,2024-05-13,organic,mobile,Germany
2827862,2024-01-24,referral,desktop,India
4344475,2024-06-29,ads,desktop,India
2593107,2024-01-09,referral,desktop,India
4262130,2024-07-17,organic,mobile,Germany
4024581,2024-02-26,ads,desktop,USA
2667397,2024-01-30,ads,mobile,USA
4484611,2024-02-04,organic,desktop,UK
1374868,2024-01-03,social,desktop,India
3564169,2024-01-23,organic,mobile,India
3682559,2024-01-04,ads,mobile,USA
3886331,2024-01-03,ads,mobile,India
3349115,2024-03-02,organic,tablet,Germany
2644547,2024-03-28,referral,mobile,UK
2077725,2024-01-16,ads,desktop,USA
2966143,2024-03-07,organic,tablet,USA
4726837,2024-03-11,organic,desktop,Australia
2419753,2024-01-11,ads,mobile,India
3508614,2024-01-09,organic,mobile,India
3954812,2024-05-28,organic,desktop,Canada
3421558,2024-02-18,email,mobile,India
1044350,2024-04-04,social,desktop,USA
3209353,2024-05-29,ads,mobile,India
3581622,2024-05-13,social,desktop,USA
3877801,2024-02-06,email,mobile,UK
2587370,2024-06-05,ads,mobile,India
3172376,2024-01-27,email,desktop,India
2296528,2024-02-22,ads,tablet,India
1216508,2024-03-06,organic,desktop,Canada
4544859,2024-09-29,referral,desktop,India
2522130,2024-01-17,social,mobile,India
2636873,2024-01-07,email,desktop,Canada
3550664,2024-01-21,organic,mobile,USA
2491359,2024-11-02,ads,desktop,India
3830080,2024-04-20,organic,desktop,UK
2760585,2024-06-01,organic,mobile,India
1273173,2024-10-14,referral,desktop,India
3404184,2024-01-08,referral,desktop,India
4846379,2024-02-04,ads,mobile,Canada
3805387,2024-01-23,ads,desktop,USA
1658975,2024-01-23,email,mobile,India
3549591,2024-01-02,organic,desktop,Canada
2778565,2024-01-07,organic,tablet,India
2632209,2024-01-23,ads,mobile,UK
1561891,2024-01-10,organic,desktop,India
1864915,2024-01-29,email,desktop,Germany
3992788,2024-03-12,ads,mobile,Germany
1751356,2024-03-03,social,desktop,UK
1308854,2024-02-21,referral,desktop,Germany
1648157,2024-07-19,organic,tablet,USA
3849083,2024-01-11,organic,mobile,Canada
4043794,2024-02-04,ads,mobile,India
3610838,2024-07-26,organic,desktop,India
2846162,2024-01-03,organic,desktop,India
4490824,2024-02-10,organic,desktop,India
3713344,2024-02-25,referral,mobile,USA
1919906,2024-01-27,organic,tablet,India
3506887,2024-04-18,referral,mobile,India
1903253,2024-05-28,organic,desktop,Germany
2914748,2024-02-26,organic,mobile,Canada
4072887,2024-02-10,organic,mobile,India
3139517,2024-03-04,organic,desktop,UK
3292084,2024-01-03,ads,desktop,Germany
1272148,2024-01-29,ads,mobile,USA
3672895,2024-03-25,email,desktop,India
3505598,2024-01-17,social,mobile,Canada
4136518,2024-01-17,organic,desktop,India
2315840,2024-01-11,referral,desktop,UK
1746768,2024-02-04,referral,mobile,India
4827002,2024-03-27,email,desktop,USA
3842588,2024-02-21,organic,mobile,USA
2061254,2024-01-28,organic,desktop,India
4649046,2024-01-04,email,tablet,Canada
3140823,2024-03-23,organic,mobile,India
3348654,2024-01-04,social,tablet,UK
3011877,2024-04-15,organic,mobile,USA
4366890,2024-01-14,referral,mobile,India
2155749,2024-01-03,organic,mobile,India
4649821,2024-02-10,organic,mobile,India
4451906,2024-03-16,organic,mobile,Canada
2731463,2024-02-26,referral,mobile,USA
4353885,2024-02-19,organic,desktop,Canada
1112282,2024-01-17,referral,mobile,India
3757456,2024-02-02,organic,mobile,USA
4049381,2024-01-21,organic,desktop,India
1344475,2024-02-27,organic,mobile,UK
2478580,2024-02-16,ads,desktop,India
3113412,2024-04-06,ads,mobile,Canada
1438709,2024-02-07,ads,desktop,USA
1714225,2024-01-12,organic,desktop,India
3990378,2024-07-06,ads,mobile,India
1477526,2024-05-09,email,desktop,India
2897536,2024-02-11,email,desktop,USA
2339886,2024-04-10,organic,desktop,India
1484193,2024-04-08,referral,mobile,USA
1497786,2024-02-26,organic,mobile,India
1627552,2024-06-06,organic,mobile,UK
4040682,2024-02-03,referral,mobile,USA
4521867,2024-02-13,email,mobile,India
4434459,2024-01-31,organic,desktop,USA
4588413,2024-03-20,email,mobile,USA
1334068,2024-01-02,organic,mobile,Germany
4562572,2024-01-11,ads,mobile,India
1358147,2024-02-02,ads,tablet,India
2898648,2024-03-13,email,mobile,India
1340246,2024-03-19,referral,mobile,India
2264778,2024-02-17,organic,mobile,India
1562858,2024-03-07,organic,desktop,USA
2816450,2024-02-10,organic,tablet,India
1879558,2024-01-18,organic,desktop,India
1173591,2024-01-30,social,mobile,Germany
4897438,2024-02-19,ads,tablet,India
1613638,2024-01-01,organic,mobile,Canada
2357361,2024-01-12,organic,desktop,India
3065685,2024-05-18,ads,mobile,India
3079654,2024-02-15,email,tablet,Canada
3754839,2024-03-25,ads,mobile,Germany
4075037,2024-03-15,organic,mobile,Germany
2382414,2024-01-31,organic,mobile,UK
4382515,2024-01-21,organic,desktop,UK
4327680,2024-01-04,ads,mobile,India
3873967,2024-03-29,referral,mobile,Germany
3268068,2024-03-09,ads,mobile,India
4253148,2024-03-05,organic,mobile,India
1653848,2024-03-02,email,mobile,Canada
2119092,2024-03-17,ads,mobile,UK
2820061,2024-02-02,organic,desktop,India
4257573,2024-03-05,referral,mobile,USA
1850051,2024-02-16,referral,mobile,Canada
4093367,2024-03-25,referral,mobile,Canada
3330205,2024-01-06,ads,tablet,Australia
1243796,2024-01-16,organic,desktop,India
2077485,2024-01-28,organic,mobile,Canada
1320955,2024-04-18,ads,mobile,India
4665257,2024-03-12,organic,mobile,USA
2812298,2024-03-13,email,tablet,India
4373478,2024-03-08,referral,desktop,Canada
3186775,2024-01-23,organic,desktop,USA
1959682,2024-01-07,ads,desktop,USA
4493623,2024-01-31,organic,tablet,India
4638262,2024-01-18,ads,mobile,Germany
3359951,2024-05-29,social,mobile,India
3882818,2024-05-17,referral,mobile,Canada
4104501,2024-06-25,organic,mobile,USA
2516062,2024-02-24,ads,mobile,India
3053047,2024-02-01,organic,mobile,India
4896868,2024-02-13,organic,tablet,India
2952061,2024-01-10,organic,tablet,Germany
2480060,2024-02-08,organic,mobile,UK
3106176,2024-02-04,ads,mobile,USA
4961003,2024-02-24,organic,mobile,India
3466897,2024-02-15,organic,tablet,USA
4678144,2024-01-30,ads,mobile,UK
1921834,2024-01-20,ads,desktop,Canada
4384159,2024-01-03,ads,desktop,USA
3583900,2024-02-13,ads,mobile,India
4080537,2024-02-02,ads,mobile,UK
4885952,2024-01-01,referral,desktop,India
2760590,2024-03-31,social,desktop,India
2061356,2024-04-11,ads,mobile,USA
4816004,2024-01-06,organic,mobile,UK
1243481,2024-01-07,organic,mobile,Germany
3321525,2024-03-09,organic,mobile,Germany
4135467,2024-01-01,email,desktop,UK
3743963,2024-01-02,ads,mobile,USA
4319200,2024-03-13,organic,desktop,India
4809772,2024-03-26,organic,desktop,India
4062494,2024-01-15,ads,mobile,UK
3551425,2024-01-08,email,mobile,India
1837655,2024-02-01,referral,mobile,Canada
4267489,2024-01-20,ads,mobile,UK
3638739,2024-01-22,organic,tablet,USA
4329128,2024-02-09,organic,desktop,India
2716714,2024-01-06,organic,mobile,USA
4963931,2024-02-14,organic,mobile,UK
4771489,2024-02-10,email,mobile,India
2011496,2024-10-05,email,mobile,Germany
3293472,2024-01-04,organic,desktop,India
4303719,2024-04-26,ads,mobile,Canada
4692215,2024-05-09,organic,mobile,USA
3846653,2024-01-13,ads,desktop,USA
1102820,2024-02-06,ads,mobile,USA
4908989,2024-05-14,email,mobile,India
4464301,2024-03-04,ads,desktop,India
2728120,2024-04-13,ads,desktop,India
1838300,2024-06-25,email,desktop,USA
2030674,2024-03-11,referral,desktop,India
2339355,2024-01-09,referral,mobile,India
2558389,2024-03-05,email,mobile,USA
3710706,2024-01-09,organic,mobile,USA
3220517,2024-01-23,organic,mobile,India
1087013,2024-04-13,organic,desktop,India
4920928,2024-02-25,organic,desktop,India
3932624,2024-05-18,ads,mobile,Australia
1724931,2024-02-08,ads,tablet,India
1921178,2024-03-08,organic,mobile,India
2167765,2024-03-08,organic,desktop,Germany
3490012,2024-03-17,ads,tablet,USA
1455556,2024-01-09,ads,mobile,India
3884391,2024-01-20,ads,mobile,Australia
3221673,2024-01-07,organic,desktop,India
3887617,2024-04-28,ads,mobile,India
3760689,2024-01-04,social,tablet,UK
2920535,2024-02-10,organic,mobile,USA
2854290,2024-04-28,organic,mobile,USA
3569521,2024-01-03,organic,desktop,India
1129333,2024-07-07,email,mobile,USA
2538482,2024-01-20,ads,desktop,India
3210216,2024-02-07,organic,mobile,USA
2651136,2024-10-07,ads,mobile,India
1352792,2024-01-02,social,mobile,Canada
1422340,2024-06-10,organic,mobile,India
4446964,2024-03-21,ads,mobile,India
4206777,2024-02-09,organic,desktop,USA
4896309,2024-01-19,organic,mobile,India
1290480,2024-02-16,organic,mobile,India
2697575,2024-02-29,referral,desktop,Canada
1349704,2024-02-08,ads,mobile,Germany
4977419,2024-01-07,email,mobile,India
1821555,2024-01-05,organic,mobile,USA
2479778,2024-03-08,ads,desktop,India
1327638,2024-01-14,organic,mobile,India
1525000,2024-02-17,organic,desktop,Germany
3822893,2024-01-11,referral,mobile,India
3368670,2024-01-16,referral,mobile,USA
4201772,2024-05-16,ads,tablet,UK
2688033,2024-04-24,ads,desktop,India
4053113,2024-02-01,organic,desktop,India
1845921,2024-02-09,organic,mobile,Germany
1716220,2024-03-14,organic,mobile,India
4257927,2024-03-28,referral,desktop,India
2481184,2024-03-10,referral,mobile,Canada
3801215,2024-11-23,social,mobile,India
4537549,2024-01-18,organic,desktop,Australia
3103317,2024-02-21,referral,tablet,USA
2611084,2024-01-11,referral,mobile,USA
3426193,2024-04-15,ads,desktop,Canada
2180320,2024-02-04,organic,mobile,Germany
2937657,2024-01-01,ads,desktop,Canada
4724243,2024-01-30,email,mobile,India
3795172,2024-01-14,referral,mobile,UK
1429712,2024-02-26,referral,mobile,India
4931596,2024-02-07,organic,mobile,India
2247726,2024-03-01,referral,tablet,India
4326696,2024-01-18,organic,mobile,India
4008822,2024-01-30,organic,tablet,India
4728833,2024-02-04,organic,mobile,India
2887773,2024-01-09,organic,mobile,India
2153569,2024-02-28,ads,mobile,India
2175838,2024-01-22,organic,desktop,USA
3982200,2024-03-05,organic,mobile,India
2851577,2024-01-28,social,mobile,India
2167669,2024-02-11,organic,desktop,India
4675115,2024-03-11,organic,desktop,USA
1101468,2024-03-10,ads,mobile,India
3108994,2024-02-18,referral,desktop,Australia
2220679,2024-01-02,ads,mobile,USA
4337503,2024-06-19,ads,desktop,India
1513523,2024-01-08,ads,mobile,India
2202042,2024-02-29,social,tablet,India
4122806,2024-03-20,organic,desktop,India
3882218,2024-01-03,email,mobile,USA
2758500,2024-01-07,ads,mobile,Australia
4449934,2024-01-17,ads,mobile,India
4146663,2024-01-22,organic,mobile,Canada
3969396,2024-01-01,social,mobile,Germany
3944514,2024-01-16,ads,mobile,India
3557979,2024-02-17,organic,desktop,India
3490132,2024-02-10,social,mobile,India
2992787,2024-02-24,organic,tablet,USA
4093239,2024-03-25,referral,mobile,Australia
1383397,2024-04-10,ads,desktop,Australia
4183734,2024-03-01,organic,desktop,Canada
1178523,2024-01-03,organic,mobile,USA
2458726,2024-01-29,organic,desktop,UK
3045082,2024-03-02,ads,mobile,India
3565591,2024-03-24,organic,mobile,Germany
3150065,2024-01-25,social,mobile,India
2322241,2024-01-02,social,mobile,India
3908292,2024-01-16,email,mobile,India
4416395,2024-01-19,organic,mobile,India
4794840,2024-01-20,ads,mobile,India
2850982,2024-02-17,ads,mobile,USA
2236705,2024-01-01,email,desktop,USA
1139060,2024-05-05,organic,mobile,Canada
1964230,2024-04-22,ads,tablet,Germany
4917595,2024-04-13,organic,desktop,India
3153579,2024-01-29,ads,tablet,USA
1210973,2024-01-25,organic,mobile,India
4761142,2024-02-28,organic,desktop,India
4427609,2024-02-11,ads,tablet,India
1558193,2024-02-19,organic,mobile,India
3907736,2024-01-03,organic,desktop,Germany
2508518,2024-02-05,referral,tablet,India
4631003,2024-01-16,email,mobile,India
3431162,2024-03-11,organic,tablet,USA
1788799,2024-05-26,organic,mobile,Canada
1490923,2024-02-06,organic,mobile,India
2746894,2024-01-24,ads,mobile,India
2303400,2024-01-22,email,mobile,India
4495718,2024-01-30,organic,mobile,India
2276199,2024-01-20,ads,tablet,USA
2476738,2024-01-07,referral,desktop,UK
3477713,2024-03-08,organic,mobile,India
1621426,2024-01-03,ads,mobile,Canada
1041493,2024-02-16,ads,desktop,USA
2236566,2024-03-06,organic,desktop,USA
1219610,2024-02-05,ads,desktop,India
4193765,2024-01-12,ads,tablet,Canada
2302008,2024-01-17,referral,mobile,UK
1259799,2024-04-20,organic,tablet,USA
3064842,2024-03-20,organic,mobile,Germany
1358506,2024-01-16,organic,mobile,India
1515032,2024-03-24,ads,mobile,Australia
1387522,2024-02-07,organic,mobile,India
4143290,2024-01-04,organic,mobile,Canada
4414860,2024-01-09,organic,mobile,India
2003556,2024-01-24,organic,mobile,India
1627955,2024-03-12,ads,desktop,India
1086943,2024-02-20,referral,tablet,Germany
1090047,2024-02-01,organic,desktop,UK
3469427,2024-02-15,organic,mobile,USA
4100537,2024-02-06,organic,desktop,India
1139807,2024-02-16,organic,mobile,India
1774376,2024-03-17,ads,mobile,USA
1277814,2024-03-11,organic,mobile,India
2797115,2024-03-06,referral,desktop,Canada
4109197,2024-02-23,ads,mobile,USA
3496179,2024-01-08,email,mobile,Australia
2150128,2024-01-11,ads,mobile,USA
2998486,2024-01-23,social,mobile,India
4830791,2024-03-11,ads,desktop,India
2982156,2024-01-10,organic,desktop,UK
3328397,2024-03-14,organic,mobile,USA
4156835,2024-03-19,ads,desktop,USA
1309515,2024-03-25,organic,mobile,India
4697982,2024-04-14,organic,mobile,USA
3093944,2024-01-03,ads,mobile,Canada
1496439,2024-01-03,ads,tablet,India
3549468,2024-05-04,organic,desktop,USA
3640774,2024-03-14,organic,desktop,India
4371114,2024-03-31,ads,desktop,India
2162872,2024-03-22,ads,desktop,UK
2476039,2024-01-29,ads,mobile,India
4320395,2024-02-05,organic,desktop,Canada
1155093,2024-01-02,ads,mobile,Germany
3419410,2024-06-30,ads,mobile,USA
2094138,2024-03-03,ads,desktop,USA
4091904,2024-04-08,organic,mobile,Canada
3807202,2024-03-10,referral,mobile,India
3521503,2024-01-11,organic,tablet,Canada
2619590,2024-01-23,organic,tablet,India
4595079,2024-01-07,ads,mobile,India
2664974,2024-02-16,organic,mobile,Germany
1854792,2024-02-23,organic,mobile,UK
2341636,2024-01-25,organic,mobile,Australia
2122987,2024-01-29,ads,mobile,USA
4068930,2024-01-09,email,mobile,USA
4897603,2024-01-06,ads,mobile,India
2225727,2024-01-21,organic,desktop,USA
4401865,2024-08-31,email,desktop,USA
2144570,2024-05-22,organic,tablet,Australia
1530936,2024-02-10,organic,mobile,USA
2600253,2024-02-13,referral,mobile,India
2396833,2024-02-10,organic,mobile,USA
3693617,2024-10-01,ads,mobile,India
2085019,2024-01-23,referral,tablet,India
2799614,2024-04-04,organic,tablet,India
2158110,2024-01-30,organic,mobile,India
1489242,2024-05-12,ads,mobile,India
3940903,2024-02-07,ads,mobile,UK
2238198,2024-04-22,organic,mobile,USA
3139470,2024-01-07,ads,tablet,USA
3827653,2024-01-08,organic,mobile,USA
2993256,2024-01-27,ads,mobile,India
3434044,2024-01-09,email,mobile,India
2908967,2024-01-13,organic,desktop,India
2825743,2024-02-02,ads,desktop,USA
1662161,2024-02-09,ads,mobile,USA
4395116,2024-01-14,social,mobile,Canada
3619803,2024-02-06,ads,mobile,India
4019775,2024-03-30,organic,mobile,Germany
4941886,2024-02-09,organic,mobile,Germany
2647129,2024-01-20,ads,tablet,India
1653067,2024-03-17,referral,tablet,India
4407075,2024-02-03,ads,mobile,India
1577203,2024-03-11,social,desktop,UK
3182555,2024-03-26,ads,mobile,India
3113951,2024-06-12,organic,mobile,India
2133240,2024-02-20,ads,mobile,India
4783546,2024-03-27,referral,mobile,India
2004449,2024-02-01,ads,mobile,Canada
4335054,2024-01-22,organic,mobile,India
4253785,2024-01-15,organic,mobile,India
1403231,2024-03-11,ads,desktop,India
3195173,2024-04-03,referral,mobile,USA
1574992,2024-02-05,ads,mobile,India
2297995,2024-02-22,organic,mobile,Australia
4944954,2024-03-07,ads,mobile,India
2670894,2024-02-07,email,desktop,USA
1301725,2024-02-20,referral,desktop,India
3290816,2024-05-09,ads,desktop,India
3650586,2024-03-06,organic,mobile,UK
4266551,2024-01-24,organic,tablet,India
2209350,2024-04-04,organic,desktop,Germany
3994366,2024-03-06,referral,desktop,India
1773062,2024-01-12,organic,desktop,India
3563516,2024-01-23,email,mobile,Canada
2771406,2024-01-27,organic,desktop,India
2249535,2024-03-25,organic,mobile,India
3332735,2024-01-30,email,desktop,India
1655485,2024-02-07,ads,desktop,India
4415384,2024-01-17,organic,mobile,UK
3091024,2024-03-08,email,mobile,USA
1469736,2024-01-30,email,mobile,Germany
1350082,2024-02-09,social,mobile,India
2975917,2024-01-04,organic,mobile,India
1288164,2024-02-02,organic,desktop,USA
4177230,2024-03-06,organic,mobile,India
4595387,2024-02-09,organic,mobile,UK
3757374,2024-06-18,organic,mobile,India
3498710,2024-01-23,organic,desktop,India
1720081,2024-02-13,referral,tablet,India
4178197,2024-01-14,organic,desktop,India
4580620,2024-09-01,social,mobile,India
1040516,2024-01-21,organic,desktop,USA
4200363,2024-01-23,organic,mobile,UK
3898304,2024-01-02,ads,desktop,Germany
1911997,2024-01-09,email,mobile,Canada
1839376,2024-02-28,organic,desktop,India
3562188,2024-02-06,social,desktop,USA
2404125,2024-04-11,organic,tablet,India
2697204,2024-02-10,ads,mobile,UK
1757096,2024-02-08,organic,desktop,Germany
1297356,2024-01-18,organic,desktop,India
2314379,2024-05-31,organic,mobile,India
1258564,2024-01-02,ads,mobile,Germany
1278674,2024-02-29,ads,mobile,India
4000053,2024-03-25,organic,tablet,India
4226178,2024-02-08,ads,mobile,USA
3624503,2024-02-02,organic,desktop,India
3978082,2024-02-25,email,mobile,India
1001966,2024-03-16,organic,mobile,UK
3516325,2024-02-29,ads,desktop,India
1128600,2024-03-16,email,mobile,India
3537101,2024-05-03,organic,tablet,India
2339841,2024-04-07,ads,desktop,India
2363393,2024-04-01,ads,mobile,India
3398041,2024-02-20,social,desktop,USA
3677604,2024-01-24,ads,tablet,USA
3944769,2024-03-28,ads,desktop,India
1241721,2024-04-12,referral,mobile,India
4108153,2024-01-02,organic,tablet,Germany
2748439,2024-01-07,organic,mobile,Australia
3617266,2024-06-03,organic,mobile,India
3710990,2024-03-31,social,mobile,Canada
2810109,2024-01-29,organic,desktop,India
4442735,2024-02-03,organic,mobile,India
4581943,2024-04-26,organic,mobile,India
1363078,2024-02-09,organic,mobile,India
1239051,2024-01-30,organic,mobile,Canada
3927754,2024-04-16,organic,desktop,India
3860988,2024-01-06,ads,desktop,USA
2615451,2024-03-18,email,mobile,India
1843947,2024-03-07,organic,desktop,UK
2038447,2024-04-05,organic,mobile,UK
1618603,2024-02-07,ads,mobile,India
4482280,2024-01-02,organic,desktop,USA
3944763,2024-01-06,email,tablet,India
1726410,2024-05-14,ads,mobile,India
4563841,2024-02-28,ads,tablet,India
1198505,2024-04-11,social,mobile,USA
2011270,2024-02-16,social,mobile,Australia
2886716,2024-04-30,organic,mobile,India
2805918,2024-02-26,ads,tablet,India
1913075,2024-03-27,email,mobile,India
2605145,2025-04-11,ads,mobile,India
3527306,2024-01-04,organic,mobile,India
2475609,2024-01-01,email,mobile,India
1998080,2024-01-26,organic,desktop,India
2929510,2024-02-06,email,mobile,USA
4157001,2024-01-06,ads,mobile,India
2776038,2024-08-19,email,mobile,India
2353681,2024-03-25,ads,desktop,USA
4245669,2024-01-09,ads,mobile,USA
3471920,2024-02-16,ads,mobile,India
3926876,2024-01-08,organic,tablet,India
3350874,2024-01-06,email,desktop,USA
2662917,2024-02-02,organic,mobile,Australia
1031051,2024-01-28,organic,tablet,India
1858850,2024-03-08,referral,tablet,Germany
1604321,2024-02-07,organic,mobile,India
3623716,2024-03-22,referral,mobile,India
4529107,2024-06-18,ads,mobile,India
2962126,2024-04-14,ads,mobile,India
3710516,2024-01-26,organic,mobile,India
2262300,2024-01-30,ads,desktop,India
4765751,2024-01-04,referral,desktop,Germany
3413047,2024-05-05,ads,mobile,USA
3402355,2024-03-13,email,mobile,India
1521507,2024-01-11,email,mobile,UK
3928245,2024-05-14,organic,desktop,USA
4731063,2024-01-10,ads,mobile,UK
1205988,2024-03-28,organic,mobile,India
4767896,2024-02-22,ads,desktop,Germany
3937365,2024-03-04,ads,mobile,USA
3215366,2024-01-14,ads,desktop,Canada
3640833,2024-02-11,email,desktop,India
3710757,2024-01-26,social,mobile,India
3448300,2024-02-19,organic,mobile,India
1484061,2024-02-14,ads,mobile,Australia
1089167,2024-02-09,email,desktop,USA
4738545,2024-02-11,ads,desktop,India
2463544,2024-02-17,ads,mobile,UK
1109364,2024-03-18,organic,tablet,India
4910929,2024-03-27,organic,tablet,UK
3903469,2024-01-03,organic,mobile,India
3141114,2024-01-08,organic,mobile,Germany
2982824,2024-02-11,referral,tablet,India
2804950,2024-01-11,organic,mobile,India
2801700,2024-02-03,organic,mobile,Germany
1778674,2024-05-24,ads,mobile,India
3122745,2024-05-11,referral,mobile,India
3551764,2024-01-18,referral,desktop,India
4619875,2024-01-04,email,desktop,India
3449583,2024-04-06,organic,desktop,India
3630536,2024-03-16,organic,mobile,India
1786933,2024-01-16,referral,mobile,Germany
4944205,2024-07-02,organic,tablet,Canada
3258768,2024-05-15,referral,desktop,India
4555466,2024-02-12,ads,tablet,India
4198486,2024-02-13,ads,desktop,Germany
2585038,2024-04-21,social,mobile,Canada
1801452,2024-02-15,social,mobile,India
2345401,2024-06-05,referral,desktop,India
1996390,2024-03-24,organic,mobile,India
3689517,2024-03-05,organic,desktop,Australia
4373161,2024-03-02,organic,desktop,India
4483012,2024-01-25,ads,tablet,India
4988128,2024-01-08,organic,mobile,Canada
1806587,2024-03-05,organic,desktop,India
1464329,2024-01-23,organic,mobile,Canada
2477353,2024-02-07,ads,mobile,India
3359374,2024-01-28,email,mobile,India
1050289,2024-03-05,organic,desktop,UK
2210019,2024-03-10,ads,tablet,India
1923895,2024-01-08,organic,desktop,India
1363575,2024-01-17,email,mobile,India
1105781,2024-01-15,referral,mobile,India
2871849,2024-06-30,referral,mobile,India
4386433,2024-01-03,ads,tablet,India
3922698,2024-01-03,referral,mobile,India
4771878,2024-04-03,organic,desktop,USA
3885181,2024-02-10,ads,desktop,USA
3179411,2024-04-01,ads,tablet,Germany
1957517,2024-02-09,email,mobile,USA
1395174,2024-02-21,ads,mobile,India
4194387,2024-02-08,organic,mobile,India
1445857,2024-02-17,ads,mobile,USA
3196808,2024-02-04,organic,mobile,India
3751003,2024-01-13,organic,mobile,India
3436268,2024-02-22,social,desktop,UK
2433579,2024-01-07,organic,mobile,Australia
4612473,2024-04-03,ads,mobile,India
3885988,2024-01-03,organic,desktop,Germany
3839043,2024-03-17,organic,tablet,UK
3087103,2024-02-18,ads,mobile,India
1962131,2024-05-04,ads,mobile,India
3093070,2024-01-18,organic,mobile,India
2262009,2024-06-05,organic,mobile,India
4134423,2024-01-17,ads,desktop,India
4354669,2024-06-22,organic,desktop,UK
2457743,2024-01-26,referral,mobile,India
1334750,2024-05-14,referral,tablet,India
2858938,2024-01-01,ads,mobile,India
3658170,2024-02-14,email,tablet,Germany
1014552,2024-01-22,organic,tablet,India
4511556,2024-01-18,organic,mobile,India
3368884,2024-03-01,ads,mobile,USA
2674957,2024-01-20,organic,mobile,USA
2547626,2024-02-29,organic,mobile,Canada
2852009,2024-01-21,organic,mobile,USA
2599206,2024-02-05,organic,mobile,USA
2963839,2024-02-15,referral,desktop,Australia
2204532,2024-01-05,social,mobile,USA
3719059,2024-01-10,organic,desktop,India
3269068,2024-02-11,organic,mobile,Canada
2522769,2024-01-15,ads,mobile,India
1976664,2025-02-12,ads,mobile,India
1001334,2024-01-02,referral,mobile,Canada
3702405,2024-01-28,organic,desktop,India
2831872,2024-01-07,organic,mobile,India
2533040,2024-03-20,ads,desktop,USA
4530266,2024-01-14,organic,desktop,USA
2153800,2024-01-30,ads,mobile,India
3542874,2024-08-05,referral,desktop,India
3992437,2024-01-02,email,mobile,USA
1296953,2024-02-24,ads,desktop,USA
3117259,2024-01-16,ads,mobile,India
2376729,2024-02-24,referral,mobile,India
4054002,2024-03-31,ads,mobile,India
1085305,2024-01-03,organic,mobile,USA
1747700,2024-01-24,ads,tablet,USA
2321875,2024-06-07,organic,mobile,Germany
2934930,2024-02-16,referral,mobile,Australia
2623233,2024-01-15,email,mobile,Canada
2294018,2024-02-06,organic,desktop,Canada
2875229,2024-01-15,organic,mobile,India
3600584,2024-02-05,organic,mobile,Canada
2922047,2024-01-09,organic,tablet,Australia
2985249,2024-01-05,organic,mobile,India
3122732,2024-01-14,ads,mobile,India
4465489,2024-01-13,ads,mobile,Australia
1100676,2024-03-30,ads,mobile,Australia
2654948,2024-02-05,referral,mobile,India
1754162,2024-03-27,ads,desktop,India
4349822,2024-02-08,organic,mobile,India
4472813,2024-01-16,email,desktop,Germany
1898673,2024-02-12,ads,mobile,Australia
2350856,2024-01-14,organic,mobile,India
1679659,2024-02-12,organic,tablet,Germany
3303413,2024-03-04,organic,mobile,USA
4716002,2024-04-16,organic,mobile,UK
3224844,2024-06-02,ads,mobile,India
4991590,2024-01-09,organic,mobile,USA
1422337,2024-02-19,organic,tablet,USA
1921472,2024-01-30,organic,mobile,India
1674287,2024-03-12,organic,mobile,India
3640370,2024-01-11,organic,desktop,India
2886190,2024-02-29,organic,desktop,India
4784008,2024-01-30,ads,tablet,USA
1240347,2024-01-05,ads,mobile,USA
2091629,2024-01-03,organic,mobile,India
4487370,2024-02-21,organic,mobile,India
1190484,2024-02-04,organic,tablet,UK
1492705,2024-01-17,email,desktop,India
1606496,2024-01-17,referral,tablet,Germany
1597237,2024-02-07,email,mobile,USA
1497992,2024-01-31,organic,mobile,UK
4730987,2024-03-25,ads,mobile,USA
1098239,2024-03-19,ads,mobile,Australia
2316775,2024-02-28,organic,mobile,USA
1621588,2024-03-26,ads,desktop,Canada
4157097,2024-01-02,ads,mobile,USA
4689934,2024-03-18,ads,mobile,USA
4770496,2024-03-18,ads,mobile,USA
1853972,2024-01-01,referral,mobile,Canada
3640201,2024-04-18,ads,mobile,India
2731131,2024-01-12,organic,mobile,India
1232667,2024-04-18,ads,mobile,USA
3691080,2024-02-02,ads,mobile,India
1341699,2024-01-29,organic,mobile,USA
3450122,2024-01-22,organic,mobile,UK
4661055,2024-01-13,organic,mobile,India
4003656,2024-01-11,referral,mobile,India
1336519,2024-06-27,organic,mobile,India
2030333,2024-01-01,organic,desktop,India
2017245,2024-03-18,email,mobile,USA
1948980,2024-03-20,ads,desktop,India
2033985,2024-06-17,ads,mobile,India
3711695,2024-01-15,organic,mobile,UK
4344538,2024-07-17,organic,mobile,UK
1821401,2024-01-18,ads,mobile,USA
2824611,2024-03-02,ads,mobile,Germany
1161186,2024-08-09,organic,mobile,Australia
4423292,2024-01-03,organic,desktop,USA
1974481,2024-01-21,organic,desktop,India
2886112,2024-01-06,organic,desktop,USA
4448469,2024-05-17,ads,desktop,India
1294111,2024-01-01,organic,mobile,USA
3554690,2024-01-10,organic,mobile,India
3923668,2024-01-04,organic,mobile,India
3850123,2024-07-26,organic,desktop,USA
1432172,2024-01-14,organic,mobile,Germany
1130281,2024-01-02,organic,mobile,Canada
1842268,2024-05-25,organic,mobile,India
1642163,2024-05-11,organic,mobile,India
4761363,2024-02-15,ads,desktop,USA
3400248,2024-01-08,organic,tablet,India
2393103,2024-03-14,ads,desktop,Germany
3948017,2024-05-07,organic,mobile,Germany
4583938,2024-06-01,ads,mobile,USA
4326870,2024-07-03,ads,mobile,Australia
4673239,2024-06-09,organic,mobile,USA
1306873,2024-02-11,organic,mobile,India
4063768,2024-05-17,organic,mobile,India
3566916,2024-01-11,organic,mobile,UK
2878194,2024-01-06,ads,desktop,UK
3913337,2024-02-22,social,mobile,Canada
1856095,2024-01-03,organic,mobile,India
2106094,2024-07-11,organic,desktop,India
2246362,2024-01-21,organic,desktop,India
4809348,2024-01-10,social,tablet,UK
1185471,2024-01-17,ads,mobile,India
4114541,2024-02-21,organic,mobile,India
1706232,2024-01-02,social,desktop,India
1576155,2024-03-27,ads,mobile,India
3740730,2024-01-27,organic,desktop,USA
2276476,2024-04-18,referral,desktop,India
1550814,2024-02-08,ads,desktop,India
1017147,2024-02-02,organic,tablet,India
1787945,2024-01-13,ads,mobile,India
4928615,2024-01-13,referral,mobile,India
3624091,2024-01-31,organic,mobile,India
1060081,2024-01-07,email,mobile,India
4354848,2024-02-02,ads,mobile,Germany
2888822,2024-01-03,organic,mobile,India
3488626,2024-01-05,ads,desktop,Canada
1962195,2024-03-01,organic,desktop,India
3417047,2024-03-18,ads,mobile,USA
4527564,2024-01-04,organic,tablet,India
3491882,2024-01-13,organic,desktop,Germany
3157438,2024-01-23,email,mobile,India
1730354,2024-03-30,ads,desktop,Germany
1083664,2024-01-27,ads,desktop,Germany
2532646,2024-02-15,organic,desktop,USA
1280755,2024-02-05,email,desktop,UK
4438772,2024-01-02,referral,desktop,India
2508338,2024-02-29,organic,desktop,India
1470066,2024-01-08,organic,desktop,Canada
4090858,2024-03-16,referral,mobile,UK
3142680,2024-01-21,organic,desktop,USA
3475836,2024-03-07,email,mobile,USA
4517380,2024-06-04,organic,tablet,India
2832863,2024-01-28,social,mobile,Canada
4917321,2024-01-09,ads,desktop,UK
2163092,2024-09-16,ads,mobile,Germany
1114199,2024-03-26,ads,desktop,India
1563879,2024-01-24,organic,mobile,UK
2602484,2024-03-03,organic,mobile,India
3961164,2024-01-01,referral,mobile,Australia
4600199,2024-03-14,organic,mobile,USA
2091926,2024-05-09,organic,mobile,Australia
4007586,2024-04-03,organic,tablet,USA
3666070,2024-01-23,ads,desktop,India
3042494,2024-02-01,ads,desktop,USA
2851903,2024-03-22,organic,desktop,Australia
2792969,2024-01-18,ads,mobile,USA
2398513,2024-02-07,organic,mobile,India
3021329,2024-02-05,organic,mobile,USA
2454377,2024-05-05,organic,desktop,India
2011792,2024-04-10,referral,mobile,India
1307667,2024-01-16,organic,mobile,India
1550817,2024-06-21,ads,desktop,India
2137230,2024-01-01,ads,mobile,India
2236706,2024-01-19,ads,desktop,UK
3685718,2024-04-07,organic,mobile,UK
1940677,2024-02-20,organic,mobile,Australia
4627664,2024-03-10,organic,mobile,USA
2317319,2024-09-13,organic,tablet,Australia
2349559,2024-01-05,organic,mobile,India
2248344,2024-05-14,ads,mobile,USA
4146512,2024-05-28,organic,tablet,USA
4768185,2024-05-26,ads,mobile,India
3199469,2024-01-13,email,mobile,India
3658027,2024-03-20,referral,mobile,India
2426199,2024-04-26,organic,mobile,India
2033988,2024-01-10,organic,desktop,India
4472958,2024-01-26,organic,desktop,India
4191480,2024-02-16,organic,mobile,India
1206568,2024-02-22,ads,desktop,India
1545619,2024-01-18,organic,desktop,Germany
1205350,2024-01-22,organic,desktop,Canada
1421168,2024-02-21,ads,desktop,India
1938605,2024-03-10,referral,mobile,UK
1241537,2024-01-01,organic,mobile,USA
3048832,2024-05-16,organic,desktop,India
3838035,2024-01-03,ads,mobile,USA
4456046,2024-03-04,referral,desktop,UK
2392715,2024-03-14,referral,mobile,India
1907803,2024-01-20,ads,mobile,UK
1337732,2024-09-13,organic,mobile,India
1571070,2024-03-01,referral,mobile,UK
2605006,2024-03-15,ads,desktop,India
3065182,2024-03-29,social,mobile,Canada
3281824,2024-01-11,organic,tablet,Australia
4844125,2024-01-22,referral,desktop,India
2816669,2024-02-04,referral,desktop,USA
4198973,2024-01-29,social,desktop,USA
1060881,2024-01-14,ads,desktop,Canada
1826089,2024-02-17,organic,mobile,Canada
2241236,2024-02-22,organic,mobile,India
4741329,2024-06-18,ads,mobile,Canada
1269538,2024-01-31,organic,mobile,India
1224216,2024-03-22,organic,desktop,USA
2012686,2024-03-28,organic,mobile,UK
4029473,2024-02-25,organic,desktop,India
1806912,2024-01-07,organic,desktop,India
1403225,2024-01-23,organic,mobile,India
2508725,2024-01-10,organic,mobile,Germany
1502222,2024-02-10,organic,mobile,USA
2131315,2024-02-25,organic,desktop,Australia
2363718,2024-01-06,organic,tablet,India
3576296,2024-01-23,organic,mobile,Canada
4485687,2024-02-11,ads,mobile,UK
2385414,2024-01-23,ads,mobile,Australia
3773153,2024-04-15,referral,mobile,India
2408704,2024-06-01,social,mobile,USA
4604810,2024-01-25,ads,mobile,USA
2945938,2024-01-17,ads,tablet,India
1522888,2024-01-19,organic,mobile,Australia
2013353,2024-03-02,organic,mobile,Germany
2205236,2024-02-20,organic,mobile,Australia
1112857,2024-03-18,organic,tablet,USA
4469136,2024-03-04,ads,mobile,India
4987948,2024-01-31,ads,mobile,Australia
4664966,2024-03-02,organic,tablet,USA
1507012,2024-08-23,ads,mobile,Australia
1837469,2024-05-03,ads,desktop,India
4679946,2024-02-06,ads,mobile,India
1797224,2024-03-23,organic,desktop,India
2282384,2024-02-20,email,mobile,UK
4111024,2024-01-18,ads,desktop,India
2576679,2024-03-18,organic,mobile,UK
4225828,2024-05-15,email,desktop,India
4608325,2024-04-24,social,mobile,India
2655589,2024-01-19,organic,mobile,India
4761957,2024-01-24,organic,mobile,India
1990410,2024-03-28,organic,mobile,Canada
4520141,2024-02-07,referral,mobile,India
3664691,2024-02-05,organic,mobile,Germany
3957256,2024-01-08,social,mobile,UK
4420284,2024-01-22,ads,tablet,India
1237367,2024-01-22,ads,mobile,India
4697137,2024-02-18,organic,mobile,USA
3291649,2024-02-17,organic,mobile,India
4850383,2024-02-02,organic,mobile,Canada
3866699,2024-01-21,ads,tablet,USA
3180501,2024-09-09,organic,mobile,India
3380284,2024-03-19,email,tablet,India
4896966,2024-01-14,social,mobile,India
3802160,2024-02-19,referral,tablet,India
3264705,2024-03-31,organic,desktop,India
3467175,2024-03-09,ads,desktop,India
2704074,2024-04-20,ads,tablet,USA
1219790,2024-01-11,referral,mobile,Australia
4728915,2024-01-31,organic,desktop,Australia
3952366,2024-04-30,organic,mobile,India
1793310,2024-02-10,organic,mobile,USA
2145484,2024-03-10,organic,mobile,India
2560550,2024-02-16,ads,mobile,Canada
4447197,2024-02-11,social,mobile,India
1662670,2024-06-29,ads,mobile,USA
2720273,2024-04-07,organic,desktop,Canada
4395495,2024-02-26,ads,mobile,India
4433996,2024-01-10,ads,mobile,India
4610794,2024-01-18,ads,mobile,Australia
3134053,2024-01-01,referral,desktop,India
4542004,2024-01-21,ads,mobile,India
4481521,2024-01-06,organic,mobile,India
3125364,2024-02-01,ads,desktop,Canada
1013527,2024-02-04,organic,mobile,Australia
3322586,2024-04-03,organic,tablet,India
1454264,2024-03-21,ads,mobile,Australia
1801711,2024-03-10,organic,desktop,Canada
4169998,2024-01-21,social,mobile,India
4059690,2024-03-12,social,mobile,India
3117900,2024-02-28,organic,mobile,India
1487432,2024-03-28,organic,desktop,Canada
3356846,2024-01-05,organic,desktop,Canada
1526833,2024-01-24,organic,desktop,USA
1619092,2024-03-26,social,desktop,India
4930868,2024-01-13,organic,mobile,India
2260617,2024-02-15,ads,mobile,Germany
2649942,2024-02-09,ads,mobile,Canada
3119289,2024-04-02,email,mobile,Germany
1465975,2024-02-28,organic,tablet,Canada
4508375,2024-01-17,organic,desktop,USA
3788118,2024-01-19,ads,tablet,USA
2761564,2024-08-22,organic,desktop,UK
2760644,2024-02-22,organic,mobile,USA
1266773,2024-01-19,email,mobile,Australia
2203775,2024-03-30,organic,desktop,India
1105378,2024-03-05,organic,mobile,UK
2197987,2024-01-06,referral,mobile,UK
3715656,2024-01-10,organic,mobile,USA
2431713,2024-01-02,organic,mobile,Canada
3707485,2024-08-14,referral,mobile,Canada
4338869,2024-01-19,ads,mobile,UK
2413200,2024-03-08,organic,mobile,Canada
3242913,2024-01-11,ads,desktop,USA
3731669,2024-02-23,ads,desktop,India
2852161,2024-01-06,ads,mobile,Canada
3138689,2024-04-15,social,mobile,Canada
4428026,2024-03-20,ads,mobile,India
1185969,2024-01-09,ads,desktop,India
3662205,2024-05-21,referral,mobile,USA
4996822,2024-01-28,organic,desktop,USA
1452667,2024-03-29,organic,tablet,India
2683118,2024-05-13,organic,mobile,Germany
3326052,2024-02-24,organic,mobile,USA
3340553,2024-01-17,ads,mobile,India
4625960,2024-01-12,organic,mobile,India
1794476,2024-01-15,organic,mobile,USA
3859017,2024-01-05,organic,mobile,USA
1140582,2024-01-31,organic,mobile,India
3840416,2024-01-02,organic,desktop,India
4560346,2024-01-05,ads,mobile,USA
3486047,2024-03-02,organic,mobile,India
4747144,2024-01-14,ads,mobile,Australia
3233017,2024-01-25,organic,mobile,India
3729138,2024-02-26,organic,mobile,USA
3658804,2024-05-13,organic,desktop,India
2170409,2024-01-10,organic,mobile,India
3581079,2024-01-09,ads,mobile,India
1736884,2024-01-09,ads,mobile,USA
2464516,2024-02-28,organic,desktop,Canada
4590129,2024-01-24,ads,desktop,India
2111026,2024-03-13,ads,desktop,Germany
2425200,2024-03-09,ads,mobile,India
4128511,2024-01-18,organic,mobile,USA
4561543,2024-01-12,ads,mobile,Germany
4558925,2024-08-27,organic,desktop,India
1304942,2024-01-26,email,desktop,UK
4041361,2024-01-02,email,mobile,India
1054936,2024-01-24,organic,mobile,India
2456334,2024-05-05,ads,mobile,USA
4540253,2024-10-18,referral,mobile,Germany
1945981,2024-01-07,organic,mobile,India
4378173,2024-01-10,ads,mobile,USA
2138516,2024-01-22,organic,desktop,USA
4893566,2024-02-07,referral,mobile,India
1030639,2024-03-01,ads,desktop,India
2493874,2024-02-04,organic,mobile,India
4683503,2024-01-13,organic,mobile,Australia
2727736,2024-01-22,organic,mobile,USA
3496703,2024-02-10,ads,mobile,UK
1317721,2024-07-08,organic,desktop,UK
2904386,2024-05-24,organic,tablet,Germany
2940005,2024-02-08,ads,desktop,USA
3190242,2024-01-15,referral,mobile,Germany
4378123,2024-01-01,organic,desktop,India
4120646,2024-01-22,organic,mobile,USA
2725221,2024-04-15,ads,desktop,Australia
4666952,2024-01-27,organic,mobile,UK
2880838,2024-04-11,organic,tablet,India
4620560,2024-03-07,social,mobile,India
3277908,2024-01-17,ads,tablet,India
1993848,2024-01-26,ads,mobile,India
4013733,2024-01-10,organic,mobile,India
4860407,2024-01-27,referral,desktop,USA
1705267,2024-03-26,organic,mobile,India
1170487,2024-02-18,ads,mobile,Germany
1280341,2024-07-28,organic,mobile,India
1316060,2024-04-24,email,mobile,India
2504879,2024-01-28,organic,desktop,USA
2093910,2024-03-27,referral,mobile,Canada
1203725,2024-01-01,organic,mobile,India
3350677,2024-01-11,organic,mobile,India
2721486,2024-08-26,organic,desktop,UK
3941232,2024-04-07,ads,mobile,India
1927378,2024-04-18,organic,mobile,Canada
3465115,2024-01-18,organic,desktop,Germany
1344508,2024-01-14,organic,mobile,India
1612249,2024-01-31,referral,desktop,India
2978806,2024-01-06,ads,desktop,India
1303439,2024-03-19,referral,mobile,India
3297185,2024-01-06,organic,tablet,India
4204574,2024-05-08,email,mobile,India
1542050,2024-03-19,organic,mobile,UK
3050308,2024-01-05,organic,mobile,India
4802801,2024-02-12,referral,mobile,India
2912246,2024-02-18,organic,desktop,Canada
4593128,2024-12-04,organic,mobile,India
2803818,2024-01-30,organic,desktop,India
2168058,2024-02-01,email,desktop,Germany
3779541,2024-01-23,email,desktop,India
3882356,2024-08-14,ads,mobile,India
2551406,2024-01-18,social,mobile,USA
1573740,2024-05-10,organic,mobile,India
1488923,2024-03-20,organic,desktop,India
3122294,2024-01-06,ads,mobile,India
2235391,2024-05-10,referral,mobile,USA
1304290,2024-05-24,email,desktop,India
4902703,2024-01-18,ads,mobile,India
2548487,2024-08-05,organic,mobile,India
1915395,2024-03-13,organic,mobile,India
2086520,2024-01-17,ads,mobile,India
3908265,2024-05-14,social,desktop,India
2772362,2024-02-24,organic,mobile,India
3889028,2024-02-10,organic,mobile,India
2717868,2024-02-19,ads,desktop,India
1109610,2024-03-30,organic,desktop,UK
2323279,2024-01-19,ads,mobile,India
4058107,2024-04-28,ads,mobile,India
1199741,2024-04-17,ads,desktop,India
3770943,2024-02-12,social,mobile,India
1518095,2024-03-11,organic,mobile,India
3609510,2024-01-04,organic,mobile,India
4152736,2024-01-08,organic,mobile,India
1220763,2024-01-11,ads,desktop,India
1475924,2024-01-14,referral,tablet,USA
1133639,2024-04-16,referral,mobile,USA
1318564,2024-01-12,email,mobile,India
1047652,2024-01-17,email,mobile,Canada
4411203,2024-02-18,ads,desktop,Australia
1704133,2024-01-08,organic,mobile,India
2701747,2024-02-15,email,mobile,India
1196877,2024-01-29,organic,tablet,India
4416192,2024-06-14,email,mobile,India
1399082,2024-04-07,referral,mobile,USA
4821636,2024-02-14,organic,mobile,USA
2639691,2024-01-25,organic,mobile,Germany
1346967,2024-01-09,organic,mobile,India
1270952,2024-06-30,organic,mobile,India
4685747,2024-03-05,organic,mobile,USA
2941890,2024-02-23,social,mobile,UK
1007316,2024-03-04,organic,desktop,UK
3978514,2024-04-12,email,mobile,Canada
3098963,2024-04-07,organic,mobile,India
4722781,2024-02-13,organic,tablet,Germany
1031908,2024-01-13,organic,mobile,Canada
1669637,2024-01-15,organic,tablet,India
1934746,2024-01-26,organic,mobile,India
4833079,2024-03-06,organic,mobile,India
3332778,2024-03-09,social,desktop,India
1721881,2024-03-22,organic,mobile,India
3110558,2024-03-20,organic,tablet,UK
3496381,2024-01-03,ads,mobile,UK
4601401,2024-02-17,referral,mobile,Germany
3837605,2024-01-21,ads,mobile,Germany
3976852,2024-01-12,referral,tablet,India
1131634,2024-01-13,ads,mobile,India
4669047,2024-01-01,email,mobile,USA
2866350,2024-03-17,organic,mobile,India
1963772,2024-05-07,ads,mobile,USA
1832702,2024-02-29,referral,tablet,UK
4771429,2024-01-01,social,mobile,India
1683876,2024-01-16,organic,desktop,India
1706993,2024-03-09,organic,mobile,Germany
2574614,2024-03-10,email,mobile,India
3539363,2024-02-06,referral,mobile,USA
3949151,2024-01-14,referral,desktop,USA
3028227,2024-01-03,organic,mobile,India
3115290,2024-01-09,ads,mobile,UK
3457299,2024-01-20,ads,mobile,India
4032491,2024-02-23,ads,desktop,India
1525601,2024-01-11,ads,mobile,India
1496096,2024-09-01,ads,mobile,India
4096402,2024-01-12,organic,tablet,India
4491820,2024-01-15,referral,mobile,India
1792448,2024-03-24,organic,mobile,India
4328531,2024-03-07,referral,tablet,India
2022061,2024-05-04,organic,mobile,India
4383993,2024-01-25,organic,mobile,India
2040386,2024-02-20,organic,desktop,Germany
2998267,2024-07-29,ads,mobile,USA
1451272,2024-01-11,ads,desktop,India
1419533,2024-03-08,ads,mobile,India
3065632,2024-05-09,referral,mobile,India
3856898,2024-02-10,organic,desktop,India
1391363,2024-01-06,organic,mobile,India
4498971,2024-02-26,organic,desktop,India
4487241,2024-02-22,organic,tablet,USA
2448794,2024-01-29,organic,desktop,India
3644108,2024-04-23,ads,desktop,India
3494998,2024-02-16,organic,mobile,UK
4578777,2024-02-09,organic,mobile,India
2735351,2024-02-09,ads,desktop,Australia
3626090,2024-03-11,organic,mobile,India
2790205,2024-02-09,email,desktop,India
4187988,2024-03-15,organic,mobile,India
4567999,2024-02-03,ads,mobile,India
4680234,2024-02-12,ads,tablet,USA
2555163,2024-05-05,referral,mobile,India
4348145,2024-01-17,organic,mobile,Germany
3664874,2024-01-28,organic,mobile,India
1109308,2024-02-16,social,mobile,Australia
1377408,2024-04-29,organic,mobile,India
1454140,2024-04-10,ads,desktop,India
4742426,2024-01-08,referral,desktop,India
2622103,2024-01-30,organic,mobile,India
1200099,2024-05-26,ads,desktop,UK
3242707,2024-01-20,ads,mobile,India
3251333,2024-03-18,organic,mobile,Germany
3804518,2024-03-02,organic,mobile,USA
2803993,2024-02-18,organic,desktop,Germany
3477591,2024-03-18,ads,mobile,Canada
2287257,2024-02-04,email,mobile,India
4977597,2024-01-15,organic,mobile,India
4469840,2024-03-03,organic,desktop,India
1192981,2024-02-18,email,mobile,Canada
4917300,2024-01-16,organic,mobile,India
3417315,2024-02-04,ads,mobile,India
2185074,2024-02-24,organic,mobile,Australia
4913026,2024-02-11,organic,tablet,India
3288231,2024-11-02,organic,desktop,India
1674852,2024-04-28,organic,mobile,USA
2658146,2024-02-06,referral,mobile,India
2311011,2024-06-02,ads,mobile,Australia
2292164,2024-05-17,organic,mobile,India
2124208,2024-04-10,ads,mobile,India
3762656,2024-01-07,social,desktop,USA
3168989,2024-04-28,ads,tablet,India
1331742,2024-01-03,social,mobile,UK
3362158,2024-01-21,organic,mobile,USA
1097513,2024-01-05,email,desktop,India
3283217,2024-03-29,organic,mobile,Canada
1201767,2024-01-09,ads,tablet,UK
2166686,2024-02-18,referral,mobile,UK
3521991,2024-01-14,email,mobile,Germany
2138813,2024-04-16,ads,mobile,India
1958170,2024-03-17,social,desktop,Australia
1738285,2024-02-25,organic,tablet,UK
4763006,2024-01-15,organic,desktop,Germany
2005994,2024-03-10,organic,mobile,Germany
4656896,2024-03-20,organic,desktop,India
1845479,2024-01-05,social,mobile,UK
3141693,2024-02-08,ads,mobile,India
3845515,2024-10-24,organic,mobile,India
3392191,2024-01-01,organic,mobile,Germany
1549984,2024-02-11,email,desktop,USA
1854773,2024-02-09,ads,mobile,UK
4450933,2024-01-29,email,mobile,Canada
3449502,2024-02-25,ads,desktop,India
4626162,2024-01-09,email,desktop,India
2663009,2024-01-05,social,desktop,India
4767059,2024-01-04,referral,mobile,India
3034319,2024-01-15,organic,mobile,India
4835401,2024-03-01,organic,desktop,USA
4605098,2024-01-28,referral,desktop,India
1660753,2024-01-29,referral,mobile,India
2363158,2024-01-11,ads,tablet,USA
4480211,2024-01-28,organic,mobile,Germany
2448728,2024-02-11,organic,mobile,India
2689050,2024-01-04,referral,desktop,Canada
1757202,2024-04-01,ads,mobile,India
1439465,2024-04-29,ads,tablet,USA
4187457,2024-01-25,referral,mobile,UK
4194080,2024-08-22,ads,mobile,USA
1227696,2024-01-07,social,mobile,India
4874678,2024-04-04,ads,mobile,USA
2851168,2024-02-24,organic,mobile,India
3566108,2024-01-04,ads,mobile,USA
4155947,2024-04-14,ads,mobile,Canada
4270636,2024-06-04,ads,mobile,India
1607779,2024-03-15,ads,mobile,India
2597548,2024-01-16,organic,mobile,India
1086256,2024-02-01,organic,mobile,Australia
4835267,2024-01-07,email,mobile,Canada
4921331,2024-03-02,referral,mobile,USA
4885214,2024-01-05,organic,mobile,India
3799044,2024-02-12,referral,desktop,USA
1781558,2024-01-15,organic,mobile,India
4782715,2024-03-26,email,desktop,USA
2188865,2024-05-07,organic,tablet,USA
3520202,2024-03-20,ads,mobile,India
4321400,2024-03-24,organic,mobile,UK
3456124,2024-05-13,email,tablet,USA
1234003,2024-02-03,referral,tablet,Canada
3649345,2024-10-11,organic,mobile,Canada
2659259,2024-03-22,referral,desktop,Canada
3781944,2024-05-10,email,mobile,UK
2882128,2024-01-27,referral,mobile,India
2783624,2024-05-11,referral,mobile,India
2158333,2024-02-10,ads,mobile,India
2690952,2024-04-24,ads,mobile,India
1800763,2024-02-15,organic,desktop,Germany
2656352,2024-01-17,organic,mobile,UK
2242107,2024-07-14,organic,mobile,Canada
1212596,2024-01-01,ads,desktop,India
2038628,2024-01-01,email,tablet,India
1427444,2024-03-03,referral,tablet,Germany
3731984,2024-01-21,organic,mobile,UK
2784100,2024-02-07,organic,mobile,India
4380519,2024-01-10,ads,desktop,India
2425331,2024-01-07,organic,mobile,UK
4954202,2024-01-20,ads,mobile,UK
2620723,2024-05-20,organic,mobile,India
4559073,2024-06-18,ads,desktop,India
2110097,2024-02-10,organic,mobile,India
3616087,2024-03-17,ads,mobile,USA
1510602,2024-01-23,organic,tablet,India
1904873,2024-02-25,organic,desktop,India
1593324,2024-01-31,organic,mobile,UK
2292548,2024-01-12,organic,mobile,India
3358034,2024-03-23,organic,mobile,India
1343280,2024-05-06,ads,desktop,India
1204736,2024-02-10,ads,mobile,Australia
4022011,2024-04-17,organic,mobile,USA
3955503,2024-01-16,organic,desktop,India
3928540,2024-03-10,ads,mobile,India
1658405,2024-05-19,referral,desktop,India
1034588,2024-03-14,ads,desktop,Australia
3573654,2024-04-10,organic,desktop,Canada
2746823,2024-02-21,organic,mobile,India
1623997,2024-01-27,ads,mobile,India
2440587,2024-01-12,referral,mobile,India
2028119,2024-08-24,ads,desktop,Canada
3788468,2024-01-23,organic,mobile,UK
4491526,2024-03-14,email,mobile,India
1238921,2024-07-02,organic,desktop,Canada
4092060,2024-05-30,ads,mobile,UK
2410247,2024-03-25,email,mobile,UK
4153951,2024-11-02,organic,tablet,India
4547115,2024-03-09,ads,desktop,India
2145405,2024-03-28,ads,mobile,India
2680370,2024-05-27,referral,tablet,India
4956990,2024-01-06,organic,mobile,Australia
2115432,2024-01-08,ads,tablet,UK
1954407,2024-01-15,ads,mobile,USA
3688249,2024-02-15,email,mobile,Canada
4909469,2024-02-13,ads,desktop,Australia
1551869,2024-01-27,referral,mobile,India
2652435,2024-09-03,organic,mobile,USA
2412190,2024-02-28,organic,mobile,Germany
2748842,2024-04-16,ads,mobile,USA
1865365,2024-01-23,organic,mobile,India
4804339,2024-01-20,organic,mobile,India
2897736,2024-06-15,organic,tablet,USA
1375044,2024-03-23,ads,desktop,USA
4333166,2024-03-24,organic,desktop,India
2984180,2024-07-27,email,desktop,USA
1069210,2024-03-10,organic,tablet,India
3594685,2024-01-26,ads,desktop,India
2909464,2024-01-17,organic,mobile,UK
3238660,2024-04-27,organic,mobile,India
3725596,2024-01-03,organic,mobile,India
1389452,2024-02-05,email,desktop,India
4270234,2024-02-16,social,mobile,India
4852116,2024-02-28,organic,mobile,Canada
1667846,2024-01-02,ads,mobile,India
3388362,2024-01-18,ads,mobile,UK
3288710,2024-02-10,social,desktop,India
2146981,2024-05-29,ads,desktop,India
4112172,2024-03-01,social,desktop,Germany
1724766,2024-01-10,organic,tablet,India
3455671,2024-05-26,organic,desktop,India
3642324,2024-01-11,ads,mobile,India
4873244,2024-01-23,referral,mobile,India
3670728,2024-04-16,ads,mobile,India
2184666,2024-09-10,organic,mobile,India
1896946,2024-01-23,organic,mobile,India
1274613,2024-01-08,ads,mobile,Canada
4474681,2024-12-20,organic,mobile,India
3922264,2024-03-22,email,desktop,India
1040933,2024-02-16,organic,mobile,India
3531969,2024-01-14,organic,mobile,UK
2449512,2024-01-21,organic,desktop,India
3056156,2024-01-02,organic,tablet,India
4289488,2024-01-07,ads,desktop,India
1118460,2024-06-08,email,desktop,India
2079782,2024-01-22,ads,mobile,USA
4305987,2024-01-05,referral,mobile,USA
2980593,2024-03-06,organic,mobile,Canada
1119006,2024-01-16,social,mobile,USA
1313726,2024-02-28,ads,mobile,USA
2711140,2024-03-21,organic,desktop,Canada
2789026,2024-01-17,ads,tablet,India
3062866,2024-01-07,organic,mobile,USA
2734916,2024-01-22,ads,mobile,Germany
2819102,2024-06-26,social,desktop,USA
2159265,2024-03-16,ads,mobile,India
1180167,2024-04-03,ads,mobile,UK
3088944,2024-01-06,ads,mobile,India
3057796,2024-02-05,social,desktop,Canada
4566903,2024-02-13,organic,mobile,USA
2810627,2024-04-21,organic,desktop,India
3178862,2024-04-16,email,tablet,India
1497130,2024-05-17,social,desktop,UK
1693339,2024-01-05,organic,mobile,USA
2103688,2024-01-04,organic,mobile,USA
2348665,2024-01-08,ads,tablet,India
1738282,2024-02-21,ads,mobile,India
4857528,2024-04-18,referral,mobile,India
3909649,2024-05-02,referral,desktop,Australia
2744734,2024-03-06,organic,mobile,India
2759400,2024-06-03,ads,mobile,Canada
1363813,2024-05-09,email,desktop,India
1997771,2024-01-19,ads,mobile,USA
1920634,2024-01-14,ads,desktop,India
2021720,2024-05-15,ads,mobile,India
3924936,2024-02-05,organic,mobile,India
1806289,2024-01-17,ads,desktop,USA
2856557,2024-01-11,organic,mobile,India
1120260,2024-06-16,social,mobile,India
3489002,2024-03-10,organic,mobile,India
2456624,2024-03-08,referral,desktop,India
3011624,2024-01-16,organic,mobile,USA
2720587,2024-01-22,organic,desktop,Germany
4763761,2024-03-08,organic,desktop,India
2653869,2024-03-28,organic,desktop,UK
4790660,2024-01-12,organic,mobile,India
1354550,2024-11-20,organic,mobile,India
2608898,2024-01-08,organic,desktop,India
1495637,2024-05-24,ads,desktop,Australia
1725551,2024-01-01,organic,mobile,India
3971999,2024-01-16,ads,mobile,India
4922958,2024-01-21,ads,mobile,India
1553854,2024-02-12,ads,mobile,Germany
4545190,2024-02-27,ads,mobile,India
1531627,2024-01-18,ads,mobile,USA
1654412,2024-06-17,ads,mobile,India
3410872,2024-02-17,email,mobile,USA
3727017,2024-01-08,ads,mobile,India
2484711,2024-02-19,email,mobile,India
1366009,2024-02-06,email,mobile,India
3016333,2024-06-09,email,mobile,India
1446111,2024-01-12,ads,mobile,India
3630105,2024-04-20,referral,mobile,USA
4952694,2024-02-20,organic,mobile,Canada
3226847,2024-01-29,ads,tablet,India
4263680,2024-01-02,organic,desktop,USA
1885435,2024-04-18,ads,tablet,Canada
4952645,2024-05-07,organic,desktop,India
2615502,2024-01-17,email,mobile,India
2317417,2024-01-24,organic,mobile,India
2775677,2024-01-18,organic,mobile,India
4839600,2024-01-15,ads,mobile,USA
3531269,2024-01-22,organic,tablet,India
4462577,2024-01-13,referral,mobile,India
1681098,2024-06-23,organic,mobile,India
3093266,2024-01-05,organic,mobile,USA
4627025,2024-05-16,organic,mobile,USA
3936789,2024-03-19,referral,mobile,India
3076693,2024-05-30,ads,mobile,UK
3567775,2024-01-17,organic,tablet,India
2105581,2024-01-13,social,mobile,UK
4392291,2024-05-04,organic,desktop,India
1752696,2024-01-05,referral,desktop,USA
1204935,2024-03-08,organic,mobile,India
3231179,2024-01-11,organic,desktop,India
2310231,2024-05-01,social,mobile,UK
4216796,2024-02-05,organic,mobile,USA
1947702,2024-03-09,referral,desktop,India
1198737,2024-02-07,ads,desktop,USA
2815856,2025-04-06,social,desktop,India
3875081,2024-01-18,organic,mobile,USA
3010744,2024-01-22,organic,mobile,India
1040229,2024-08-17,organic,desktop,India
4245774,2024-02-08,organic,tablet,UK
4525372,2024-05-15,organic,mobile,USA
1860614,2024-01-22,ads,mobile,India
1172920,2024-01-01,ads,desktop,India
1094515,2024-01-08,ads,mobile,India
3069041,2024-01-16,ads,mobile,Germany
1360993,2024-04-11,ads,mobile,USA
4509353,2024-01-23,ads,mobile,UK
1883135,2024-03-29,email,mobile,USA
2908004,2024-02-23,ads,mobile,India
1079194,2024-02-21,organic,tablet,Canada
3632559,2024-02-21,organic,desktop,Canada
4398895,2024-01-10,ads,mobile,India
2733845,2024-07-21,ads,mobile,USA
1963664,2024-10-19,organic,desktop,USA
2127183,2024-02-19,organic,tablet,Germany
1796370,2024-02-21,referral,desktop,Germany
3434344,2024-01-03,ads,mobile,India
4341108,2024-02-12,ads,mobile,India
3167090,2024-03-24,ads,desktop,USA
2890942,2024-01-03,organic,desktop,India
1220355,2024-01-01,organic,mobile,India
1081967,2024-02-14,referral,mobile,India
4035733,2024-03-20,organic,tablet,India
2036246,2024-01-23,organic,mobile,Australia
1720748,2024-01-22,ads,tablet,Australia
4031893,2024-04-09,referral,mobile,India
2902998,2024-06-05,email,desktop,India
1005661,2024-01-01,ads,mobile,India
4824720,2024-04-21,email,mobile,USA
3132204,2024-03-17,organic,mobile,Germany
4633840,2024-04-23,organic,tablet,India
1835933,2024-04-04,social,tablet,India
3830053,2024-03-26,organic,mobile,UK
2581850,2024-02-06,organic,mobile,India
1440381,2024-01-24,organic,desktop,USA
3202306,2024-01-06,email,mobile,India
3908957,2024-04-30,email,mobile,USA
2251948,2024-03-18,ads,desktop,India
4473713,2024-02-11,social,desktop,UK
2204430,2024-03-25,organic,mobile,India
1293708,2024-01-03,ads,mobile,India
4482616,2024-01-24,ads,mobile,India
1096040,2024-02-04,organic,mobile,USA
3721258,2024-01-05,ads,mobile,India
3439561,2024-02-06,ads,mobile,India
2740530,2024-01-04,ads,tablet,Canada
2339072,2024-02-15,referral,desktop,USA
2979143,2024-03-09,ads,mobile,India
3757754,2024-03-31,referral,desktop,India
1037000,2024-01-17,ads,desktop,India
2626502,2024-02-16,ads,mobile,Australia
1373563,2024-01-26,ads,desktop,Canada
4861004,2024-01-10,ads,tablet,India
4543289,2024-01-02,organic,mobile,India
3977543,2024-01-15,organic,mobile,India
3541762,2024-10-23,organic,tablet,India
1447379,2024-03-05,organic,mobile,USA
3582242,2024-01-02,organic,mobile,USA
4638814,2024-01-11,email,mobile,India
1029687,2024-06-06,organic,mobile,UK
4427353,2024-10-05,referral,tablet,India
2855747,2024-08-03,organic,tablet,India
4035328,2024-01-15,organic,mobile,India
2080918,2024-01-10,organic,mobile,USA
3817682,2024-03-11,ads,desktop,India
3879938,2024-01-16,ads,mobile,Canada
4916884,2024-03-16,ads,mobile,Germany
4679899,2024-06-13,email,mobile,India
1409198,2024-02-01,organic,mobile,Australia
2249245,2024-01-23,referral,desktop,India
2861941,2024-01-16,ads,mobile,India
1122165,2024-04-13,organic,mobile,India
2468835,2024-04-19,organic,desktop,India
4944123,2024-01-13,organic,mobile,India
2369940,2024-04-28,ads,mobile,UK
3566887,2024-01-24,organic,mobile,India
2717924,2024-06-22,ads,mobile,India
4035304,2024-01-10,organic,mobile,USA
3144489,2024-05-07,organic,mobile,Canada
1946311,2024-02-12,ads,desktop,USA
1075396,2024-01-12,organic,desktop,India
4748908,2024-03-18,social,mobile,India
2669429,2024-01-06,organic,mobile,UK
3859171,2024-02-01,referral,mobile,India
1363704,2024-11-10,organic,mobile,Australia
1326852,2024-01-10,ads,mobile,UK
4565830,2024-01-29,ads,mobile,Germany
1178585,2024-02-22,organic,mobile,USA
4121189,2024-06-18,email,mobile,UK
4135355,2024-01-16,social,mobile,India
1189891,2024-02-22,ads,mobile,Canada
1228630,2024-03-11,ads,tablet,India
4885149,2024-01-04,ads,mobile,India
1518884,2024-05-11,organic,desktop,India
4965299,2024-01-21,ads,mobile,India
4241634,2024-07-22,organic,desktop,India
3171544,2024-01-07,email,mobile,Canada
3236485,2024-02-25,organic,mobile,USA
3658810,2024-05-14,email,desktop,India
1421906,2024-01-02,organic,desktop,Australia
1341577,2024-01-30,social,desktop,USA
2326434,2024-02-20,ads,mobile,USA
1544113,2024-03-01,ads,mobile,USA
4916988,2024-03-13,ads,mobile,USA
2825320,2024-01-05,social,mobile,Canada
4649978,2024-01-27,organic,mobile,India
1242920,2024-01-22,referral,desktop,India
1418616,2024-01-07,organic,mobile,India
3626656,2024-02-16,organic,desktop,USA
1728055,2024-01-30,organic,tablet,Germany
1798551,2024-01-20,organic,mobile,UK
4434222,2024-01-08,organic,mobile,Canada
1785970,2024-02-05,organic,desktop,India
1850614,2024-02-25,referral,tablet,India
1283545,2024-10-11,organic,mobile,India
1428515,2024-07-07,email,desktop,India
1315484,2024-04-04,referral,mobile,India
2411909,2024-03-21,ads,desktop,USA
1719999,2024-10-29,ads,mobile,India
2828686,2024-03-31,ads,mobile,UK
3070976,2024-05-21,referral,desktop,India
1747241,2024-01-20,ads,mobile,India
1514682,2024-01-04,ads,desktop,Germany
4600212,2024-01-07,organic,desktop,India
1495848,2024-01-18,social,mobile,India
2234595,2024-01-05,organic,mobile,India
3269789,2024-01-02,organic,mobile,India
1489327,2024-08-08,referral,desktop,India
4044369,2024-05-23,social,mobile,UK
3461773,2024-04-14,ads,mobile,UK
3167846,2024-04-03,ads,mobile,India
3803507,2024-01-02,organic,desktop,USA
4338244,2024-01-05,ads,mobile,India
3632505,2024-02-01,referral,mobile,UK
2648742,2024-06-09,organic,mobile,India
3279847,2024-04-26,organic,mobile,UK
1681737,2024-01-14,ads,tablet,USA
4546999,2024-02-12,organic,desktop,India
3228251,2024-01-01,organic,mobile,India
2519429,2024-04-11,ads,tablet,India
2442143,2024-06-18,organic,mobile,USA
1041762,2024-07-18,organic,mobile,India
4208383,2024-02-07,organic,mobile,India
4319277,2024-02-10,social,mobile,USA
2227884,2024-04-16,organic,desktop,UK
1401823,2024-01-27,ads,mobile,Canada
1638154,2024-02-03,ads,mobile,Germany
1891001,2024-03-28,social,mobile,India
4566731,2024-02-04,organic,tablet,India
4296124,2024-02-12,organic,desktop,Australia
3696742,2024-01-09,ads,mobile,Germany
3365317,2024-04-26,ads,mobile,USA
2671667,2024-01-09,ads,desktop,USA
2447945,2024-01-08,email,mobile,India
2672895,2024-02-29,referral,desktop,India
1633838,2024-01-15,organic,desktop,India
4043564,2024-01-07,ads,mobile,India
1427514,2024-06-07,ads,desktop,USA
1193020,2024-01-20,referral,mobile,India
2802323,2024-01-01,organic,mobile,India
2998084,2024-01-02,ads,desktop,India
1360398,2024-01-09,ads,mobile,India
1821250,2024-01-31,organic,mobile,India
3959146,2024-01-24,organic,mobile,India
4833683,2024-03-21,email,tablet,India
2340623,2024-02-18,organic,mobile,Germany
1299282,2024-01-12,organic,desktop,India
4563338,2024-03-17,email,mobile,UK
1309278,2024-03-25,referral,mobile,India
1640274,2024-07-22,ads,desktop,Australia
4305203,2024-05-20,email,mobile,Germany
2169008,2024-03-15,ads,mobile,Australia
2605984,2024-04-24,organic,desktop,India
2681186,2024-02-24,referral,desktop,Canada
4384118,2024-01-14,ads,mobile,India
1135214,2024-02-11,ads,mobile,USA
2850427,2024-05-03,organic,mobile,Germany
2049108,2024-01-20,organic,tablet,India
3191079,2024-03-05,ads,mobile,India
1939952,2024-04-19,organic,tablet,Canada
2274891,2024-05-09,organic,mobile,UK
4946973,2024-01-19,organic,mobile,USA
3616357,2024-02-26,organic,desktop,India
2644750,2024-05-04,ads,mobile,USA
3963534,2024-06-27,social,mobile,India
2898948,2024-07-10,ads,mobile,Canada
2575720,2024-01-08,ads,mobile,India
3174344,2024-02-05,ads,mobile,India
4754154,2024-03-02,organic,desktop,India
1210854,2024-01-11,email,mobile,India
3836760,2024-03-29,organic,mobile,India
2955373,2024-01-05,organic,tablet,USA
3708434,2024-01-04,referral,mobile,India
2515755,2024-02-09,ads,desktop,India
2145430,2024-01-10,ads,mobile,India
4349482,2024-01-02,email,mobile,Australia
2738704,2024-02-21,organic,mobile,India
2839523,2024-01-25,ads,mobile,USA
4349896,2024-02-18,organic,tablet,USA
4019179,2024-02-12,email,mobile,Canada
3916056,2024-02-02,organic,mobile,UK
1859732,2024-01-19,email,mobile,USA
1023530,2024-02-22,email,mobile,India
2877407,2024-01-19,email,desktop,Australia
1588868,2024-02-07,organic,mobile,India
4068581,2024-01-26,organic,mobile,Canada
2596171,2024-06-14,ads,mobile,Germany
3994475,2024-02-14,organic,mobile,India
3958664,2024-02-07,ads,mobile,Australia
3855330,2024-04-17,organic,mobile,India
2180917,2024-04-19,organic,tablet,India
4039773,2024-02-17,organic,tablet,India
4665230,2024-03-03,email,desktop,USA
1475525,2024-04-05,organic,desktop,India
2048340,2024-02-06,organic,mobile,USA
4275383,2024-01-20,social,mobile,Australia
1997428,2024-03-03,organic,desktop,USA
4656685,2024-04-14,email,desktop,India
1693993,2024-07-21,organic,mobile,Canada
4831917,2024-03-23,organic,mobile,USA
2715830,2024-01-02,organic,tablet,India
3366839,2024-04-20,ads,mobile,USA
1820735,2024-01-19,ads,desktop,Germany
2270422,2024-01-20,ads,desktop,Germany
3664552,2024-04-30,organic,mobile,Canada
4283738,2024-05-02,organic,mobile,India
1857552,2024-03-29,referral,tablet,India
4910939,2024-02-04,referral,mobile,Canada
2678577,2024-01-30,email,mobile,India
4483535,2024-02-01,email,mobile,India
1575223,2024-03-20,ads,mobile,India
4907178,2024-01-13,organic,desktop,Germany
4391304,2024-03-25,email,mobile,Germany
1299125,2024-02-13,organic,mobile,Canada
3917675,2024-06-08,organic,mobile,UK
1504170,2024-01-22,organic,desktop,India
1351413,2024-01-09,ads,mobile,India
3330020,2024-03-25,ads,mobile,Germany
2138085,2024-04-19,referral,desktop,USA
4903308,2024-02-01,email,mobile,India
4529083,2024-02-03,ads,mobile,India
2754277,2024-03-05,organic,desktop,India
2898442,2024-05-30,organic,desktop,India
3940184,2024-03-27,ads,mobile,Australia
3546295,2024-01-13,ads,desktop,India
1253416,2024-04-07,ads,mobile,Canada
1812208,2024-01-21,ads,mobile,USA
2889054,2024-01-03,email,desktop,USA
1486305,2024-07-13,email,mobile,India
2653596,2024-02-04,ads,desktop,India
2014072,2024-01-30,ads,mobile,India
2387557,2024-01-11,organic,mobile,India
2430597,2024-02-22,ads,mobile,Canada
4523435,2024-04-01,organic,mobile,India
1438043,2024-02-18,organic,mobile,India
3268211,2024-01-17,ads,mobile,India
4594376,2024-03-05,ads,tablet,India
3147922,2024-01-17,ads,desktop,Canada
4452002,2024-03-06,organic,mobile,USA
1402555,2024-10-03,ads,mobile,India
3922379,2024-04-14,organic,tablet,Germany
1879212,2024-01-21,organic,mobile,Australia
1602052,2024-01-01,ads,desktop,India
2547037,2024-01-15,organic,mobile,UK
1014983,2024-03-15,email,mobile,India
2489264,2024-01-04,organic,mobile,USA
1988387,2024-02-25,organic,mobile,UK
2011814,2024-02-11,organic,desktop,India
4481958,2024-03-13,organic,mobile,India
1554608,2024-04-03,email,desktop,Canada
3724685,2024-02-11,social,mobile,Germany
4075116,2024-01-07,organic,mobile,India
3677742,2024-01-13,ads,desktop,USA
3826939,2024-02-21,organic,tablet,India
4470871,2024-03-26,ads,mobile,UK
4424437,2024-01-06,organic,mobile,India
4590043,2024-03-03,email,mobile,UK
4593424,2024-01-01,email,mobile,UK
1930864,2024-02-09,referral,mobile,USA
3752296,2024-01-17,email,mobile,India
1029650,2024-05-11,ads,mobile,Canada
4116197,2024-10-05,ads,mobile,India
2314390,2024-01-16,email,mobile,India
4241690,2024-04-18,referral,desktop,USA
3029324,2024-02-24,ads,desktop,USA
2517706,2024-01-17,ads,desktop,UK
1345264,2024-06-29,email,mobile,India
3620801,2024-01-21,social,mobile,UK
3387038,2024-02-07,organic,mobile,India
3190297,2024-01-27,ads,desktop,USA
3435993,2024-07-23,email,mobile,India
4597416,2024-05-05,organic,desktop,UK
3037120,2024-03-21,ads,mobile,India
4473074,2024-07-21,organic,desktop,UK
3871233,2024-03-16,organic,desktop,Canada
2283929,2024-01-14,social,mobile,UK
1973116,2024-01-30,ads,mobile,UK
2708207,2024-06-19,organic,mobile,India
2314650,2024-01-28,organic,mobile,India
1083270,2024-06-16,organic,tablet,USA
1105924,2024-05-04,ads,mobile,India
4072036,2024-01-17,organic,desktop,UK
3396159,2024-01-23,organic,mobile,Germany
2600952,2024-02-16,ads,desktop,Germany
3447737,2024-03-05,social,desktop,Germany
2208809,2024-03-17,ads,desktop,India
1634030,2024-04-11,organic,mobile,India
1685434,2024-05-02,organic,mobile,India
4082905,2024-03-22,ads,mobile,UK
3141058,2024-06-13,referral,tablet,USA
2147339,2024-04-20,email,mobile,India
3045901,2024-01-03,ads,mobile,India
4988667,2024-03-19,email,mobile,India
2041242,2024-01-10,organic,mobile,India
2752715,2024-01-10,organic,mobile,Australia
2252024,2024-01-22,email,desktop,India
1183213,2024-04-24,ads,mobile,Canada
1596885,2024-01-01,referral,tablet,UK
2702989,2024-01-17,organic,mobile,Germany
1886934,2024-01-01,organic,desktop,India
1367156,2024-01-02,organic,tablet,USA
1878554,2024-06-26,organic,desktop,India
4111085,2024-02-17,social,mobile,USA
1898682,2024-06-13,referral,mobile,India
1771983,2024-03-11,ads,mobile,UK
3305838,2024-01-27,email,tablet,UK
2020819,2024-04-07,ads,desktop,India
3396372,2024-03-06,ads,mobile,India
2296133,2024-01-04,social,mobile,India
3491903,2024-03-13,organic,desktop,USA
3179339,2024-06-23,organic,mobile,Germany
2570606,2024-01-23,email,desktop,USA
2250481,2024-03-06,organic,mobile,India
2846064,2024-02-02,organic,desktop,USA
1568621,2024-01-18,organic,desktop,USA
3362663,2024-03-04,ads,mobile,Australia
2799895,2024-01-23,ads,desktop,Canada
2482490,2024-01-03,ads,mobile,India
3096129,2024-06-19,ads,mobile,Australia
1066724,2024-04-16,organic,mobile,UK
4581876,2024-02-26,organic,mobile,USA
1110457,2024-03-01,ads,tablet,Germany
4268126,2024-01-23,social,mobile,India
2340235,2024-02-15,organic,mobile,UK
4903926,2024-01-12,organic,desktop,India
3089084,2024-01-29,referral,mobile,USA
1803710,2024-01-14,ads,mobile,Germany
2276906,2024-07-23,organic,tablet,Germany
1983763,2024-02-25,email,tablet,India
2435002,2024-02-23,referral,mobile,India
1954756,2024-02-26,ads,mobile,Germany
2513497,2024-02-17,organic,desktop,India
2507196,2024-03-01,organic,mobile,India
1018424,2024-03-14,ads,mobile,India
4683187,2024-03-12,organic,mobile,USA
1210374,2024-02-23,email,desktop,USA
3839076,2024-03-07,organic,mobile,Australia
2130944,2024-03-23,organic,desktop,India
4526840,2024-02-17,organic,mobile,USA
1950141,2024-01-09,ads,mobile,UK
1096108,2024-01-01,ads,mobile,UK
1402248,2024-01-22,organic,mobile,USA
4916000,2024-03-19,email,desktop,India
2729641,2024-03-16,email,mobile,India
4855848,2024-04-19,organic,mobile,Australia
1785047,2024-04-10,organic,mobile,India
3515319,2024-03-19,email,mobile,Germany
2901817,2024-01-28,organic,mobile,India
4787763,2024-01-19,ads,mobile,India
3157806,2024-01-30,organic,mobile,Germany
4805754,2024-02-28,organic,mobile,India
1611522,2024-02-03,ads,mobile,USA
2184623,2024-01-22,referral,desktop,India
4948052,2024-04-02,email,mobile,India
3326094,2024-01-25,ads,mobile,Canada
3467308,2024-01-27,organic,desktop,UK
1802386,2024-04-06,organic,tablet,UK
2654936,2024-01-18,organic,mobile,Australia
1400972,2024-04-21,email,mobile,Germany
4478186,2024-03-24,organic,desktop,India
2745004,2024-02-09,organic,tablet,USA
1541637,2024-01-08,email,tablet,India
2397511,2024-01-25,referral,mobile,India
1416882,2024-03-08,organic,tablet,India
1116863,2024-03-10,referral,desktop,USA
1383773,2024-04-21,organic,mobile,Germany
1834882,2024-05-09,ads,desktop,India
1088777,2024-02-04,organic,desktop,India
4812651,2024-02-02,ads,mobile,India
3665669,2024-03-16,organic,mobile,USA
2353566,2024-05-11,organic,mobile,India
4855754,2024-04-17,ads,tablet,UK
4826724,2024-02-04,organic,mobile,UK
2636120,2024-03-03,email,desktop,Australia
4195305,2024-01-07,organic,mobile,Australia
1815723,2024-03-05,social,tablet,India
4243410,2024-02-17,ads,desktop,UK
2131400,2024-02-13,referral,mobile,India
2709402,2024-01-09,ads,mobile,USA
1433203,2024-05-07,ads,desktop,India
3230744,2024-04-18,organic,mobile,India
3231156,2024-01-03,social,mobile,India
4317457,2024-02-15,ads,mobile,India
1044761,2024-05-22,organic,desktop,USA
1097850,2024-02-06,social,mobile,India
2714514,2024-02-21,organic,tablet,India
1857837,2024-02-08,organic,tablet,Australia
1917872,2024-03-28,email,tablet,India
2394106,2024-01-05,ads,mobile,India
2627601,2024-01-03,social,desktop,India
1008465,2024-01-04,email,desktop,India
3391065,2024-04-18,organic,desktop,Germany
1995511,2024-02-04,organic,desktop,UK
2931473,2024-03-16,organic,mobile,UK
1915488,2024-01-27,email,desktop,Germany
3195844,2024-03-21,email,desktop,India
2624730,2024-04-14,organic,mobile,India
1981665,2024-03-01,social,mobile,India
2316978,2024-05-10,ads,mobile,USA
1723317,2024-03-13,organic,tablet,USA
1896402,2024-03-13,referral,mobile,UK
2205652,2024-04-15,ads,mobile,Canada
3077832,2024-01-16,organic,tablet,India
2806585,2024-03-03,organic,mobile,India
1073503,2024-04-24,ads,mobile,India
2229674,2024-01-24,referral,desktop,India
2142906,2024-02-21,ads,desktop,Canada
2645678,2024-01-24,ads,tablet,USA
3936223,2024-02-23,organic,mobile,India
3584007,2024-04-22,ads,mobile,India
1140247,2024-01-01,ads,mobile,USA
2554927,2024-02-28,ads,tablet,India
2867331,2024-01-21,referral,desktop,Canada
1655457,2024-01-22,organic,mobile,India
4038835,2024-06-30,ads,mobile,UK
2424662,2024-02-29,ads,desktop,Germany
2767289,2024-01-01,organic,mobile,India
4839042,2024-01-10,ads,desktop,India
2138903,2024-04-22,organic,tablet,USA
2540204,2024-07-16,organic,desktop,India
1178981,2024-02-14,organic,desktop,India
3256631,2024-04-26,organic,desktop,India
3214436,2024-02-11,ads,mobile,Australia
4811972,2024-06-26,ads,mobile,USA
4923033,2024-04-06,organic,desktop,Canada
2540000,2024-04-17,organic,desktop,USA
1359945,2024-02-11,ads,desktop,USA
2833607,2024-01-27,organic,mobile,India
4604967,2024-01-07,organic,mobile,India
1597098,2024-01-05,organic,mobile,India
2679926,2024-01-20,organic,mobile,India
1180531,2024-03-28,ads,mobile,India
4631388,2024-02-15,ads,desktop,USA
3210828,2024-06-13,organic,mobile,India
1143814,2024-03-05,organic,mobile,India
4044619,2024-01-29,organic,mobile,Germany
4568873,2024-03-18,ads,mobile,Germany
2530122,2024-01-16,ads,desktop,USA
1881604,2024-01-17,social,desktop,India
4146822,2024-01-17,organic,desktop,India
1370912,2024-03-03,social,desktop,USA
1199017,2024-01-01,organic,desktop,USA
1719377,2024-01-06,ads,desktop,USA
3595948,2024-03-16,ads,mobile,India
2815425,2024-02-23,organic,mobile,UK
4589223,2024-06-30,organic,desktop,India
4503750,2024-04-18,email,mobile,USA
3638855,2024-01-26,organic,mobile,India
1832428,2024-02-15,ads,tablet,India
3135270,2024-03-24,organic,desktop,USA
2347856,2024-03-05,email,mobile,USA
2201530,2024-01-01,organic,mobile,USA
2131347,2024-01-12,organic,mobile,India
1491586,2024-01-25,ads,desktop,Australia
2281241,2024-03-04,organic,mobile,India
4080517,2024-10-01,ads,mobile,India
2573691,2024-01-08,referral,mobile,Canada
2232832,2024-01-30,organic,tablet,India
2521465,2024-01-28,organic,tablet,India
3026071,2024-02-07,ads,mobile,USA
4973381,2024-05-22,organic,mobile,India
3063468,2024-04-11,ads,mobile,Canada
3328659,2024-04-23,organic,mobile,India
3290115,2024-01-19,organic,mobile,UK
3191230,2024-01-13,organic,mobile,Canada
3291976,2024-03-16,organic,desktop,Australia
2665333,2024-02-07,ads,mobile,Australia
3543433,2024-01-28,email,tablet,India
3716619,2024-01-12,organic,mobile,India
4857622,2024-03-09,referral,mobile,UK
4400509,2024-02-24,email,mobile,Germany
4118871,2024-03-12,ads,mobile,UK
3210859,2024-01-26,organic,mobile,India
4591812,2024-02-07,referral,mobile,UK
4182894,2024-01-23,ads,mobile,India
1044657,2024-01-01,social,tablet,India
3292499,2024-01-29,ads,desktop,India
3469684,2024-03-23,organic,mobile,UK
2300502,2024-02-18,ads,mobile,India
4392127,2024-03-24,organic,mobile,USA
3396021,2024-01-04,organic,mobile,India
3838748,2024-04-16,organic,mobile,India
3119778,2024-03-06,organic,mobile,USA
4824451,2024-02-12,organic,mobile,India
1024239,2024-03-23,ads,mobile,UK
4032640,2024-03-12,ads,mobile,India
2566109,2024-01-19,organic,desktop,India
4719781,2024-01-15,email,desktop,Canada
3005086,2024-03-07,organic,mobile,Canada
1498273,2024-01-08,ads,mobile,India
2031301,2024-01-23,organic,desktop,Canada
1367504,2024-01-06,organic,desktop,India
3447800,2024-02-11,referral,desktop,India
4150674,2024-01-18,referral,mobile,India
2012850,2024-02-15,social,mobile,India
1650558,2024-01-18,referral,mobile,UK
3794250,2024-01-16,social,mobile,India
4340768,2024-02-12,organic,mobile,USA
1093304,2024-06-17,organic,mobile,India
4837665,2024-01-13,organic,desktop,Germany
2185972,2024-02-16,email,mobile,India
4448618,2024-01-21,ads,mobile,USA
3909612,2024-01-01,email,tablet,USA
1098580,2024-01-03,referral,mobile,Canada
4538839,2024-01-24,ads,desktop,UK
2268309,2024-02-28,email,mobile,India
2926022,2024-04-25,organic,desktop,Australia
1418440,2024-01-13,referral,mobile,UK
3568591,2024-03-15,social,mobile,Germany
3558503,2024-04-30,ads,desktop,India
4999907,2024-01-08,email,desktop,India
1603941,2024-01-18,organic,mobile,Canada
3992856,2024-01-04,ads,tablet,India
2113224,2024-01-12,organic,mobile,Germany
3096462,2024-02-01,organic,mobile,USA
1418383,2024-05-02,email,mobile,India
1158504,2024-04-12,ads,mobile,India
3320172,2024-04-22,organic,mobile,India
1326118,2024-02-04,email,mobile,India
2606691,2024-02-26,organic,desktop,India
1441541,2024-05-06,organic,mobile,India
1440585,2024-03-04,referral,desktop,India
3660383,2024-01-01,organic,mobile,India
3787750,2024-01-04,organic,mobile,India
3415806,2024-01-06,referral,mobile,India
3340016,2024-04-18,ads,desktop,India
4778250,2024-01-10,social,mobile,Australia
2105056,2024-01-07,ads,mobile,India
3573526,2024-04-02,organic,mobile,India
2210446,2024-04-12,organic,desktop,UK
2251629,2024-03-14,ads,mobile,India
4953309,2024-01-18,organic,desktop,USA
3736830,2024-04-30,referral,desktop,India
4960369,2024-08-10,organic,desktop,UK
2691611,2024-02-18,ads,desktop,UK
2326547,2024-01-25,ads,mobile,UK
1714062,2024-02-19,ads,mobile,India
1902700,2024-02-22,social,mobile,India
2499691,2024-01-14,email,mobile,India
3360608,2024-05-13,organic,mobile,India
2773530,2024-02-02,ads,mobile,USA
3661268,2024-01-05,organic,desktop,India
1776572,2024-01-09,organic,mobile,India
2911518,2024-02-15,social,mobile,India
4104288,2024-07-28,social,desktop,India
4363241,2024-02-13,organic,mobile,USA
4163594,2024-03-25,organic,mobile,India
4789035,2024-02-10,ads,desktop,India
2775299,2024-02-12,email,tablet,India
4719839,2024-01-01,ads,tablet,UK
4933744,2024-02-12,ads,tablet,USA
4370983,2024-01-14,organic,mobile,Australia
1343636,2024-03-21,organic,tablet,India
2534345,2024-01-25,email,mobile,UK
3512761,2024-02-26,ads,mobile,India
1350630,2024-02-11,ads,mobile,India
4902807,2024-01-16,organic,mobile,India
4172178,2024-02-05,ads,mobile,USA
4854491,2024-09-29,organic,mobile,India
2194928,2024-05-06,ads,mobile,India
2761686,2024-01-08,social,desktop,India
3648326,2024-02-21,ads,mobile,India
3388447,2024-06-29,social,tablet,Canada
1343060,2024-02-03,organic,mobile,India
4420767,2024-01-15,social,desktop,India
3481609,2024-02-02,organic,desktop,USA
2680173,2024-02-16,ads,desktop,India
3137261,2024-04-18,organic,tablet,USA
2295370,2024-03-02,organic,mobile,USA
2831065,2024-08-26,organic,mobile,India
1240167,2024-01-01,organic,mobile,India
3304556,2024-01-24,organic,mobile,Germany
3973664,2024-11-12,ads,mobile,India
4531038,2024-02-27,email,mobile,Germany
3474258,2024-04-20,organic,desktop,India
4232073,2024-01-25,organic,mobile,UK
2591791,2024-01-19,organic,desktop,India
2646045,2024-02-01,ads,mobile,USA
4812169,2024-04-04,organic,mobile,India
3806682,2024-03-25,email,mobile,India
1742232,2024-04-03,ads,mobile,India
4650018,2024-01-26,ads,mobile,USA
2921395,2024-01-20,ads,mobile,India
3917370,2024-01-02,ads,mobile,India
4388250,2024-03-01,ads,mobile,Germany
2332572,2024-03-14,organic,desktop,Canada
3861733,2024-02-07,social,tablet,India
4868189,2024-05-07,ads,mobile,India
2666759,2024-01-20,organic,mobile,USA
3164605,2024-04-17,organic,desktop,USA
3594926,2024-01-04,ads,mobile,UK
3234655,2024-05-04,ads,desktop,India
1445215,2024-03-11,social,desktop,USA
3574137,2024-01-02,social,mobile,India
2957760,2024-03-13,ads,mobile,India
4840195,2024-03-11,ads,mobile,India
3135924,2024-01-26,organic,mobile,Germany
2452773,2024-01-25,referral,mobile,India
4943735,2024-02-12,ads,desktop,India
4187696,2024-03-04,organic,mobile,India
2168205,2024-05-07,referral,mobile,India
2784692,2024-03-07,organic,mobile,USA
2262110,2024-02-24,organic,desktop,India
2290997,2024-01-02,organic,mobile,India
1020694,2024-04-12,organic,mobile,India
2459229,2024-01-05,organic,desktop,Canada
3326828,2024-01-03,email,mobile,India
1193699,2024-03-11,organic,desktop,India
2048613,2024-05-26,ads,tablet,India
1459294,2024-03-30,email,mobile,USA
2661223,2024-07-24,organic,mobile,Germany
1478602,2024-05-22,ads,desktop,UK
4316391,2024-01-28,social,mobile,India
4509147,2024-03-22,ads,mobile,USA
1540763,2024-01-23,organic,mobile,India
2306865,2024-01-15,ads,mobile,India
3747757,2024-01-27,referral,mobile,India
3199082,2024-02-15,organic,desktop,India
4082529,2024-05-10,organic,desktop,UK
3383919,2024-01-15,ads,desktop,India
4454997,2024-03-08,organic,mobile,India
4942824,2024-05-28,referral,desktop,India
4722590,2024-02-05,referral,mobile,UK
2030510,2024-02-18,organic,desktop,India
3378554,2024-01-27,ads,desktop,India
3876647,2024-04-29,organic,mobile,India
2282569,2024-01-27,organic,mobile,India
1548889,2024-03-07,ads,mobile,Australia
3875517,2024-01-20,referral,desktop,India
3167715,2024-01-27,organic,mobile,India
2830409,2024-01-20,organic,desktop,India
2106724,2024-02-18,organic,mobile,India
1609585,2024-01-03,ads,mobile,Canada
2909745,2024-03-01,ads,mobile,Canada
2203665,2025-02-17,organic,desktop,Germany
1569130,2024-01-15,referral,desktop,UK
2753976,2024-01-08,organic,desktop,India
1397104,2024-03-11,organic,mobile,India
1728890,2024-01-01,ads,tablet,Germany
4681210,2024-02-25,organic,mobile,India
1439437,2024-03-08,organic,mobile,USA
1696189,2024-08-10,organic,mobile,Germany
1987606,2024-02-12,organic,desktop,USA
4165547,2024-01-05,organic,desktop,India
1265157,2024-02-25,organic,desktop,UK
3492324,2024-10-16,organic,desktop,UK
4491617,2024-02-27,organic,mobile,USA
3539172,2024-01-11,organic,mobile,Canada
4224782,2024-01-18,ads,mobile,India
2059935,2024-01-21,organic,desktop,Canada
2050582,2024-02-22,ads,desktop,Canada
1545044,2024-02-06,organic,mobile,India
2990254,2024-05-01,email,mobile,India
4010860,2024-02-08,organic,mobile,India
3232016,2024-02-18,ads,tablet,India
4705533,2024-02-22,referral,desktop,India
2101474,2024-04-12,ads,mobile,India
1614001,2024-03-06,organic,mobile,India
4622578,2024-03-07,organic,mobile,India
1400395,2024-02-20,referral,desktop,India
2821904,2024-01-01,organic,desktop,India
1022615,2024-03-06,organic,desktop,USA
1880391,2024-02-29,ads,desktop,India
3994827,2024-01-19,organic,desktop,Australia
1657829,2024-02-11,organic,mobile,Canada
4343151,2024-03-18,ads,tablet,Germany
2403281,2024-03-15,ads,mobile,UK
3071488,2024-02-12,organic,tablet,USA
2195117,2024-05-12,ads,mobile,USA
1811194,2024-03-21,organic,desktop,UK
3737212,2024-01-08,organic,mobile,India
1902804,2024-01-03,organic,mobile,Germany
1953105,2024-01-24,organic,desktop,India
4220337,2024-01-13,ads,desktop,USA
2574408,2024-03-08,ads,desktop,India
3261705,2024-02-25,organic,mobile,India
4799478,2024-01-11,ads,mobile,USA
4705391,2024-06-13,ads,desktop,India
2760575,2024-01-11,social,mobile,Canada
2361951,2024-02-10,organic,tablet,USA
2217196,2024-01-01,organic,mobile,India
2509203,2024-03-31,organic,mobile,UK
2251962,2024-06-03,referral,tablet,USA
4019518,2024-01-21,organic,desktop,UK
1283512,2024-01-28,email,desktop,India
1059231,2024-03-12,organic,desktop,India
1879868,2024-03-08,organic,desktop,India
4222597,2024-01-13,referral,mobile,UK
3605243,2024-01-07,ads,mobile,India
3676528,2024-01-30,organic,desktop,India
4604595,2024-01-01,social,mobile,India
1863544,2024-01-30,organic,mobile,USA
1017811,2024-01-24,ads,mobile,India
3100609,2024-02-09,ads,mobile,USA
3553377,2024-03-09,ads,desktop,USA
1010712,2024-11-17,organic,mobile,India
1648442,2024-02-08,organic,mobile,USA
1502340,2024-01-16,organic,mobile,India
4304938,2024-04-12,organic,desktop,Canada
2583464,2024-05-22,email,mobile,India
1807937,2024-11-14,organic,desktop,India
4875510,2024-01-08,organic,mobile,India
1830978,2024-02-21,organic,mobile,India
1113285,2024-02-20,ads,tablet,Australia
2743231,2024-01-10,email,mobile,Germany
2366006,2024-02-10,referral,desktop,India
1466101,2024-01-26,ads,mobile,India
4416157,2024-01-29,email,mobile,Germany
4015292,2024-03-12,organic,mobile,India
1497810,2024-02-20,organic,desktop,India
4196510,2024-01-28,ads,mobile,India
4209328,2024-04-29,organic,tablet,Canada
3594428,2024-02-16,organic,mobile,India
2148619,2024-06-29,referral,desktop,USA
2459907,2024-04-10,organic,mobile,India
2729059,2024-03-13,referral,mobile,India
4200545,2024-01-26,organic,desktop,India
4154581,2024-01-28,social,mobile,UK
2662954,2024-05-27,ads,desktop,Canada
2385603,2024-02-06,organic,desktop,India
4531996,2024-02-11,ads,mobile,Canada
1477448,2024-01-29,ads,desktop,India
1519193,2024-03-15,organic,mobile,Germany
4635250,2024-01-13,organic,mobile,USA
4018170,2024-01-07,ads,desktop,India
3276690,2024-04-07,referral,mobile,India
3217953,2024-03-18,ads,mobile,USA
4535009,2024-05-02,referral,tablet,UK
2427593,2024-01-12,referral,desktop,Australia
2655354,2024-04-28,ads,mobile,India
2342807,2024-07-13,referral,desktop,USA
3800825,2024-02-28,organic,mobile,India
4438667,2024-04-03,social,mobile,Germany
2900750,2024-04-26,organic,tablet,USA
2329771,2024-01-19,organic,tablet,Canada
3097230,2024-04-13,ads,mobile,Germany
4897621,2024-01-16,referral,tablet,USA
2130774,2024-05-03,organic,desktop,UK
4859412,2024-04-18,organic,desktop,UK
1177694,2024-01-03,organic,mobile,USA
4957039,2024-02-23,organic,mobile,Canada
4773557,2024-04-14,organic,desktop,India
1186246,2024-06-07,ads,desktop,USA
2190939,2024-04-07,organic,desktop,UK
1572005,2024-04-27,organic,mobile,Australia
4486771,2024-02-14,organic,desktop,India
4817471,2024-01-15,organic,mobile,India
3385564,2024-04-28,organic,mobile,UK
1291290,2024-06-01,referral,desktop,USA
2665693,2024-02-27,ads,mobile,India
2128282,2024-01-20,referral,mobile,Germany
1595497,2024-05-07,ads,mobile,Germany
1191277,2024-02-05,email,desktop,India
1062937,2024-02-20,ads,mobile,India
2218184,2024-03-01,organic,desktop,Australia
4230167,2024-03-10,organic,mobile,USA
1672144,2024-05-13,organic,mobile,Germany
2340361,2024-01-20,ads,desktop,India
3361015,2024-01-03,email,mobile,USA
2564604,2024-01-28,email,mobile,UK
4861123,2024-02-05,ads,mobile,Canada
1722447,2024-03-19,email,desktop,India
2536224,2024-01-21,referral,desktop,India
3312375,2024-02-14,ads,desktop,Canada
1703836,2024-01-04,ads,mobile,USA
4997456,2024-04-08,organic,tablet,India
1653250,2024-04-07,ads,mobile,India
3304554,2024-01-24,referral,mobile,India
3870964,2024-05-25,organic,mobile,UK
4171522,2024-01-03,organic,mobile,India
2687413,2024-04-28,organic,mobile,USA
3486289,2024-02-04,organic,tablet,India
2993882,2024-01-09,organic,mobile,USA
3605563,2024-04-09,ads,mobile,USA
1805519,2024-01-17,email,mobile,India
2676964,2024-02-07,email,desktop,India
3950910,2024-03-25,referral,desktop,USA
2736596,2024-01-01,organic,mobile,India
1950509,2024-01-07,ads,tablet,India
1337497,2024-04-21,referral,mobile,USA
1642702,2024-03-11,organic,tablet,India
3163026,2024-02-20,ads,mobile,Canada
3150900,2024-01-05,organic,mobile,India
1994044,2024-03-16,organic,mobile,UK
1066404,2024-01-07,social,mobile,USA
2738063,2024-01-09,email,mobile,India
4129039,2024-07-19,referral,tablet,India
3663365,2024-01-05,ads,mobile,India
2502278,2024-01-15,organic,desktop,India
4596397,2024-01-23,ads,tablet,UK
4940288,2024-02-04,organic,mobile,India
3897490,2024-05-17,referral,desktop,India
3815869,2024-03-25,ads,mobile,Germany
2721749,2024-10-08,referral,mobile,India
2170505,2024-01-02,social,desktop,India
4654648,2024-01-21,email,mobile,India
1994383,2024-02-20,organic,mobile,USA
2916638,2024-03-01,organic,mobile,India
3344578,2024-02-10,ads,mobile,Canada
4509613,2024-01-31,ads,mobile,India
2028783,2024-02-07,organic,desktop,India
2514389,2024-02-20,organic,mobile,India
1025029,2024-01-03,organic,desktop,India
2711768,2024-02-13,organic,mobile,India
4139833,2024-03-03,email,mobile,USA
4449656,2024-01-12,organic,desktop,India
4109481,2024-01-15,email,mobile,UK
3139355,2024-01-04,ads,desktop,India
3827652,2024-02-01,social,mobile,Germany
3574837,2024-01-28,email,desktop,India
3310701,2024-01-02,organic,mobile,UK
3942223,2024-03-02,organic,desktop,USA
2755231,2025-06-09,email,desktop,India
1781378,2024-03-01,organic,desktop,India
3841117,2024-02-17,email,mobile,India
4905780,2024-02-12,organic,mobile,Canada
3302853,2024-06-05,ads,mobile,UK
4862537,2024-01-24,ads,tablet,India
3117072,2024-02-29,organic,desktop,India
4492198,2024-04-03,organic,mobile,Canada
3714189,2024-06-29,organic,desktop,Canada
4726000,2024-01-05,referral,mobile,India
2966772,2024-02-03,organic,mobile,Germany
4136641,2024-01-03,ads,mobile,USA
3873268,2024-01-08,ads,mobile,India
1160725,2024-01-23,ads,mobile,India
4984619,2024-01-10,email,mobile,India
4936794,2024-03-20,ads,mobile,UK
3088234,2024-01-28,organic,mobile,India
1307984,2024-01-12,ads,mobile,Canada
3561256,2024-01-17,organic,desktop,UK
4313116,2024-01-09,organic,desktop,USA
4049573,2024-05-22,organic,mobile,Australia
2840828,2024-01-31,organic,mobile,USA
1947383,2024-04-11,organic,desktop,UK
1579600,2024-01-28,organic,desktop,India
2591214,2024-02-04,organic,desktop,Canada
4264047,2024-05-09,ads,mobile,USA
1004503,2024-02-29,ads,tablet,UK
1051061,2024-05-02,organic,tablet,India
1635411,2024-07-29,ads,desktop,Germany
2109373,2024-03-17,ads,tablet,Germany
3663324,2024-05-08,organic,desktop,Germany
2438761,2024-01-11,ads,mobile,India
2214526,2024-05-07,organic,mobile,Germany
4924250,2024-01-25,organic,mobile,Canada
4651180,2024-03-05,organic,mobile,USA
3821607,2024-01-18,organic,desktop,India
4909946,2024-06-09,organic,desktop,USA
4568939,2024-04-13,ads,mobile,India
2283867,2024-01-24,referral,tablet,India
1906598,2024-01-20,organic,mobile,Australia
3786378,2024-01-02,ads,desktop,Germany
4023728,2024-04-17,organic,mobile,Australia
1333034,2024-01-10,organic,mobile,USA
2478911,2024-06-20,ads,tablet,India
3926205,2024-03-14,referral,tablet,USA
1759573,2024-01-20,organic,desktop,UK
4305164,2024-01-20,email,mobile,Australia
2323689,2024-03-29,ads,tablet,USA
4509027,2024-01-30,ads,mobile,India
1925101,2024-01-05,ads,mobile,Germany
4445157,2024-01-31,email,mobile,India
4768774,2024-02-07,organic,mobile,India
3213915,2024-01-08,ads,tablet,India
4943391,2024-01-05,referral,mobile,India
1826991,2024-02-26,email,desktop,India
3193405,2024-03-24,ads,mobile,USA
3589022,2024-07-04,organic,mobile,India
3150475,2024-04-17,organic,desktop,India
3600284,2024-02-08,organic,mobile,India
2130463,2024-05-13,email,desktop,Australia
2121212,2024-04-14,referral,tablet,Australia
3498279,2024-02-04,organic,desktop,USA
2898943,2024-04-14,ads,mobile,India
2136043,2024-01-29,ads,desktop,UK
2596437,2024-07-07,organic,mobile,USA
3502026,2024-01-17,organic,desktop,India
2243663,2024-01-09,ads,mobile,USA
3437559,2024-02-01,organic,desktop,India
1958114,2024-04-04,referral,mobile,Canada
4464456,2024-02-12,organic,mobile,India
2133689,2024-03-31,organic,mobile,India
3128280,2024-03-20,ads,desktop,Germany
3180461,2024-03-12,social,desktop,Canada
3679557,2024-01-13,ads,desktop,India
3027925,2024-02-24,organic,mobile,UK
3450250,2024-06-14,organic,tablet,UK
2473459,2024-01-31,organic,desktop,Canada
3532706,2024-03-27,organic,mobile,India
4785250,2024-01-06,ads,mobile,India
4045536,2024-04-20,referral,tablet,UK
2878583,2024-02-26,ads,mobile,India
1637510,2024-02-04,email,mobile,USA
2260121,2024-01-27,social,desktop,Australia
1956377,2024-01-07,ads,tablet,India
3120843,2024-01-08,organic,desktop,India
2787099,2024-01-23,ads,mobile,India
1807082,2024-02-11,ads,mobile,India
1011248,2024-03-01,organic,desktop,USA
1588302,2024-04-08,referral,mobile,UK
3520837,2024-01-20,organic,desktop,Germany
3282382,2024-02-18,email,desktop,Germany
3824225,2024-05-12,referral,mobile,UK
2816356,2024-02-12,ads,mobile,India
4815055,2024-10-03,organic,mobile,Germany
4116676,2024-01-17,organic,mobile,USA
2072239,2024-03-15,social,desktop,India
4312858,2024-04-01,ads,mobile,USA
2967525,2024-01-14,organic,mobile,USA
1756024,2024-01-30,ads,desktop,Australia
3904619,2024-03-26,organic,mobile,Australia
1432061,2024-03-11,organic,desktop,India
1581775,2024-06-05,social,mobile,India
3227664,2024-08-19,organic,mobile,USA
3393221,2024-02-19,email,desktop,India
1743869,2024-03-01,organic,desktop,India
4504579,2024-02-29,social,mobile,USA
1043204,2024-03-13,organic,mobile,USA
2993189,2024-01-19,email,mobile,Canada
3955030,2024-02-17,ads,mobile,USA
1813076,2024-01-13,ads,mobile,India
1701917,2024-03-25,ads,mobile,Canada
3263189,2024-01-17,organic,mobile,India
1934022,2024-04-30,organic,mobile,India
2671257,2024-01-10,organic,tablet,USA
2364031,2024-01-16,organic,desktop,Canada
3884150,2024-02-26,organic,mobile,USA
4399040,2024-01-06,ads,mobile,Germany
1517655,2024-03-31,social,tablet,India
3415812,2024-01-18,ads,mobile,USA
2686653,2024-02-05,ads,tablet,India
1922087,2024-02-22,ads,mobile,UK
3594655,2024-01-21,organic,mobile,India
4293844,2024-02-23,referral,mobile,India
3954125,2024-02-12,organic,mobile,India
1727545,2024-02-22,organic,desktop,Canada
2029636,2024-03-08,organic,mobile,India
2083931,2024-02-21,email,desktop,Germany
4876377,2024-04-04,organic,desktop,UK
3053135,2024-02-19,organic,mobile,India
3242685,2024-02-22,organic,mobile,India
4425290,2024-02-08,ads,mobile,USA
1508356,2024-01-08,ads,desktop,Canada
2076152,2024-01-09,organic,mobile,Germany
4396862,2024-05-11,referral,desktop,India
3541813,2024-06-11,organic,mobile,India
3449854,2024-05-14,organic,desktop,USA
1721683,2024-04-06,organic,mobile,India
4722628,2024-08-09,organic,desktop,Canada
1735937,2024-05-12,organic,desktop,Canada
4167270,2024-01-03,ads,desktop,USA
3993538,2024-10-16,organic,mobile,Australia
3692919,2024-01-15,ads,mobile,India
2982884,2024-02-13,organic,desktop,India
2787636,2024-01-03,email,tablet,USA
4257245,2024-04-04,organic,desktop,India
4522319,2024-01-30,email,desktop,India
1229685,2024-04-14,organic,mobile,USA
2445917,2024-01-30,social,desktop,India
3351096,2024-01-15,ads,desktop,India
2023679,2024-02-27,ads,mobile,UK
4025069,2024-03-02,ads,desktop,India
1458797,2024-02-03,referral,tablet,India
3071525,2024-01-15,social,mobile,India
1528003,2024-05-31,organic,tablet,UK
2082011,2024-01-21,email,desktop,India
2974415,2024-03-18,organic,desktop,India
1676653,2024-01-27,referral,tablet,India
4548259,2024-02-18,referral,desktop,India
2635208,2024-02-24,organic,desktop,India
1622144,2024-03-03,ads,mobile,USA
2657895,2024-02-15,organic,mobile,India
1436828,2024-07-14,referral,desktop,India
4358360,2024-02-10,organic,mobile,Australia
4490333,2024-02-10,organic,mobile,Germany
3932344,2024-03-16,ads,mobile,UK
3332361,2024-03-15,ads,mobile,USA
1589216,2024-06-27,ads,mobile,UK
2239536,2024-01-14,email,tablet,USA
4365083,2024-01-08,organic,desktop,UK
3218286,2024-03-01,organic,mobile,India
2501289,2024-02-06,ads,desktop,India
1323036,2024-06-18,organic,mobile,Germany
4847598,2024-04-04,organic,desktop,India
1122049,2024-09-30,organic,mobile,India
2919170,2024-09-18,ads,desktop,India
2224932,2024-02-24,organic,desktop,India
4952625,2024-09-03,email,tablet,USA
4579457,2024-01-11,referral,mobile,USA
2522629,2024-01-05,referral,mobile,India
1606808,2024-03-21,social,mobile,India
4834373,2024-01-16,ads,mobile,USA
1956730,2024-01-10,email,tablet,India
1133877,2024-04-14,ads,mobile,India
1780473,2024-01-07,referral,mobile,USA
4945482,2024-03-10,organic,mobile,UK
3172571,2024-02-02,organic,mobile,USA
4572603,2024-01-10,organic,mobile,UK
4002357,2024-01-07,referral,tablet,USA
4532446,2024-07-19,ads,mobile,Canada
2633723,2024-02-10,ads,tablet,UK
1210296,2024-03-26,ads,desktop,USA
3027319,2024-03-05,ads,mobile,India
1659814,2024-01-13,organic,desktop,India
3881022,2024-01-08,ads,desktop,India
2463304,2024-06-04,ads,mobile,Canada
1672684,2024-02-02,referral,mobile,USA
3131122,2024-01-28,organic,desktop,Australia
4832043,2024-01-11,ads,tablet,USA
3464358,2024-05-14,organic,mobile,India
2296710,2024-03-31,ads,mobile,Canada
4881105,2024-01-13,organic,mobile,India
2531335,2024-02-15,ads,desktop,USA
4001724,2024-01-22,email,desktop,India
1576897,2024-05-16,organic,mobile,USA
1245557,2024-03-05,ads,desktop,USA
2727027,2024-05-02,referral,mobile,USA
1973660,2024-01-03,email,desktop,Germany
2748947,2024-02-08,organic,mobile,USA
3094284,2024-01-11,ads,desktop,India
4961750,2024-01-31,ads,mobile,UK
4338639,2024-01-05,ads,mobile,Germany
2112631,2024-03-01,ads,desktop,Canada
2298359,2024-02-01,ads,mobile,India
3059807,2024-01-08,referral,desktop,Germany
4901588,2024-01-03,organic,mobile,Australia
2282913,2024-04-29,ads,desktop,India
2777620,2024-01-17,organic,desktop,UK
4818563,2024-01-26,ads,desktop,USA
3807366,2024-04-04,organic,mobile,Germany
2481876,2024-01-21,organic,mobile,India
1401961,2024-02-16,organic,mobile,UK
1151810,2024-01-01,ads,mobile,India
1426909,2024-01-10,ads,mobile,India
4892610,2024-01-13,email,desktop,UK
1343753,2024-03-14,organic,mobile,USA
3955222,2024-01-21,organic,desktop,USA
1087831,2024-02-19,social,mobile,USA
2217269,2024-02-26,ads,mobile,India
1410268,2024-03-07,organic,desktop,Germany
3155967,2024-05-25,referral,mobile,India
4596305,2024-01-17,organic,desktop,India
1443621,2024-03-09,ads,mobile,USA
3857706,2024-03-01,ads,mobile,Canada
2399811,2024-01-02,organic,mobile,India
1028085,2024-04-11,email,desktop,India
1681771,2024-01-07,organic,desktop,India
1622772,2024-02-04,organic,mobile,UK
3028116,2024-01-18,referral,mobile,USA
2987412,2024-02-11,ads,desktop,Australia
3950543,2024-03-10,social,mobile,India
3838788,2024-02-28,ads,mobile,India
2525150,2024-02-19,organic,desktop,Germany
1084471,2024-01-28,referral,desktop,India
4421530,2024-02-05,organic,desktop,India
3620884,2024-02-23,organic,mobile,India
2620147,2024-03-12,organic,desktop,India
1533500,2024-01-28,referral,mobile,Germany
3486006,2024-06-17,email,desktop,Germany
3346242,2024-01-12,ads,tablet,Canada
3893142,2024-01-22,social,tablet,USA
4076962,2024-01-29,organic,desktop,UK
1870360,2024-05-04,organic,desktop,USA
2267219,2024-01-09,referral,mobile,India
4742414,2024-03-19,organic,desktop,India
3321367,2024-02-06,ads,mobile,UK
2063760,2024-07-27,social,mobile,USA
1019923,2024-02-11,organic,desktop,India
2182991,2024-04-13,referral,tablet,Canada
1148807,2024-01-01,ads,tablet,India
4078020,2024-04-13,ads,mobile,USA
1950365,2024-06-07,ads,mobile,UK
3015906,2024-02-04,organic,mobile,UK
3599032,2024-03-09,ads,desktop,India
3286349,2024-02-10,ads,desktop,India
1115324,2024-05-05,ads,mobile,Germany
3656803,2024-01-05,ads,mobile,India
1291774,2024-03-03,email,mobile,USA
4824595,2024-03-16,organic,mobile,Canada
2809889,2024-01-19,email,mobile,India
4264503,2024-03-08,organic,mobile,USA
4041052,2024-02-06,organic,desktop,Germany
4714123,2024-02-12,referral,desktop,Germany
4011699,2024-02-01,organic,mobile,India
2214979,2024-03-29,ads,desktop,India
1578709,2024-01-03,ads,mobile,Canada
1720631,2024-01-15,organic,mobile,India
4660498,2024-02-05,organic,desktop,UK
1053280,2024-02-26,organic,mobile,India
3716934,2024-01-10,organic,mobile,Germany
2469945,2024-02-21,ads,mobile,USA
1003081,2024-04-03,ads,desktop,India
3115780,2024-08-05,organic,desktop,India
1790063,2024-04-15,referral,mobile,USA
4180273,2024-04-25,referral,desktop,India
2544813,2024-01-22,ads,mobile,India
4438315,2024-03-15,referral,mobile,USA
1993362,2024-07-21,ads,mobile,India
2768092,2024-01-04,ads,mobile,Canada
3038482,2024-03-30,ads,mobile,Canada
2557199,2024-07-18,organic,mobile,India
4845450,2024-02-07,email,mobile,USA
1616730,2024-01-06,organic,mobile,India
4540233,2024-03-31,ads,desktop,India
2356270,2024-01-23,referral,tablet,USA
2564469,2024-01-10,referral,mobile,Australia
4294874,2024-01-10,organic,desktop,Australia
1828307,2024-05-06,ads,tablet,India
4415789,2024-01-20,organic,desktop,India
1961571,2024-04-12,organic,desktop,India
4215102,2024-05-25,ads,mobile,Germany
2260638,2024-01-22,organic,mobile,Canada
3829232,2024-01-25,ads,tablet,Australia
1233306,2024-03-27,organic,desktop,India
3624611,2024-03-08,ads,mobile,India
2214188,2024-03-27,email,tablet,India
4287024,2024-05-19,organic,mobile,USA
3007163,2024-01-10,organic,desktop,India
3958984,2024-01-28,organic,desktop,Germany
3255056,2024-01-10,organic,tablet,India
1405439,2024-01-11,social,desktop,India
2316792,2024-04-06,organic,desktop,India
3461802,2024-10-24,ads,mobile,Canada
4543132,2024-01-19,referral,desktop,USA
1775123,2024-06-30,organic,desktop,Canada
2917506,2024-02-11,organic,desktop,USA
4295218,2024-03-12,organic,desktop,India
3022675,2024-01-06,organic,mobile,India
2754769,2024-02-23,social,desktop,UK
2899176,2024-01-10,organic,mobile,India
1696206,2024-01-08,email,mobile,India
3396237,2024-03-28,organic,desktop,USA
4328349,2024-08-07,organic,mobile,India
1331719,2024-01-17,organic,mobile,Canada
3061035,2024-01-11,organic,desktop,India
2350567,2024-05-30,organic,mobile,UK
2410920,2024-01-13,referral,mobile,UK
4986059,2024-01-11,organic,desktop,Canada
1157292,2024-01-01,ads,tablet,India
3614995,2024-01-28,organic,mobile,Canada
4125483,2024-01-24,ads,mobile,UK
1115655,2025-05-14,organic,desktop,USA
1047206,2024-02-08,ads,mobile,India
4341851,2024-04-17,organic,desktop,India
1308779,2024-01-04,social,mobile,Germany
3826481,2024-01-30,ads,desktop,USA
2108909,2024-01-28,ads,desktop,India
4882226,2024-06-18,organic,mobile,India
3186356,2024-03-04,ads,mobile,Germany
4288407,2024-02-10,social,mobile,India
2126713,2024-01-06,organic,mobile,USA
2906885,2024-04-23,organic,desktop,USA
4419437,2024-02-20,referral,desktop,India
2758388,2024-01-21,ads,mobile,UK
2951461,2024-01-21,social,mobile,Germany
3385710,2024-03-06,email,mobile,India
2421481,2024-03-10,ads,mobile,India
2842781,2024-01-08,organic,mobile,India
1511154,2024-02-24,referral,tablet,India
2929187,2024-01-01,email,mobile,USA
2397814,2024-10-02,ads,mobile,India
3335535,2024-05-10,organic,desktop,Germany
1110422,2024-01-08,organic,desktop,USA
1371488,2024-01-22,organic,mobile,India
3706423,2024-06-22,referral,mobile,India
1964905,2024-03-20,organic,mobile,Australia
4819774,2024-01-26,organic,mobile,India
4393917,2024-01-23,ads,mobile,India
1478924,2024-01-15,ads,desktop,India
3242529,2024-01-06,organic,desktop,UK
4357111,2024-01-17,organic,mobile,USA
2389724,2024-03-19,ads,mobile,India
2700542,2024-06-06,ads,mobile,UK
2430675,2024-03-11,referral,mobile,UK
1229141,2024-01-13,referral,mobile,Germany
1431457,2024-01-23,ads,mobile,India
4891001,2024-04-08,email,desktop,India
3815347,2024-02-04,organic,mobile,Germany
2862551,2024-02-29,organic,mobile,India
4493516,2024-02-01,ads,tablet,USA
3313188,2024-03-12,organic,mobile,India
4968360,2024-06-09,organic,mobile,India
2765064,2024-06-20,ads,tablet,Germany
3267143,2024-05-14,organic,mobile,USA
1481885,2024-01-11,ads,mobile,India
3457903,2024-02-25,organic,mobile,India
1699702,2024-04-30,organic,mobile,UK
3448716,2024-04-25,organic,mobile,Germany
3956839,2024-05-18,organic,mobile,USA
3423035,2024-09-08,ads,desktop,Germany
3235711,2024-01-20,ads,mobile,India
2267323,2024-02-03,organic,mobile,India
1736202,2024-02-25,ads,mobile,USA
1796868,2024-06-30,ads,tablet,USA
4163826,2024-08-18,organic,mobile,USA
3401426,2024-03-13,organic,tablet,India
2226260,2024-01-10,ads,mobile,Germany
1488386,2024-02-25,social,mobile,Germany
3103503,2024-02-01,organic,desktop,USA
1496139,2024-02-09,ads,desktop,UK
3399809,2024-02-28,ads,tablet,USA
4650788,2024-01-03,ads,mobile,UK
3532825,2024-01-26,organic,mobile,India
4583797,2024-01-02,organic,mobile,India
1647643,2024-03-31,referral,mobile,USA
4101931,2024-02-16,ads,mobile,USA
3395629,2024-04-25,ads,mobile,UK
2990978,2024-03-13,ads,desktop,USA
2129235,2024-03-27,organic,mobile,Germany
2811647,2024-01-22,organic,mobile,India
4621414,2024-01-22,ads,desktop,India
2905920,2024-02-06,ads,mobile,UK
3875781,2024-01-13,organic,mobile,India
3838740,2024-03-25,ads,mobile,USA
3305708,2024-01-25,ads,mobile,UK
4465649,2024-01-13,social,desktop,USA
1881247,2024-03-01,email,desktop,Canada
3622416,2024-01-23,organic,desktop,USA
2332226,2024-02-18,organic,mobile,Germany
2989821,2024-07-11,email,mobile,India
1290453,2024-01-20,ads,mobile,India
1724344,2024-01-06,organic,mobile,USA
1894171,2024-01-14,organic,mobile,India
1062851,2024-01-23,referral,desktop,USA
3259265,2024-02-18,email,desktop,India
4246917,2024-02-12,ads,mobile,USA
2794138,2024-04-09,email,desktop,USA
1946184,2024-01-17,organic,mobile,India
1872937,2024-01-14,email,mobile,India
4997345,2024-06-12,referral,desktop,USA
2334264,2024-02-13,ads,mobile,Australia
2719530,2024-02-16,referral,mobile,USA
1533529,2024-05-16,ads,mobile,India
3227023,2024-02-16,organic,mobile,UK
1888944,2024-02-01,ads,mobile,India
2594440,2024-05-03,organic,mobile,Australia
3451048,2024-04-07,ads,desktop,Canada
4878799,2024-03-13,email,mobile,USA
3474094,2024-04-16,ads,desktop,UK
4068155,2024-03-16,ads,desktop,India
3669525,2024-01-18,organic,desktop,Germany
2109873,2024-02-16,ads,mobile,India
1273920,2024-01-12,social,mobile,India
2869871,2024-01-20,organic,mobile,Canada
1686183,2024-01-09,organic,mobile,USA
4144987,2024-01-04,organic,tablet,India
1297578,2024-02-07,organic,tablet,Australia
1470622,2024-06-10,organic,mobile,USA
2230883,2024-02-13,organic,mobile,USA
3835100,2024-01-11,organic,desktop,India
1376838,2024-03-03,referral,mobile,USA
1234086,2024-01-04,ads,desktop,India
2561703,2024-05-31,organic,mobile,USA
1855888,2024-02-09,ads,mobile,India
3187284,2024-04-05,organic,mobile,India
4633763,2024-01-25,ads,mobile,USA
1099620,2024-01-30,referral,mobile,USA
2850481,2024-07-07,organic,desktop,USA
2255052,2024-01-02,organic,mobile,India
2166120,2024-01-16,organic,mobile,Germany
1483687,2024-03-11,referral,mobile,India
1127859,2024-01-09,referral,mobile,India
1491255,2024-03-03,organic,mobile,India
4502507,2024-11-21,email,mobile,India
1789525,2024-06-02,referral,mobile,India
1667622,2024-01-04,organic,mobile,India
3380954,2024-06-22,organic,tablet,India
1908451,2024-05-07,organic,mobile,India
1463394,2024-02-09,ads,mobile,USA
1868547,2024-02-12,organic,mobile,India
1611829,2024-01-31,organic,mobile,USA
2716893,2024-01-09,organic,desktop,India
4119232,2024-01-02,organic,tablet,India
4274661,2024-02-02,ads,mobile,India
2735519,2024-05-25,ads,mobile,India
1255486,2024-05-27,referral,desktop,India
3603928,2024-01-14,ads,desktop,USA
2154517,2024-01-23,organic,mobile,USA
4165770,2024-01-18,organic,mobile,USA
2433777,2024-01-04,email,desktop,India
3670547,2024-02-29,organic,mobile,India
1249893,2024-02-12,referral,desktop,India
4025608,2024-01-05,organic,mobile,India
2111039,2024-06-18,organic,desktop,Germany
2068039,2024-01-02,organic,mobile,USA
4470194,2024-03-15,organic,desktop,India
1199686,2024-05-08,organic,tablet,UK
4393850,2024-01-09,email,desktop,India
2468809,2024-01-03,ads,desktop,India
2809102,2024-01-21,referral,mobile,India
1188867,2024-01-24,organic,tablet,UK
1367842,2024-01-06,ads,mobile,USA
1722816,2024-02-22,organic,mobile,India
2323164,2024-01-07,organic,mobile,USA
1789322,2024-01-13,organic,mobile,USA
3844626,2024-01-30,organic,mobile,India
1148659,2024-01-29,email,mobile,UK
4719851,2024-02-29,ads,mobile,UK
3366240,2024-02-16,organic,mobile,Canada
3885220,2024-02-02,organic,mobile,USA
3406940,2024-06-01,ads,mobile,India
2536024,2024-01-10,email,desktop,USA
4372982,2024-02-12,referral,desktop,UK
2855349,2024-09-02,organic,desktop,India
2681143,2024-01-28,organic,mobile,Canada
1249621,2024-04-19,organic,mobile,India
3804947,2024-02-17,referral,mobile,Canada
3417192,2024-08-03,ads,mobile,India
2810660,2024-02-04,ads,tablet,UK
4998743,2024-02-27,ads,desktop,USA
1016669,2024-01-12,ads,mobile,India
4679475,2024-11-05,ads,mobile,India
3184337,2024-02-08,organic,mobile,India
2750803,2024-07-01,referral,desktop,Germany
1151503,2024-03-30,referral,desktop,USA
1061638,2024-02-27,ads,desktop,USA
2129449,2024-02-06,referral,tablet,India
2823595,2024-03-07,email,desktop,India
2851589,2024-01-18,ads,mobile,USA
2513489,2024-01-12,referral,desktop,Canada
3265101,2024-03-30,organic,mobile,India
2844701,2024-04-15,organic,desktop,India
2200410,2024-01-22,social,mobile,India
2230070,2024-06-04,organic,mobile,USA
3615868,2024-02-09,email,mobile,India
4415313,2024-03-03,ads,desktop,UK
1195338,2024-04-16,ads,mobile,USA
3847146,2024-01-12,organic,mobile,India
3489671,2024-01-11,organic,desktop,Germany
3534785,2024-01-16,email,desktop,USA
2635534,2024-02-02,organic,desktop,Canada
3356054,2024-01-18,organic,mobile,USA
4979963,2024-01-27,organic,desktop,India
1399681,2024-01-09,organic,mobile,India
1301071,2024-01-01,ads,desktop,India
4432402,2024-02-02,email,mobile,Australia
4369686,2024-02-27,referral,mobile,UK
1249440,2024-01-08,organic,mobile,India
2567916,2024-01-26,organic,mobile,UK
3001006,2024-04-02,organic,mobile,UK
4799410,2024-01-18,organic,mobile,India
4145548,2024-01-16,email,mobile,USA
4324792,2024-03-06,ads,tablet,India
1537491,2024-02-18,social,mobile,USA
4915773,2024-01-27,email,mobile,India
3488859,2024-01-10,organic,tablet,India
1405558,2024-05-02,social,tablet,India
3225619,2024-12-02,ads,mobile,Australia
2972306,2024-01-11,organic,mobile,Australia
4162849,2024-03-07,organic,tablet,India
2737406,2024-01-22,organic,desktop,Australia
2293058,2024-05-12,ads,mobile,India
3954921,2024-04-18,ads,tablet,India
4709974,2024-01-03,organic,desktop,India
1478115,2024-04-26,email,tablet,India
1584234,2024-01-29,ads,mobile,India
3313137,2024-02-11,organic,mobile,USA
2895981,2024-09-09,ads,mobile,Germany
2635412,2024-02-10,organic,mobile,India
1854428,2024-02-06,organic,mobile,India
4429956,2024-02-21,ads,desktop,USA
3592963,2024-01-26,organic,desktop,UK
4415000,2024-03-30,ads,desktop,India
4335047,2024-01-26,email,mobile,India
1212509,2024-01-20,organic,mobile,India
2867075,2024-02-20,organic,mobile,India
3433241,2024-02-04,referral,desktop,UK
3498788,2024-01-17,organic,desktop,UK
4257168,2024-01-11,referral,desktop,USA
3507610,2024-01-12,organic,desktop,Germany
2847255,2024-01-18,ads,desktop,Canada
4483070,2024-02-11,referral,mobile,India
1849310,2024-05-28,organic,desktop,India
4471803,2024-01-24,social,desktop,India
3447535,2024-10-03,ads,desktop,UK
3830220,2024-03-05,email,tablet,India
2046476,2024-02-13,email,mobile,UK
2687512,2024-03-27,email,mobile,India
3306735,2024-05-23,organic,desktop,India
1048315,2024-01-25,ads,desktop,India
4106012,2024-02-01,email,mobile,India
1482270,2024-01-31,organic,mobile,Canada
2235873,2024-02-02,ads,tablet,Canada
4859907,2024-01-10,organic,mobile,USA
4772618,2024-01-23,organic,tablet,Canada
1876305,2024-05-24,organic,mobile,USA
2231831,2024-01-15,organic,mobile,India
2138376,2024-07-25,referral,tablet,India
1632979,2024-03-09,ads,mobile,USA
3360396,2024-04-21,ads,mobile,India
4034049,2024-01-15,referral,mobile,UK
2550174,2024-02-25,ads,mobile,India
1834825,2024-01-04,organic,desktop,India
4245269,2024-01-10,ads,desktop,USA
4778341,2024-03-28,organic,desktop,India
3208722,2024-06-17,organic,desktop,UK
1194790,2024-01-14,ads,desktop,India
2922597,2024-04-18,organic,desktop,USA
2016508,2024-05-21,organic,tablet,Canada
4687454,2024-07-08,email,desktop,India
3028950,2024-03-21,ads,desktop,India
1428989,2024-03-01,social,mobile,India
1599707,2024-01-16,email,tablet,UK
1980735,2024-03-16,organic,mobile,USA
2645721,2024-03-29,organic,mobile,India
4374540,2024-06-17,organic,mobile,Germany
1140666,2024-02-17,organic,mobile,UK
1158785,2024-02-20,referral,desktop,Canada
4384964,2024-01-28,ads,mobile,India
2219976,2024-06-08,referral,tablet,India
2525545,2024-03-09,organic,desktop,Germany
2047673,2024-01-24,organic,tablet,India
2087997,2024-01-22,ads,mobile,Australia
4841034,2024-04-02,organic,mobile,USA
3287317,2024-05-02,referral,mobile,UK
2091330,2024-01-10,email,mobile,USA
3201163,2024-03-15,ads,mobile,UK
1101779,2024-02-07,social,mobile,Australia
2797862,2024-06-02,social,desktop,Canada
4447297,2024-02-06,organic,tablet,USA
3735404,2024-01-01,referral,tablet,USA
1085318,2024-07-05,ads,mobile,India
4957846,2024-03-19,organic,mobile,USA
1134906,2024-01-15,organic,mobile,India
4421684,2024-01-16,referral,desktop,USA
1508220,2024-05-06,social,mobile,USA
2546368,2024-01-28,ads,mobile,India
4108395,2024-01-02,organic,desktop,Canada
4042784,2024-01-19,ads,mobile,India
1310630,2024-01-16,ads,mobile,India
1418916,2024-03-07,organic,mobile,Germany
3926857,2024-01-18,ads,mobile,India
1670665,2024-02-14,ads,tablet,India
3603513,2024-06-12,referral,mobile,India
2450205,2024-01-21,organic,desktop,India
2380021,2024-02-04,organic,mobile,USA
3895379,2024-02-16,organic,desktop,USA
3382912,2024-01-13,referral,mobile,Canada
2288341,2024-01-14,ads,desktop,India
3735890,2024-01-20,referral,mobile,India
3949465,2024-01-18,organic,desktop,USA
1751392,2024-03-13,ads,mobile,India
2699683,2024-02-06,ads,mobile,India
2260889,2024-01-25,email,desktop,UK
2821201,2024-01-27,ads,mobile,Germany
4056712,2024-01-14,organic,tablet,Australia
1887922,2024-02-09,email,mobile,India
4024605,2024-03-23,social,mobile,USA
1274569,2024-02-05,ads,mobile,India
2569011,2024-02-07,organic,desktop,India
4535613,2024-05-06,organic,mobile,India
1136455,2024-02-27,organic,mobile,India
3906521,2024-01-02,ads,tablet,India
2224342,2024-04-09,organic,mobile,Germany
4630260,2024-01-07,ads,mobile,USA
2044811,2024-01-27,organic,mobile,India
3392993,2024-01-10,ads,tablet,Canada
1165122,2024-04-05,referral,mobile,UK
2258435,2024-02-18,organic,desktop,India
4620805,2024-01-08,organic,tablet,USA
2246331,2024-06-21,organic,mobile,India
3221194,2024-02-21,ads,desktop,India
4327620,2024-03-03,organic,mobile,India
3844545,2024-02-21,organic,mobile,India
4047381,2024-02-01,organic,desktop,USA
2512372,2024-02-01,social,tablet,India
3265010,2024-02-21,referral,mobile,India
3668561,2024-04-07,ads,mobile,India
2804714,2024-02-29,organic,mobile,India
4208520,2024-01-02,social,mobile,Canada
3151900,2024-03-11,ads,desktop,India
2185225,2024-01-01,referral,mobile,India
2978279,2024-03-29,organic,mobile,India
3444452,2024-07-12,ads,mobile,India
4873148,2024-04-08,ads,desktop,Canada
2228191,2024-02-06,organic,mobile,Canada
1635058,2024-02-14,organic,mobile,India
3032111,2024-04-21,organic,mobile,India
3999467,2024-01-10,organic,mobile,India
1322871,2024-03-06,ads,mobile,India
3808725,2024-02-15,organic,mobile,India
4818061,2024-01-13,organic,mobile,USA
2401695,2024-02-01,ads,mobile,India
2044611,2024-01-03,organic,desktop,India
4732985,2024-01-09,organic,mobile,India
2308402,2024-06-22,ads,mobile,India
3563295,2024-03-15,email,desktop,USA
3032381,2024-01-04,email,mobile,Canada
3622659,2024-04-10,email,mobile,USA
4056710,2024-01-11,email,mobile,UK
1978529,2024-01-14,organic,mobile,India
1451136,2024-04-10,ads,mobile,India
4846494,2024-03-14,organic,mobile,USA
1371166,2024-01-22,email,mobile,UK
2835419,2024-01-18,organic,mobile,USA
1987095,2024-06-19,email,desktop,UK
3358995,2024-04-05,organic,mobile,India
4275659,2024-02-29,email,desktop,India
3550404,2024-02-09,organic,mobile,India
2210576,2024-04-17,referral,mobile,India
4739727,2024-03-07,email,tablet,USA
4229216,2024-03-28,ads,tablet,India
3379353,2024-02-04,organic,mobile,India
3174076,2024-06-14,organic,mobile,India
2016377,2024-11-24,referral,desktop,Germany
4035729,2024-01-04,organic,mobile,India
2645460,2024-02-24,organic,desktop,USA
4402400,2024-01-16,referral,mobile,India
3225918,2024-01-16,organic,desktop,Canada
4736446,2024-02-07,referral,mobile,USA
4230910,2024-02-08,organic,desktop,USA
3682809,2024-02-14,referral,mobile,USA
1532756,2024-01-02,organic,mobile,India
2241194,2024-01-17,social,tablet,India
1567567,2024-01-02,organic,desktop,USA
2383540,2024-05-24,email,mobile,India
1208578,2024-01-28,organic,tablet,India
3973004,2024-02-29,ads,mobile,Canada
3084311,2024-02-01,ads,mobile,India
2794683,2024-03-05,ads,desktop,India
2949569,2024-01-13,email,mobile,India
2786133,2024-01-23,ads,desktop,UK
2213594,2024-03-05,ads,mobile,India
4942476,2024-01-02,ads,mobile,USA
3171993,2024-01-15,ads,tablet,India
2176425,2024-05-10,organic,mobile,UK
3807742,2024-02-25,ads,desktop,USA
4990102,2024-06-14,email,mobile,India
1317159,2024-06-07,organic,mobile,Australia
4011250,2024-01-13,organic,mobile,India
1842038,2024-03-09,email,desktop,UK
4650438,2024-01-27,organic,mobile,India
2512172,2024-05-25,ads,desktop,India
1707314,2024-01-11,ads,mobile,UK
3539251,2024-03-02,ads,desktop,USA
2127857,2024-04-12,ads,mobile,UK
2582920,2024-01-21,ads,mobile,Canada
3143687,2024-02-17,organic,mobile,India
1364299,2024-02-05,referral,tablet,India
4204895,2024-04-29,ads,mobile,UK
2000401,2024-02-21,ads,desktop,India
2196675,2024-02-26,ads,desktop,India
4249745,2024-01-07,organic,mobile,Germany
4141100,2024-02-04,organic,mobile,India
4080583,2024-03-22,ads,tablet,India
2755353,2024-03-17,ads,desktop,India
4100960,2024-02-22,email,mobile,USA
2944586,2024-03-02,organic,mobile,India
3111729,2024-01-07,referral,mobile,USA
3069086,2024-04-11,ads,mobile,Germany
1692078,2024-01-07,social,mobile,UK
2160486,2024-03-05,ads,mobile,India
4962578,2024-04-22,ads,mobile,India
2985657,2024-02-04,ads,mobile,USA
4632645,2024-02-15,organic,desktop,UK
3241982,2024-09-11,ads,desktop,India
1124322,2024-03-23,organic,desktop,India
3846059,2024-04-13,organic,mobile,India
4937447,2024-03-20,organic,mobile,India
4432683,2024-01-18,ads,desktop,India
1741321,2024-01-04,organic,tablet,Australia
3730978,2024-01-17,organic,desktop,USA
1243601,2024-06-28,organic,mobile,India
1330234,2024-09-18,organic,mobile,USA
2127688,2024-03-25,organic,desktop,India
2522254,2024-06-15,ads,mobile,India
3849915,2024-02-22,ads,mobile,USA
3686361,2024-02-19,organic,mobile,India
3418629,2024-06-23,ads,desktop,Australia
1827511,2024-02-17,organic,mobile,India
1352871,2024-01-31,organic,mobile,USA
4689466,2024-02-20,email,mobile,India
4758633,2024-03-03,organic,desktop,Germany
4422750,2024-01-26,organic,mobile,UK
1827230,2024-01-02,social,mobile,Germany
2077069,2024-01-28,organic,desktop,India
1170218,2024-11-09,organic,tablet,UK
1608161,2024-03-13,ads,desktop,India
4404315,2024-03-01,referral,mobile,India
4349323,2024-03-13,organic,mobile,India
1145415,2024-01-23,email,mobile,India
3648655,2024-02-22,referral,desktop,India
3247741,2024-03-13,social,desktop,USA
3298670,2024-01-25,ads,mobile,India
2819659,2024-06-09,organic,mobile,India
1265879,2024-01-10,ads,mobile,India
1771349,2024-01-08,referral,desktop,India
4655171,2024-04-04,organic,desktop,India
3658354,2024-02-15,organic,mobile,India
1450188,2024-02-19,ads,mobile,India
3203076,2024-01-06,organic,desktop,USA
4067896,2024-01-19,referral,mobile,India
1088062,2024-01-03,ads,tablet,USA
2509683,2024-01-04,referral,desktop,Canada
2780716,2024-03-04,organic,mobile,UK
2763646,2024-01-26,organic,mobile,Canada
4317796,2024-02-18,referral,mobile,UK
1645042,2024-03-16,referral,mobile,India
2684199,2024-03-14,email,tablet,India
3602392,2024-01-27,ads,mobile,UK
4152060,2024-01-30,referral,mobile,USA
3645531,2024-04-12,ads,desktop,India
2681494,2024-01-30,ads,mobile,India
4081905,2024-01-07,social,mobile,USA
2321195,2024-04-04,ads,desktop,Canada
4927062,2024-01-30,organic,mobile,India
1564129,2024-04-06,organic,desktop,India
3417233,2024-05-30,referral,desktop,UK
3271727,2024-01-14,referral,mobile,India
3016153,2024-01-09,organic,mobile,India
3460911,2024-01-14,social,desktop,India
2705622,2024-03-11,organic,mobile,Canada
4437359,2024-05-14,organic,desktop,Germany
1855776,2024-03-28,email,desktop,USA
2976361,2024-02-11,referral,desktop,India
2829847,2024-08-24,ads,tablet,USA
1105231,2024-03-06,ads,tablet,USA
3369580,2024-04-28,organic,mobile,UK
3378489,2024-04-10,ads,mobile,USA
1268207,2024-01-08,organic,mobile,Canada
2909351,2024-02-17,organic,tablet,India
4753382,2024-03-21,ads,mobile,UK
2391148,2024-01-12,organic,mobile,UK
1034216,2024-04-14,organic,mobile,USA
1940618,2024-03-24,ads,desktop,India
1392891,2024-03-27,organic,tablet,Germany
3221175,2024-03-20,organic,mobile,India
2073520,2024-01-01,organic,desktop,Canada
3509278,2024-03-03,ads,mobile,Germany
1625239,2024-01-02,ads,tablet,India
3758778,2024-01-03,organic,mobile,India
3225531,2024-04-15,referral,tablet,Canada
3149595,2024-01-05,referral,desktop,India
1190165,2024-04-20,organic,mobile,Germany
2117537,2024-01-12,organic,desktop,India
3145500,2024-03-28,ads,mobile,India
2064823,2024-02-16,email,desktop,USA
4329882,2024-04-04,organic,desktop,India
2088409,2024-01-18,ads,desktop,Canada
3372502,2024-05-17,social,mobile,Canada
2970659,2024-02-08,organic,desktop,India
4522269,2024-01-07,organic,desktop,USA
2125934,2024-02-04,ads,mobile,India
2677097,2024-03-07,referral,mobile,India
1991581,2024-05-13,ads,mobile,India
2774082,2024-01-04,organic,desktop,India
3878521,2024-01-23,email,desktop,UK
1771076,2024-02-24,organic,mobile,India
2335285,2024-02-12,organic,desktop,India
3221722,2024-02-05,organic,mobile,India
3874623,2024-04-20,ads,desktop,USA
3935638,2024-05-23,organic,desktop,India
3136637,2024-03-07,organic,mobile,Australia
2863408,2024-01-10,ads,tablet,USA
3783537,2024-04-17,ads,mobile,USA
1524734,2024-04-22,ads,tablet,India
3336128,2024-04-10,organic,desktop,UK
3063059,2024-07-06,organic,desktop,Canada
1117789,2024-01-03,ads,mobile,UK
2060547,2024-01-14,social,mobile,USA
4848008,2024-01-08,organic,mobile,India
1392627,2024-03-18,organic,desktop,India
3404473,2024-04-14,ads,desktop,India
4118990,2024-03-31,organic,mobile,Canada
4230246,2024-03-30,referral,desktop,UK
4817473,2024-02-06,organic,mobile,USA
4818058,2024-03-03,ads,desktop,India
3890499,2024-01-01,email,tablet,India
1824291,2024-07-02,referral,mobile,India
1550397,2024-03-03,organic,mobile,Germany
2308238,2024-02-27,organic,desktop,India
3789491,2024-03-10,organic,desktop,India
3995120,2024-02-22,organic,mobile,USA
1775360,2024-02-08,organic,desktop,India
4223934,2024-03-05,referral,desktop,India
4912115,2024-01-22,ads,mobile,India
2870227,2024-04-22,organic,mobile,India
4133934,2024-08-08,ads,mobile,USA
4073451,2024-01-15,referral,mobile,USA
2192821,2024-03-23,organic,desktop,India
1483069,2024-01-26,organic,mobile,USA
3903586,2024-07-01,organic,mobile,India
3636746,2024-01-22,ads,desktop,India
1607608,2024-05-20,ads,mobile,India
2944006,2024-01-08,referral,desktop,USA
1690118,2024-03-02,social,desktop,India
4369365,2024-02-23,organic,mobile,USA
3342386,2024-01-11,ads,mobile,India
1248605,2024-03-23,referral,desktop,UK
2310332,2024-02-02,organic,mobile,India
1024444,2024-02-04,ads,desktop,India
3793936,2024-01-16,organic,mobile,India
4926647,2024-01-18,organic,mobile,India
3497437,2024-01-04,ads,mobile,India
2295803,2024-04-18,ads,desktop,India
1436478,2024-04-20,ads,mobile,Germany
4002905,2024-01-24,organic,desktop,UK
1291476,2024-04-22,social,mobile,USA
1029175,2024-01-26,ads,mobile,India
2818996,2024-02-14,organic,mobile,India
1586507,2024-01-10,ads,mobile,Germany
4553746,2024-02-07,ads,desktop,Germany
4686350,2024-01-03,organic,mobile,Canada
3031736,2024-01-07,organic,mobile,USA
1880848,2024-01-30,ads,desktop,India
1706984,2024-06-26,ads,mobile,UK
2591003,2024-02-15,organic,mobile,India
1357431,2024-04-02,ads,mobile,Canada
2405400,2024-02-03,referral,tablet,India
4402861,2024-01-02,ads,mobile,Germany
1287912,2024-02-19,ads,mobile,USA
1006514,2024-02-29,organic,desktop,India
1860953,2024-01-15,social,desktop,Germany
1078741,2024-04-11,email,mobile,India
1466179,2024-03-16,referral,desktop,Australia
3864895,2024-03-13,organic,mobile,India
4264580,2024-03-22,organic,mobile,Australia
4128305,2024-01-11,organic,mobile,India
4345204,2024-01-13,referral,mobile,India
2045041,2024-02-29,organic,desktop,USA
4996559,2024-02-03,ads,tablet,India
3826574,2024-04-16,organic,mobile,India
2481576,2024-02-26,email,mobile,India
3561329,2024-01-12,organic,mobile,India
1851872,2024-01-20,organic,desktop,Australia
3486708,2024-01-10,referral,mobile,India
3408070,2024-04-11,email,mobile,India
3630313,2024-01-08,organic,mobile,India
1865034,2024-01-03,organic,mobile,Canada
1375599,2024-05-05,email,mobile,India
4086414,2024-02-06,ads,mobile,India
3546109,2024-01-05,organic,mobile,India
1061553,2024-01-08,ads,desktop,India
1550124,2024-01-16,ads,mobile,India
3402445,2024-02-15,ads,mobile,USA
1709256,2024-04-20,ads,mobile,USA
2545802,2024-01-02,social,desktop,USA
3970441,2024-01-17,ads,mobile,India
1623745,2024-01-04,organic,mobile,India
2145758,2024-01-24,organic,mobile,USA
1294329,2024-01-25,organic,desktop,UK
4329901,2024-03-01,ads,mobile,India
1758775,2024-04-04,organic,mobile,India
4687166,2024-01-31,ads,mobile,Germany
4926452,2024-01-14,referral,mobile,India
1844218,2024-02-26,organic,tablet,India
4787719,2024-03-08,ads,desktop,India
4090915,2024-01-16,ads,tablet,USA
4994604,2024-05-01,referral,mobile,India
1566098,2024-01-20,ads,tablet,India
2259311,2024-01-22,organic,mobile,USA
4923038,2024-01-06,referral,mobile,USA
2661001,2024-01-16,ads,mobile,India
4003603,2024-01-30,ads,tablet,India
4803573,2024-01-29,referral,tablet,India
4821668,2024-01-11,ads,mobile,Canada
1976731,2024-09-18,organic,tablet,UK
1000256,2024-04-11,ads,desktop,India
2922222,2024-03-02,ads,desktop,USA
3833577,2024-01-28,organic,mobile,India
2518235,2024-01-17,organic,mobile,India
4799825,2024-03-27,organic,mobile,UK
4888572,2024-02-19,ads,mobile,UK
2728239,2024-05-13,ads,desktop,Canada
3841206,2024-07-03,organic,mobile,India
4043901,2024-02-07,ads,mobile,Germany
1750601,2024-02-28,ads,mobile,Canada
2291679,2024-01-18,ads,desktop,USA
3670043,2024-06-06,organic,mobile,India
3510109,2024-03-19,organic,mobile,India
4053502,2024-01-02,organic,desktop,India
3586652,2024-01-05,ads,desktop,Australia
2970102,2024-01-28,ads,desktop,India
1852763,2024-06-28,organic,tablet,India
3884904,2024-01-22,organic,tablet,India
4173093,2024-07-16,organic,mobile,USA
4786186,2024-03-10,organic,tablet,India
1103234,2024-01-18,email,mobile,Canada
4851657,2024-03-17,email,mobile,India
3453849,2024-01-06,organic,mobile,India
4426310,2024-03-19,ads,mobile,Germany
2138389,2024-05-01,email,mobile,Germany
1236372,2024-02-06,social,mobile,UK
3213844,2024-01-31,email,mobile,India
2772648,2024-03-05,organic,mobile,USA
2611050,2024-01-05,organic,desktop,India
4638458,2024-02-08,ads,mobile,UK
3606198,2024-01-21,ads,mobile,USA
1631444,2024-01-28,ads,tablet,India
4102476,2024-01-29,ads,mobile,USA
1822409,2024-01-05,organic,desktop,Germany
2426397,2024-01-19,email,mobile,Canada
3735650,2024-03-01,ads,desktop,Canada
2013391,2024-01-04,referral,mobile,USA
1320453,2024-01-04,ads,mobile,India
3831729,2024-03-06,referral,mobile,India
3360407,2024-01-14,ads,desktop,India
4748230,2024-10-24,ads,tablet,USA
2411600,2024-03-03,organic,mobile,Canada
3365869,2024-02-08,organic,mobile,USA
1345531,2024-01-02,ads,mobile,USA
3211247,2024-02-08,ads,desktop,USA
4985678,2024-06-28,referral,desktop,India
1636500,2024-03-08,organic,mobile,India
4332230,2024-01-25,organic,tablet,USA
2384096,2024-02-20,organic,mobile,Canada
4038665,2024-01-04,ads,mobile,India
4120379,2024-01-06,ads,mobile,USA
3009956,2024-01-26,ads,mobile,Australia
2989322,2024-03-31,organic,mobile,India
3082875,2024-01-03,referral,mobile,USA
1571508,2024-02-24,ads,mobile,Canada
4577239,2024-02-27,ads,mobile,India
2218871,2024-02-07,ads,mobile,UK
3670765,2024-05-28,email,mobile,USA
4763605,2024-04-25,organic,desktop,India
3440623,2024-01-24,organic,mobile,India
2858935,2024-01-25,organic,desktop,India
4673777,2024-02-22,ads,desktop,UK
4702103,2024-04-26,organic,desktop,India
4761236,2024-02-23,social,desktop,Canada
2513363,2024-05-21,organic,mobile,Germany
3166380,2024-02-01,organic,mobile,Germany
1121534,2024-01-28,ads,mobile,USA
3512837,2024-01-05,ads,desktop,India
4343826,2024-01-16,organic,mobile,Germany
1636915,2024-03-23,organic,tablet,USA
2412380,2024-02-08,organic,mobile,India
2518824,2024-01-03,organic,mobile,UK
4247856,2024-05-16,organic,mobile,India
3954569,2024-03-02,ads,desktop,UK
3660569,2024-02-25,organic,mobile,USA
1331252,2024-04-09,referral,tablet,India
4618888,2024-01-03,organic,mobile,USA
1041550,2024-01-10,organic,mobile,USA
2648448,2024-05-12,organic,mobile,India
3361226,2024-01-22,ads,tablet,India
3377532,2024-01-14,organic,mobile,UK
2525401,2024-01-05,organic,mobile,Canada
3210232,2024-03-08,organic,desktop,Germany
1737626,2024-01-24,ads,mobile,India
1067940,2024-02-04,organic,mobile,Australia
4751666,2024-01-01,ads,desktop,India
1635588,2024-03-24,social,desktop,Canada
2173370,2024-01-10,organic,mobile,India
2250212,2024-03-10,organic,desktop,India
3734650,2024-05-25,organic,mobile,India
1651915,2024-04-16,organic,desktop,USA
1200786,2024-05-31,email,desktop,Germany
3143519,2024-04-04,organic,mobile,UK
3165701,2024-02-14,ads,mobile,India
4786558,2024-04-10,organic,desktop,India
4459108,2024-03-08,email,desktop,Canada
1135071,2024-03-18,organic,mobile,India
1583764,2024-02-16,referral,tablet,India
2945679,2024-04-01,organic,tablet,UK
3277417,2024-01-05,email,mobile,USA
2239427,2024-04-16,social,mobile,USA
1490738,2024-03-14,ads,mobile,USA
2553889,2024-02-16,referral,desktop,India
3447848,2024-02-12,organic,mobile,Canada
2716021,2024-02-08,referral,desktop,India
3528288,2024-01-17,organic,mobile,India
3214872,2024-05-05,organic,desktop,India
3540720,2024-01-13,referral,desktop,India
1888888,2024-05-06,organic,mobile,India
2828420,2024-04-25,ads,tablet,Canada
1457572,2024-01-08,organic,mobile,India
2127493,2024-03-16,social,mobile,India
4040107,2024-02-04,ads,mobile,USA
3783593,2024-05-25,organic,mobile,USA
2144579,2024-02-01,organic,mobile,India
2112057,2024-05-14,organic,tablet,USA
4945796,2024-03-13,organic,mobile,India
4560169,2024-01-09,social,desktop,Australia
4698642,2024-08-06,ads,mobile,India
1215926,2024-02-02,ads,mobile,India
3288318,2024-03-02,ads,desktop,India
1573043,2024-07-15,ads,mobile,USA
4690864,2024-05-08,ads,tablet,USA
1968433,2024-03-11,organic,tablet,India
1159375,2024-01-08,organic,mobile,India
1741661,2024-03-21,organic,mobile,India
1730573,2024-01-21,organic,mobile,USA
2580802,2024-02-27,ads,mobile,USA
2114736,2024-01-06,social,desktop,India
1583245,2024-07-13,organic,mobile,India
4842800,2024-06-30,organic,mobile,UK
1157332,2024-04-09,organic,mobile,India
2984667,2024-02-13,ads,mobile,Germany
2465437,2024-03-18,ads,mobile,USA
4570963,2024-01-19,email,tablet,Australia
2522992,2024-02-07,ads,mobile,India
1738380,2024-02-07,ads,desktop,USA
1536408,2024-03-11,ads,mobile,India
3220139,2024-04-01,organic,mobile,India
4066944,2024-02-09,ads,mobile,India
4438719,2024-01-06,referral,mobile,USA
3719128,2024-02-08,email,mobile,India
3223422,2024-03-12,ads,mobile,UK
1996903,2024-02-23,ads,tablet,Australia
1447407,2024-01-13,ads,desktop,India
2674010,2024-02-14,referral,mobile,India
3474281,2024-01-27,organic,desktop,Germany
1142312,2024-01-02,organic,mobile,India
3568077,2024-01-18,social,desktop,India
3226287,2024-02-17,ads,desktop,India
4121532,2024-05-29,email,mobile,USA
4159914,2024-02-09,organic,desktop,UK
3958600,2024-01-05,email,tablet,UK
3607960,2024-01-14,organic,mobile,India
4992858,2024-01-13,ads,mobile,India
2307736,2024-01-13,email,mobile,India
3504006,2024-03-19,organic,desktop,Germany
1130910,2024-04-10,referral,mobile,India
4209677,2024-02-02,organic,mobile,USA
2963294,2024-02-11,organic,desktop,India
2742405,2024-01-21,organic,mobile,India
3872534,2024-01-06,ads,mobile,USA
2578964,2024-01-12,organic,desktop,India
3037492,2024-04-12,organic,mobile,India
2345316,2024-02-28,ads,tablet,India
1283210,2024-04-23,ads,mobile,UK
1826713,2024-01-03,ads,mobile,Germany
2377887,2024-01-03,ads,mobile,India
3761873,2024-03-03,organic,mobile,India
3092798,2024-01-14,organic,desktop,USA
3977003,2024-03-14,ads,desktop,India
3322286,2024-08-21,ads,tablet,India
4009553,2024-01-03,ads,tablet,India
1132724,2024-01-12,organic,desktop,India
4087387,2024-01-31,organic,mobile,India
2361970,2024-03-01,ads,desktop,India
2774599,2024-03-06,email,mobile,India
1895134,2024-01-17,referral,tablet,India
2264197,2024-03-09,ads,mobile,India
3445190,2024-03-08,ads,desktop,India
1385169,2024-02-25,referral,desktop,India
1212768,2024-04-30,email,desktop,India
4925656,2024-01-02,ads,desktop,India
2738765,2024-01-02,social,mobile,India
1667301,2024-01-11,referral,mobile,USA
1559524,2024-01-09,ads,desktop,USA
2691677,2024-01-01,ads,desktop,India
2846173,2024-03-08,organic,tablet,UK
1828827,2024-02-05,ads,desktop,India
2731946,2024-01-08,organic,desktop,India
3876361,2024-01-21,ads,desktop,Germany
1457405,2024-01-28,organic,desktop,India
1953373,2024-03-09,organic,mobile,Australia
1538887,2024-01-12,ads,mobile,India
3661888,2024-03-21,email,desktop,India
1332009,2024-01-17,ads,desktop,USA
1607877,2024-02-07,organic,mobile,Australia
1849044,2024-01-25,referral,mobile,India
4532300,2024-03-04,organic,mobile,USA
2043168,2024-02-22,social,mobile,India
3806392,2024-01-05,organic,mobile,India
1158501,2024-01-09,ads,mobile,Australia
3691030,2024-03-29,organic,mobile,UK
1327518,2024-03-03,organic,mobile,India
4116562,2024-01-06,ads,tablet,Australia
3550948,2024-01-15,organic,desktop,USA
1813008,2024-01-18,organic,mobile,India
4247030,2024-02-16,organic,desktop,Canada
4302474,2024-01-20,organic,mobile,USA
1067453,2024-04-04,email,desktop,USA
3409707,2024-03-15,referral,mobile,India
1189279,2024-01-25,organic,mobile,UK
2023011,2024-02-15,email,tablet,India
2328097,2024-03-26,organic,mobile,Germany
3496730,2024-01-17,organic,mobile,Germany
2901808,2024-04-14,ads,desktop,USA
2127067,2024-01-02,ads,mobile,USA
1137797,2024-01-18,organic,mobile,Canada
3093744,2024-05-16,organic,desktop,Australia
1888543,2024-01-19,email,desktop,India
3611843,2024-03-10,email,desktop,UK
4107501,2024-02-23,organic,desktop,Germany
2459726,2024-01-16,email,mobile,UK
4864742,2024-02-27,email,tablet,India
4407297,2024-01-30,ads,desktop,USA
3255180,2024-02-18,social,desktop,India
4801054,2024-03-18,ads,mobile,India
2578170,2024-01-29,ads,mobile,USA
1342339,2024-03-17,organic,mobile,India
3982504,2024-01-14,social,desktop,India
1517973,2024-01-19,ads,desktop,UK
4648676,2024-03-23,organic,mobile,India
2024023,2024-01-01,organic,mobile,India
1111738,2024-01-19,email,mobile,India
2346499,2024-03-06,organic,mobile,India
1810813,2024-01-10,referral,desktop,UK
1926152,2024-03-10,organic,mobile,Australia
1827259,2024-05-13,email,desktop,USA
2273969,2024-02-15,social,mobile,India
2516535,2024-01-19,organic,desktop,India
3510272,2024-04-03,organic,mobile,India
3217481,2024-01-28,ads,tablet,India
3453555,2024-06-29,ads,tablet,India
2809617,2024-06-11,email,tablet,India
3795638,2024-03-02,social,tablet,India
2559061,2024-03-29,organic,mobile,India
4729174,2024-01-23,ads,mobile,UK
1368361,2024-02-22,ads,mobile,India
3598359,2024-06-21,organic,mobile,USA
3321981,2024-03-28,referral,tablet,India
3216321,2024-01-29,ads,mobile,India
1324052,2024-02-17,ads,mobile,Germany
1854071,2024-02-03,organic,desktop,USA
2082828,2024-01-28,organic,mobile,India
4245211,2024-03-02,ads,mobile,USA
1369653,2024-04-14,email,mobile,India
3705233,2024-01-10,ads,desktop,India
1526583,2024-01-18,ads,mobile,India
1068511,2024-01-08,organic,tablet,India
3821297,2024-09-23,ads,mobile,India
4674491,2024-03-02,organic,mobile,USA
4452323,2024-02-07,organic,mobile,USA
1211209,2024-02-07,organic,mobile,USA
4693410,2024-03-11,ads,desktop,USA
2030265,2024-01-25,ads,mobile,Canada
4252114,2024-01-13,organic,mobile,India
1251064,2024-05-27,ads,mobile,India
4928460,2024-01-21,ads,mobile,USA
2257762,2024-01-05,referral,mobile,USA
4052012,2024-05-19,organic,mobile,USA
4504664,2024-01-30,ads,desktop,India
3832513,2024-01-03,ads,mobile,India
1555225,2024-04-21,ads,mobile,USA
1276488,2024-03-08,organic,mobile,India
1268115,2024-03-06,social,mobile,India
1010279,2024-02-01,organic,mobile,USA
4844696,2024-02-28,organic,tablet,USA
2560960,2024-02-23,organic,mobile,Australia
1321675,2024-01-13,email,mobile,UK
3756695,2024-01-13,ads,desktop,India
4727919,2024-02-11,ads,mobile,UK
1945906,2024-01-01,organic,mobile,India
2882268,2024-06-04,ads,mobile,India
4548362,2024-06-24,organic,mobile,UK
3615361,2024-02-16,organic,mobile,UK
4159585,2024-05-17,social,tablet,India
1805329,2024-01-03,referral,mobile,USA
3658303,2024-05-07,organic,mobile,Germany
2787677,2024-01-14,referral,desktop,India
2794452,2024-02-27,organic,mobile,India
1300366,2024-03-15,email,desktop,India
4013970,2024-03-15,organic,desktop,USA
3484270,2024-01-02,ads,desktop,India
2543271,2024-02-25,organic,mobile,India
2682640,2024-02-04,organic,mobile,India
4253110,2024-01-25,organic,desktop,India
3341650,2024-02-06,organic,mobile,Germany
1665950,2024-01-09,referral,mobile,India
4659232,2024-02-15,organic,desktop,Canada
2557836,2024-03-24,organic,mobile,India
2142691,2024-01-12,email,tablet,India
3402697,2024-01-08,ads,mobile,USA
2933747,2024-02-16,organic,desktop,India
2490972,2024-02-14,organic,tablet,Australia
4021828,2024-02-23,organic,desktop,India
1344724,2024-01-18,ads,mobile,India
3425279,2024-02-02,ads,mobile,Canada
4798274,2024-05-09,organic,desktop,USA
3430044,2024-01-04,organic,mobile,India
2853661,2024-01-12,organic,mobile,Canada
4882549,2024-03-30,ads,mobile,USA
1042610,2024-03-21,organic,desktop,India
1653821,2024-03-16,ads,mobile,USA
1920613,2024-02-08,organic,mobile,USA
1647336,2024-03-23,organic,desktop,India
2627443,2024-02-25,referral,mobile,Germany
2386665,2024-02-05,organic,tablet,Australia
1395103,2024-01-22,ads,tablet,USA
4105151,2024-05-26,social,mobile,Canada
4920738,2024-01-28,email,desktop,India
2876204,2024-05-28,referral,mobile,India
4060270,2024-01-02,organic,mobile,USA
3020131,2024-04-23,referral,mobile,India
2949561,2024-01-12,ads,tablet,India
1092911,2024-01-02,organic,mobile,USA
2506281,2024-02-28,organic,mobile,India
4586631,2024-01-08,organic,mobile,UK
2637855,2024-05-02,ads,desktop,Germany
2457674,2024-05-20,organic,desktop,USA
1542033,2024-02-09,organic,mobile,Germany
4513497,2024-03-14,organic,tablet,India
2165178,2024-02-22,organic,mobile,India
4165443,2024-03-03,referral,mobile,Australia
1816986,2024-02-01,referral,mobile,USA
3290013,2024-01-21,organic,desktop,India
3661894,2024-01-18,email,mobile,India
4413619,2024-01-14,referral,desktop,India
3941919,2024-03-13,ads,mobile,India
3047934,2024-01-04,organic,mobile,Australia
1257987,2024-01-13,ads,mobile,India
4808677,2024-03-12,ads,mobile,India
1201211,2024-01-29,social,desktop,UK
2689907,2024-03-09,referral,mobile,UK
2771607,2024-01-30,organic,mobile,UK
2039741,2024-04-13,referral,mobile,USA
2933080,2024-01-23,organic,desktop,India
1510698,2024-01-07,organic,mobile,India
1111689,2024-03-06,email,mobile,UK
2129876,2024-03-07,email,tablet,Canada
4183705,2024-03-09,ads,desktop,USA
2992193,2024-01-07,organic,desktop,USA
2740241,2024-01-19,organic,mobile,Germany
3620061,2024-01-14,ads,mobile,Australia
2473657,2024-04-02,ads,mobile,India
4295010,2024-01-14,ads,mobile,Canada
2161417,2024-05-06,ads,mobile,USA
2854051,2024-02-21,organic,mobile,Canada
2299380,2024-01-27,ads,mobile,UK
4190715,2024-03-14,organic,mobile,USA
2977963,2024-01-06,social,desktop,India
2551903,2024-01-10,organic,tablet,Australia
1198680,2024-05-11,organic,desktop,USA
1000198,2024-04-08,organic,desktop,India
1745451,2024-07-05,email,mobile,Germany
2544833,2024-01-31,email,mobile,UK
3573190,2024-03-16,organic,mobile,USA
1140421,2024-02-23,organic,desktop,India
3594588,2024-01-30,email,mobile,UK
3590271,2024-03-30,organic,mobile,Australia
2970752,2024-01-13,referral,tablet,USA
1852536,2024-02-17,referral,mobile,Australia
4282958,2024-01-08,organic,desktop,India
2645553,2024-06-04,ads,mobile,USA
2458094,2024-07-06,email,desktop,India
2711209,2024-03-05,ads,mobile,USA
2204163,2024-01-25,organic,desktop,Germany
4003537,2024-01-03,ads,mobile,USA
3625902,2024-01-03,ads,mobile,UK
2255921,2024-01-17,ads,desktop,USA
1805218,2024-03-18,organic,desktop,India
4037833,2024-06-22,ads,tablet,Germany
4689255,2024-04-09,organic,desktop,India
2012923,2024-01-19,ads,mobile,UK
3166907,2024-08-13,email,mobile,Canada
4267875,2024-03-09,ads,mobile,UK
2873715,2024-01-13,organic,mobile,Germany
3446578,2024-01-17,ads,mobile,India
3238523,2024-03-17,organic,mobile,India
3566584,2024-02-10,organic,mobile,India
3164099,2024-02-22,ads,mobile,UK
3734037,2024-02-16,ads,desktop,India
2722168,2024-02-21,organic,mobile,India
1521924,2024-02-29,organic,mobile,India
2723059,2024-01-20,organic,mobile,Australia
1145405,2024-01-17,social,desktop,India
1255836,2024-02-09,organic,mobile,UK
3394423,2024-06-22,ads,desktop,India
3865503,2024-02-11,referral,mobile,India
1554333,2024-08-03,organic,tablet,India
1933870,2024-02-27,social,tablet,India
3515303,2025-01-29,ads,tablet,USA
3032125,2024-03-10,ads,mobile,USA
2668176,2024-07-09,organic,mobile,India
1690640,2024-01-05,organic,mobile,India
1409458,2024-06-11,ads,mobile,India
4314090,2024-03-12,ads,mobile,India
3687733,2024-02-22,organic,mobile,India
1645196,2024-03-17,organic,mobile,USA
4927185,2024-02-23,ads,mobile,UK
1795342,2024-02-04,social,mobile,India
4883253,2024-06-07,ads,desktop,USA
2581029,2024-01-09,ads,tablet,Germany
3872880,2024-01-23,social,mobile,Germany
3288817,2024-01-03,referral,desktop,India
3961183,2024-03-12,organic,mobile,Canada
4416379,2024-02-09,referral,desktop,India
3166367,2024-01-13,referral,mobile,Canada
3567200,2024-02-07,organic,tablet,Canada
1936866,2024-01-19,organic,mobile,India
2050680,2024-04-01,organic,tablet,USA
4130660,2024-01-05,organic,desktop,India
1723626,2024-01-05,organic,mobile,USA
2143793,2024-03-10,ads,desktop,India
4432380,2025-04-23,ads,mobile,India
3232222,2024-03-05,ads,mobile,India
2249322,2024-05-27,ads,mobile,India
4869837,2024-01-18,referral,desktop,India
2290343,2024-01-13,referral,mobile,UK
2560584,2024-07-21,organic,mobile,Australia
2650351,2024-01-24,ads,mobile,USA
3166804,2024-01-02,ads,mobile,Germany
3652671,2024-03-20,social,desktop,UK
3030823,2024-08-19,ads,mobile,USA
4968801,2024-03-05,referral,mobile,India
4947218,2024-01-17,organic,desktop,USA
4473466,2024-02-24,referral,mobile,USA
3310466,2024-02-13,social,desktop,India
4140477,2024-06-05,email,desktop,India
3681884,2024-02-28,organic,mobile,India
3300492,2024-04-26,ads,mobile,Canada
1518163,2024-01-07,email,mobile,Germany
2689973,2024-01-22,ads,mobile,Germany
4703541,2024-02-29,referral,mobile,USA
4082237,2024-01-20,ads,desktop,UK
2512846,2024-01-18,organic,mobile,USA
2277030,2024-04-14,email,mobile,Australia
2500605,2024-01-21,organic,mobile,India
3948768,2024-03-04,organic,desktop,Canada
3552592,2024-01-01,organic,mobile,USA
4650592,2024-02-20,organic,desktop,USA
1716035,2024-07-30,ads,desktop,India
4518467,2024-01-30,ads,mobile,India
3977790,2024-02-23,referral,desktop,Canada
1618040,2024-04-17,organic,desktop,USA
4314838,2024-04-14,email,mobile,India
3849705,2024-07-01,organic,mobile,Germany
3859680,2024-01-06,social,mobile,India
4267078,2024-01-08,organic,mobile,USA
4117486,2024-01-08,organic,mobile,Germany
4603194,2024-03-31,email,mobile,Canada
2913854,2024-01-12,ads,mobile,India
2549649,2024-06-16,ads,mobile,India
4984681,2024-01-26,organic,mobile,India
1743660,2024-01-22,social,mobile,India
3562660,2024-04-29,organic,desktop,India
2095564,2024-01-28,organic,mobile,India
1412524,2024-01-31,organic,mobile,India
1578291,2024-04-16,organic,mobile,Canada
3964689,2024-01-16,ads,mobile,USA
3118585,2024-03-08,social,tablet,India
3769638,2024-06-26,organic,mobile,USA
1943342,2024-02-01,email,mobile,Australia
4931765,2024-01-21,ads,desktop,UK
3697824,2024-02-15,ads,desktop,UK
1406584,2024-01-17,ads,mobile,USA
2037611,2024-02-29,organic,mobile,India
3785801,2024-06-19,organic,mobile,USA
2625111,2024-04-15,organic,mobile,India
2404468,2024-01-12,organic,mobile,Canada
1976000,2024-01-03,organic,mobile,India
4187746,2024-07-14,organic,mobile,USA
2764547,2024-02-25,organic,mobile,India
4259104,2024-02-01,ads,mobile,Canada
2270614,2024-02-15,referral,mobile,India
2099422,2024-02-05,email,desktop,India
3495321,2024-01-01,email,desktop,Germany
3564952,2024-02-15,organic,mobile,India
3495641,2024-02-01,ads,mobile,USA
3868849,2024-01-21,referral,mobile,UK
4530830,2024-03-12,ads,tablet,India
4165599,2024-05-03,organic,mobile,India
3546855,2024-02-16,organic,mobile,USA
3253323,2024-01-23,email,mobile,UK
4113758,2024-01-13,organic,mobile,India
2570035,2024-03-18,referral,mobile,USA
2443903,2024-01-23,ads,mobile,USA
2566291,2024-01-02,ads,mobile,India
1410526,2024-01-01,email,desktop,Germany
2834672,2024-01-01,organic,mobile,India
1527134,2024-01-31,organic,desktop,Australia
4164888,2024-02-11,social,tablet,India
3075001,2024-02-21,ads,tablet,India
4050680,2024-01-25,organic,mobile,USA
3549460,2024-01-26,referral,tablet,USA
1117294,2024-01-25,organic,mobile,India
2074839,2024-01-27,organic,desktop,UK
2328860,2024-06-05,organic,tablet,Canada
3648861,2024-01-26,organic,desktop,India
2247843,2024-03-23,organic,mobile,India
3993332,2024-04-04,ads,desktop,USA
1133546,2024-01-09,organic,mobile,India
2793633,2024-03-09,social,desktop,UK
2502024,2024-02-23,organic,tablet,India
2604074,2024-01-15,organic,desktop,USA
1910876,2024-07-03,ads,tablet,India
4469686,2024-03-08,organic,mobile,India
4233421,2024-01-05,referral,mobile,India
2982460,2024-06-22,organic,mobile,India
2218213,2024-01-08,organic,mobile,Canada
2488871,2024-04-13,ads,desktop,India
1427361,2024-01-15,email,desktop,USA
4389381,2024-01-20,ads,mobile,India
1074069,2024-01-21,organic,desktop,India
4837620,2024-01-21,organic,mobile,India
1698844,2024-01-12,referral,mobile,USA
3690461,2024-01-31,email,desktop,India
3116817,2024-05-06,social,mobile,India
2647661,2024-01-04,organic,tablet,India
1761697,2024-01-02,email,mobile,India
3720930,2024-01-28,organic,desktop,India
3661868,2024-01-23,referral,tablet,Australia
1280153,2024-02-19,organic,mobile,Australia
2987575,2024-01-02,organic,tablet,USA
4899575,2024-02-24,email,mobile,Australia
3199589,2024-01-01,organic,desktop,UK
4293800,2024-03-20,social,desktop,USA
3185323,2024-01-16,referral,tablet,India
3181113,2024-03-06,organic,mobile,India
1671205,2024-03-27,ads,desktop,USA
3736344,2024-02-17,referral,mobile,UK
1317125,2024-04-27,ads,mobile,India
4445518,2024-02-19,organic,mobile,UK
2211824,2024-02-15,ads,mobile,USA
1096439,2024-05-11,organic,mobile,India
4153705,2024-02-21,organic,mobile,India
1631486,2024-02-14,ads,mobile,India
4244984,2024-01-30,organic,desktop,India
2615358,2024-02-21,email,desktop,Australia
1285535,2024-01-14,organic,mobile,USA
3691666,2024-03-05,social,desktop,India
3570071,2024-01-16,referral,mobile,USA
2470819,2024-02-03,referral,mobile,India
3533750,2024-04-02,ads,mobile,India
2327228,2024-01-15,organic,mobile,India
4924199,2024-02-02,organic,desktop,USA
3971397,2024-01-13,organic,mobile,Canada
3689866,2024-02-28,organic,mobile,India
4867188,2024-03-05,ads,desktop,USA
2066222,2024-01-03,email,desktop,UK
4929260,2024-01-23,ads,mobile,India
4125949,2024-01-15,ads,desktop,UK
4589305,2024-02-29,organic,mobile,USA
3351066,2024-02-29,social,mobile,UK
2845475,2024-01-05,organic,mobile,India
1097668,2024-01-28,organic,mobile,Germany
1685193,2024-05-21,email,desktop,India
4753986,2024-04-08,organic,desktop,India
1183602,2024-01-27,email,mobile,India
3668671,2024-01-06,organic,mobile,India
4841452,2024-01-05,organic,mobile,USA
1462471,2024-02-29,organic,tablet,USA
4410524,2024-02-02,organic,desktop,India
4175180,2024-07-26,organic,mobile,Australia
1497137,2024-02-15,organic,mobile,USA
2247285,2024-03-16,ads,mobile,UK
4569421,2024-01-27,referral,desktop,USA
4171797,2024-01-24,ads,mobile,USA
4426061,2024-01-03,organic,desktop,Germany
4415105,2024-04-28,ads,mobile,Canada
1821380,2024-01-08,ads,mobile,USA
2919210,2024-01-11,ads,mobile,India
4083766,2024-01-26,organic,tablet,India
4141558,2024-04-27,organic,mobile,India
4016963,2024-04-04,organic,mobile,Australia
3835107,2024-05-15,organic,mobile,India
3599054,2024-01-04,organic,mobile,India
4534128,2024-05-23,ads,mobile,USA
4288143,2024-01-30,ads,mobile,India
2925493,2024-07-08,organic,tablet,India
3585963,2024-02-18,ads,mobile,UK
4820902,2024-01-21,referral,mobile,India
4062317,2024-01-21,organic,mobile,Canada
4263834,2024-01-23,organic,mobile,UK
2205658,2024-04-24,organic,mobile,Germany
2272561,2025-04-25,organic,mobile,India
1463129,2024-01-19,social,desktop,India
3449399,2024-04-07,email,tablet,India
3915087,2024-03-23,referral,mobile,India
1708416,2024-03-26,organic,desktop,India
4823164,2024-01-14,email,mobile,USA
1370449,2024-05-22,email,mobile,India
3853229,2024-01-22,organic,mobile,India
2157423,2024-01-03,organic,mobile,USA
2896574,2024-03-24,organic,mobile,Canada
1269353,2024-02-23,organic,desktop,USA
3902137,2024-01-11,social,tablet,India
4653533,2024-01-14,organic,mobile,Canada
2819825,2024-01-29,ads,desktop,Germany
2667342,2024-02-25,organic,mobile,India
2134239,2024-03-28,organic,mobile,USA
4189198,2024-01-09,ads,mobile,India
2237656,2024-01-28,ads,mobile,USA
2323605,2024-02-12,organic,mobile,UK
2965265,2024-02-15,organic,mobile,India
2514697,2024-04-11,organic,mobile,India
4367257,2024-03-08,ads,tablet,India
2908199,2024-01-09,email,desktop,USA
4222326,2024-06-09,email,mobile,Germany
1748400,2024-01-14,ads,mobile,India
3854295,2024-02-08,organic,desktop,India
2910640,2024-01-24,social,mobile,Canada
2140739,2024-03-19,ads,mobile,India
2604806,2024-03-24,ads,desktop,USA
1788464,2024-02-20,organic,desktop,Germany
2224733,2024-02-14,ads,desktop,India
3539118,2024-01-10,ads,desktop,India
3559422,2024-03-03,email,desktop,India
4716369,2024-05-31,ads,desktop,Canada
2484142,2024-02-07,ads,desktop,India
2503507,2024-01-20,referral,desktop,USA
2494780,2024-01-16,email,mobile,UK
2262671,2024-02-11,organic,mobile,India
3402285,2024-04-13,referral,mobile,USA
1897729,2024-07-02,ads,mobile,India
1135058,2024-03-16,referral,desktop,Australia
1595110,2024-02-15,organic,desktop,UK
2924304,2024-01-16,referral,mobile,Germany
1815578,2024-02-24,organic,mobile,USA
3096925,2024-01-06,organic,mobile,India
1969166,2024-01-30,organic,mobile,USA
2618230,2024-01-02,ads,mobile,India
2323705,2024-01-08,email,mobile,India
1410816,2024-01-16,ads,mobile,UK
3481109,2024-01-16,ads,tablet,India
3286209,2024-01-11,referral,desktop,Germany
2110697,2024-01-09,organic,mobile,Canada
1878153,2024-01-06,ads,desktop,India
4826016,2024-01-12,email,mobile,USA
3563847,2024-01-04,social,mobile,USA
3282693,2024-02-03,organic,desktop,India
1065547,2024-01-18,organic,mobile,India
3701377,2024-03-11,ads,mobile,USA
1067560,2024-03-20,organic,desktop,India
1360414,2024-02-09,ads,desktop,India
3548004,2024-06-01,ads,desktop,Germany
4189131,2024-01-31,organic,mobile,Germany
3727583,2024-03-02,ads,mobile,UK
2466025,2024-02-22,referral,desktop,India
3307706,2024-03-13,organic,mobile,USA
1448843,2024-01-08,organic,mobile,USA
2792246,2024-01-09,organic,desktop,India
2563272,2024-02-29,ads,mobile,India
2101333,2024-01-07,ads,tablet,USA
3927131,2024-01-13,organic,mobile,Canada
2704282,2024-02-09,email,mobile,India
2293462,2024-01-08,email,tablet,India
4483335,2024-07-07,ads,desktop,India
2951706,2024-02-02,ads,mobile,India
1837502,2024-01-11,organic,mobile,Canada
3651461,2024-05-15,ads,desktop,USA
4511500,2024-01-01,ads,desktop,India
3764123,2024-02-13,ads,mobile,USA
3783086,2024-01-03,ads,desktop,India
4612741,2024-05-05,referral,mobile,USA
4823292,2024-03-21,organic,mobile,India
2721279,2024-06-17,organic,mobile,USA
3863676,2024-01-01,ads,mobile,India
3525710,2024-05-12,organic,mobile,India
2204464,2024-01-21,organic,mobile,UK
4401840,2024-02-24,organic,mobile,India
1509316,2024-04-07,organic,desktop,Canada
1060474,2024-02-25,ads,tablet,India
1795982,2024-02-15,organic,mobile,Canada
3448361,2024-01-22,ads,mobile,USA
3270507,2024-01-19,organic,mobile,India
2188240,2024-01-29,ads,mobile,India
4638479,2024-02-18,ads,mobile,India
2758051,2024-02-12,ads,mobile,India
3017410,2024-01-07,referral,mobile,UK
2148066,2024-01-05,organic,mobile,India
1280765,2024-03-13,ads,mobile,India
2385124,2024-01-29,organic,mobile,India
2731361,2024-01-22,ads,mobile,UK
4307961,2024-03-08,organic,desktop,India
1833669,2024-02-26,social,desktop,Australia
2505160,2024-02-18,ads,mobile,USA
1938675,2024-01-15,referral,mobile,India
4283135,2024-01-27,organic,tablet,Germany
2951657,2024-01-01,organic,desktop,India
2516500,2024-04-27,organic,mobile,India
3790429,2024-01-02,ads,mobile,India
3705980,2024-02-27,organic,desktop,UK
1941114,2024-02-11,organic,desktop,India
1178299,2024-02-27,organic,mobile,India
4192818,2024-01-31,email,mobile,India
1032342,2024-02-01,email,mobile,Australia
3354056,2024-01-11,organic,mobile,India
4825419,2024-01-01,organic,mobile,India
4857990,2024-02-20,organic,tablet,USA
2148078,2024-01-25,organic,mobile,Germany
3914275,2024-01-10,referral,mobile,India
1308224,2024-03-03,ads,mobile,India
4626793,2024-02-07,organic,mobile,Australia
4508816,2024-02-20,referral,mobile,India
2934706,2024-01-05,ads,mobile,India
2833503,2024-02-15,ads,tablet,Canada
3045633,2024-05-02,email,mobile,India
2219259,2024-06-04,organic,desktop,USA
4523485,2024-01-04,organic,mobile,Germany
4124655,2024-01-07,referral,desktop,India
4008378,2024-01-02,ads,mobile,USA
2101543,2024-08-12,ads,desktop,India
1748847,2024-01-30,organic,desktop,India
4813224,2024-03-26,referral,mobile,India
3276426,2024-09-13,email,mobile,USA
2186955,2024-04-18,organic,mobile,India
4011865,2024-02-04,ads,mobile,Germany
1457368,2024-01-29,email,mobile,India
4559095,2024-03-08,ads,mobile,Canada
1796904,2024-05-07,ads,desktop,India
4636150,2024-04-29,ads,desktop,Australia
2923256,2024-01-26,organic,mobile,India
4276632,2024-02-26,email,mobile,India
1377083,2024-01-14,referral,desktop,India
2305919,2024-01-24,referral,mobile,India
3366472,2024-01-19,referral,mobile,UK
4269209,2024-01-16,ads,desktop,India
4869736,2024-04-22,ads,mobile,India
4470804,2024-01-18,ads,mobile,USA
3081556,2024-04-21,ads,mobile,India
2688691,2024-01-02,organic,mobile,India
1635645,2024-04-08,organic,mobile,India
2921652,2024-01-16,organic,mobile,India
1707525,2024-04-08,organic,mobile,USA
1836862,2024-03-09,referral,mobile,UK
1895305,2024-02-06,referral,mobile,India
2833223,2024-01-12,organic,tablet,India
1968858,2024-07-17,organic,desktop,India
2403650,2024-02-17,organic,mobile,Australia
1774639,2024-01-14,ads,mobile,India
3606069,2024-03-01,referral,desktop,India
2032865,2024-01-23,ads,mobile,USA
4447198,2024-01-01,referral,desktop,UK
1369765,2024-01-27,social,mobile,UK
1985134,2024-01-14,ads,mobile,India
1968544,2024-02-06,ads,mobile,Canada
2066600,2024-01-21,ads,desktop,Australia
1481149,2024-04-17,referral,desktop,India
4933614,2024-02-14,ads,mobile,India
2542272,2024-01-06,ads,desktop,Canada
1360257,2024-02-16,ads,mobile,India
2283014,2024-03-10,ads,desktop,India
2465601,2024-03-10,organic,mobile,India
3372983,2024-01-25,email,desktop,Germany
3708760,2024-01-04,ads,mobile,USA
4236432,2024-04-09,organic,mobile,UK
1670785,2024-01-26,ads,mobile,Canada
2987428,2024-01-21,organic,mobile,India
4466117,2024-01-12,organic,tablet,India
4752379,2024-03-06,ads,desktop,Australia
3745148,2024-06-26,ads,tablet,India
3870369,2024-01-29,ads,desktop,USA
4516123,2024-03-23,referral,mobile,India
2872595,2024-02-14,organic,mobile,India
3452063,2024-04-16,email,desktop,India
1269171,2024-05-19,organic,mobile,India
3126988,2024-07-30,social,mobile,India
3771891,2024-03-10,organic,mobile,Canada
2544874,2024-01-06,referral,desktop,India
2834903,2024-02-18,ads,tablet,USA
3612771,2024-02-14,organic,mobile,India
2781595,2024-02-04,organic,desktop,Australia
3175887,2024-06-05,organic,desktop,India
2164112,2024-02-09,organic,desktop,Canada
3880173,2024-01-14,ads,mobile,USA
3966286,2024-10-07,ads,desktop,India
2819399,2024-02-05,organic,desktop,USA
2232112,2024-01-13,organic,mobile,India
3915066,2024-02-10,email,mobile,India
3823552,2024-05-05,ads,desktop,India
1234060,2024-01-06,ads,desktop,India
1315472,2024-01-02,ads,desktop,USA
1195990,2024-01-01,ads,mobile,USA
2716681,2024-01-15,email,mobile,India
3869221,2024-01-03,organic,mobile,India
2629387,2024-05-25,ads,desktop,USA
3512865,2024-02-07,organic,desktop,India
2060886,2024-02-12,email,mobile,India
1216856,2024-01-01,organic,mobile,USA
1107735,2024-04-26,organic,desktop,UK
2590792,2024-01-02,email,mobile,India
1385159,2024-04-02,organic,desktop,India
2489481,2024-01-25,ads,mobile,India
2468857,2024-02-18,organic,desktop,India
4415167,2024-01-25,organic,mobile,UK
4420774,2024-02-13,ads,tablet,India
3599949,2024-02-18,email,mobile,USA
2123111,2024-02-07,ads,mobile,India
2496914,2024-02-26,ads,mobile,USA
1709738,2024-01-23,organic,mobile,Australia
3167186,2024-02-07,referral,mobile,India
2889882,2024-01-01,organic,mobile,India
3757288,2024-04-12,organic,mobile,Germany
2210120,2024-02-05,ads,desktop,Australia
1541784,2024-01-11,organic,desktop,Germany
3326386,2024-01-24,email,mobile,India
3868225,2024-01-18,organic,mobile,India
4795130,2024-03-28,social,mobile,India
1281463,2024-01-14,social,desktop,India
2904069,2024-02-05,organic,mobile,Germany
3561112,2024-06-01,organic,mobile,India
4524172,2024-01-07,organic,mobile,Australia
3493112,2024-09-10,ads,mobile,USA
4546844,2024-03-08,referral,mobile,India
4939821,2024-03-09,organic,mobile,India
2088268,2024-03-09,email,desktop,USA
2397261,2024-01-25,email,mobile,India
3492340,2024-03-24,organic,desktop,UK
2654571,2024-05-12,organic,desktop,Canada
2424556,2024-03-20,organic,mobile,India
2483769,2024-01-02,ads,mobile,India
3739536,2024-01-18,ads,mobile,India
3835542,2024-02-29,ads,mobile,UK
2722708,2024-01-28,organic,mobile,India
4562640,2024-03-13,referral,mobile,India
1882891,2024-01-03,organic,tablet,India
2119010,2024-02-18,ads,mobile,Germany
4843484,2024-04-12,organic,desktop,India
4958218,2024-04-09,organic,mobile,India
3966302,2024-09-19,organic,desktop,India
1944563,2024-04-09,referral,mobile,India
3548658,2024-01-21,email,desktop,USA
3691241,2024-02-26,organic,mobile,Australia
2816802,2024-01-06,ads,tablet,Australia
3295551,2024-06-17,organic,mobile,India
4294611,2024-02-01,organic,mobile,Canada
2712607,2024-01-10,referral,mobile,India
3841068,2024-03-23,organic,mobile,Canada
2924669,2024-01-01,organic,tablet,Australia
1806425,2024-01-18,organic,mobile,India
3752720,2024-07-10,ads,tablet,Canada
2888353,2024-01-01,organic,desktop,Canada
3687180,2024-01-05,ads,mobile,India
2924710,2024-02-28,ads,desktop,USA
3635294,2024-01-02,organic,tablet,Australia
4221903,2024-03-25,organic,tablet,India
3910275,2024-01-15,ads,mobile,India
2778477,2024-01-13,email,mobile,India
4892995,2024-01-14,social,mobile,Australia
4738151,2024-01-15,referral,mobile,Canada
1002730,2024-02-18,email,desktop,Canada
1712771,2024-01-02,organic,mobile,Australia
2664581,2024-01-23,email,desktop,India
3012811,2024-10-01,ads,mobile,USA
4833570,2024-04-10,ads,mobile,India
1770135,2024-03-13,organic,desktop,India
1080473,2024-01-20,organic,desktop,USA
3848133,2024-02-22,ads,mobile,USA
1450644,2024-07-20,ads,mobile,India
2868174,2024-01-22,organic,desktop,Australia
3439704,2024-01-02,email,desktop,India
1082845,2024-01-01,ads,mobile,USA
4833547,2024-04-23,social,desktop,India
3182034,2024-01-01,organic,mobile,USA
3495567,2024-02-03,organic,desktop,India
3388049,2024-07-24,ads,desktop,USA
4166457,2024-01-08,organic,mobile,USA
4783353,2024-03-17,organic,mobile,India
3868558,2024-02-11,organic,mobile,India
4268160,2024-02-27,ads,mobile,India
2880000,2024-03-19,ads,tablet,UK
3618200,2024-03-22,email,tablet,USA
3498243,2024-04-15,ads,mobile,India
1003722,2024-01-30,email,mobile,Germany
2552387,2024-01-21,organic,mobile,India
1122621,2024-01-15,organic,mobile,India
3953586,2024-03-17,organic,mobile,India
3105273,2024-02-08,organic,mobile,Germany
2929643,2024-01-17,ads,tablet,India
4302575,2024-07-29,ads,mobile,India
2237381,2024-01-21,social,desktop,Germany
4501175,2024-02-15,organic,mobile,Canada
1539406,2024-03-23,organic,desktop,UK
3805388,2024-03-04,ads,mobile,Canada
3966380,2024-09-01,organic,mobile,Australia
3919622,2024-02-21,ads,mobile,UK
1232843,2024-02-05,organic,mobile,India
3138484,2024-03-09,organic,desktop,India
2415862,2024-04-22,organic,mobile,India
3017213,2024-02-03,organic,desktop,UK
2670621,2024-01-13,ads,desktop,India
1127279,2024-02-13,ads,mobile,India
1300239,2024-09-14,email,mobile,India
3839086,2024-03-12,ads,mobile,India
2354227,2024-01-09,organic,mobile,India
4229356,2024-01-12,referral,mobile,India
3282416,2024-02-16,ads,mobile,India
1566988,2024-02-04,ads,mobile,USA
2242616,2024-02-11,ads,mobile,India
1481472,2024-05-30,ads,mobile,UK
4395022,2024-07-17,organic,mobile,UK
2348842,2024-08-27,organic,tablet,India
1013872,2024-01-05,organic,desktop,India
4302441,2024-01-05,organic,desktop,India
4052270,2024-03-11,ads,desktop,India
4299196,2024-02-07,ads,desktop,USA
3212398,2024-03-13,organic,mobile,UK
3949003,2024-02-06,ads,mobile,India
3982090,2024-01-01,email,mobile,USA
3332777,2024-02-14,organic,mobile,USA
2716402,2024-05-24,email,mobile,USA
2366762,2024-02-05,ads,tablet,UK
1204748,2024-01-21,ads,mobile,Australia
1024044,2024-01-14,ads,mobile,India
1821492,2024-04-16,ads,tablet,India
3121484,2024-01-28,ads,tablet,USA
2035348,2024-02-19,organic,tablet,USA
3344882,2024-04-07,ads,mobile,India
3913500,2024-05-16,referral,mobile,Germany
4158476,2024-07-03,referral,mobile,India
2039013,2024-01-16,organic,mobile,India
3111109,2024-02-17,organic,tablet,Canada
4733542,2024-05-06,organic,mobile,India
3484665,2024-02-17,organic,mobile,Canada
3864998,2024-08-21,ads,desktop,India
1715317,2024-02-17,organic,desktop,India
1113186,2024-01-18,ads,mobile,UK
1494387,2024-01-20,ads,mobile,India
3005245,2024-03-26,email,desktop,Canada
1538400,2024-01-06,organic,tablet,India
3775475,2024-04-19,organic,desktop,India
3734524,2024-04-19,organic,desktop,India
3287718,2024-01-25,organic,desktop,UK
1680565,2024-03-20,social,mobile,India
4423565,2024-03-01,referral,mobile,USA
2326232,2024-03-26,organic,desktop,India
2424739,2024-02-16,ads,desktop,India
4779188,2024-03-26,ads,tablet,India
4318045,2024-01-20,organic,mobile,Canada
1477532,2024-01-28,ads,mobile,India
4076939,2024-02-01,organic,mobile,USA
1197447,2024-01-22,organic,mobile,India
3584103,2024-04-22,organic,mobile,Australia
4817128,2024-04-27,ads,mobile,Australia
2781712,2024-01-03,organic,mobile,Canada
3278649,2024-02-21,organic,mobile,UK
2472236,2024-02-19,organic,mobile,India
4769226,2024-01-02,ads,mobile,UK
2444255,2024-07-20,email,desktop,Germany
1451909,2024-03-17,ads,mobile,USA
3490379,2024-01-17,organic,mobile,Canada
1031700,2024-01-22,organic,mobile,UK
2202460,2024-04-09,ads,mobile,India
3563753,2024-02-06,ads,mobile,India
2388529,2024-03-20,organic,mobile,Germany
2100872,2024-02-15,organic,mobile,India
4719807,2024-01-01,organic,desktop,USA
1229495,2024-06-15,organic,desktop,USA
3484681,2024-01-11,ads,desktop,USA
1634719,2024-01-25,referral,tablet,USA
4055015,2024-01-16,organic,tablet,UK
3058544,2024-01-08,organic,tablet,USA
3271494,2024-01-22,organic,mobile,Canada
1506091,2024-03-18,organic,mobile,UK
1324300,2024-10-02,email,mobile,USA
2976382,2024-01-16,ads,tablet,UK
3346114,2024-01-05,ads,mobile,Canada
2694920,2024-01-24,referral,mobile,Australia
4870551,2024-02-03,organic,mobile,India
2640100,2024-05-16,organic,mobile,USA
2995441,2024-01-30,email,mobile,India
4489384,2024-03-17,organic,mobile,India
1159199,2024-02-15,ads,mobile,Canada
3943779,2024-05-27,referral,desktop,USA
1297705,2024-01-09,email,mobile,India
1337533,2024-02-10,ads,mobile,Canada
4934096,2024-01-08,ads,desktop,India
2436548,2024-04-17,email,mobile,India
4022973,2024-03-10,organic,mobile,India
2075215,2024-01-11,social,mobile,Australia
4906073,2024-02-12,email,mobile,Canada
4220893,2024-02-14,ads,mobile,Canada
3907717,2024-06-23,organic,mobile,Canada
3996255,2024-01-27,organic,desktop,UK
3348931,2024-02-19,referral,mobile,USA
4241025,2024-02-29,organic,desktop,India
1071453,2024-01-18,organic,desktop,India
1474838,2024-01-15,organic,mobile,Australia
4710069,2024-01-01,organic,desktop,Australia
2438421,2024-01-08,ads,mobile,India
1192504,2024-01-11,ads,mobile,Germany
2968877,2024-04-14,organic,mobile,India
4393862,2024-02-01,organic,desktop,India
2049194,2024-05-19,social,desktop,India
1921007,2024-01-07,organic,mobile,India
1567378,2024-10-13,ads,desktop,India
2038361,2024-01-26,organic,mobile,Germany
4415239,2024-04-20,organic,mobile,India
1967249,2024-01-11,ads,tablet,USA
4675399,2024-04-13,ads,tablet,India
1767306,2024-02-06,organic,desktop,India
2655643,2024-01-02,organic,mobile,India
3019654,2024-02-18,organic,tablet,Australia
4225134,2024-02-24,ads,mobile,India
1759323,2024-03-10,organic,desktop,India
1017616,2024-01-21,email,desktop,India
1632898,2024-01-11,ads,tablet,India
2165763,2024-06-13,social,desktop,India
3782409,2024-01-06,social,desktop,Canada
1575367,2024-02-24,referral,desktop,India
4121743,2024-01-10,organic,tablet,India
2070062,2024-03-23,ads,mobile,India
1364083,2024-03-13,organic,mobile,Canada
2314639,2024-02-01,ads,mobile,India
4623432,2024-02-19,social,desktop,USA
3061248,2024-02-29,ads,mobile,India
3778091,2024-07-04,organic,mobile,UK
1601686,2024-01-22,ads,desktop,USA
4582468,2024-05-01,organic,mobile,Australia
1113217,2024-03-09,organic,mobile,India
1781912,2024-04-13,ads,mobile,USA
4711188,2024-09-01,organic,mobile,USA
1044312,2024-01-16,ads,mobile,Canada
3141478,2024-02-11,organic,mobile,India
2198503,2024-03-05,email,mobile,USA
1862348,2024-03-14,email,mobile,Canada
1618965,2024-08-21,ads,mobile,India
3857818,2024-02-17,organic,mobile,USA
1786005,2024-03-14,email,desktop,USA
2325106,2024-01-11,organic,mobile,Germany
1521227,2024-10-31,ads,tablet,India
4559833,2024-02-22,referral,mobile,India
3049537,2024-06-14,organic,desktop,Canada
1535427,2024-02-28,referral,tablet,India
1636734,2024-02-25,organic,mobile,Germany
3717143,2024-03-23,organic,mobile,India
4687452,2024-02-12,ads,mobile,USA
1101106,2024-01-27,ads,mobile,USA
2394315,2024-10-26,organic,desktop,India
4381828,2024-02-03,organic,desktop,India
2994850,2024-03-29,organic,mobile,India
4670299,2024-01-01,ads,mobile,UK
3768716,2024-10-14,ads,mobile,India
4891046,2024-01-15,organic,desktop,India
2764752,2024-02-18,referral,mobile,India
3936979,2024-02-13,organic,desktop,USA
3372109,2024-01-06,ads,tablet,India
1263147,2024-07-18,ads,mobile,India
1135661,2024-05-31,ads,mobile,UK
4543501,2024-01-20,ads,mobile,Canada
1025582,2024-04-01,organic,desktop,India
4159922,2024-01-09,organic,mobile,Australia
3993954,2024-04-23,social,tablet,India
3399969,2024-01-12,organic,desktop,India
1629488,2024-01-13,organic,mobile,India
1905292,2024-01-28,ads,mobile,India
1606834,2024-01-14,ads,mobile,India
3308675,2024-01-26,organic,mobile,Canada
3919074,2024-03-23,organic,mobile,India
2980165,2024-01-20,ads,desktop,USA
3414875,2024-02-22,organic,mobile,India
3244053,2024-02-16,ads,mobile,Canada
1906288,2024-02-19,organic,mobile,India
1976887,2024-01-15,ads,mobile,India
3166228,2024-06-12,social,mobile,India
2454562,2024-05-22,organic,mobile,India
3187957,2024-02-09,social,mobile,Australia
4526747,2024-07-20,ads,mobile,India
2922403,2024-04-20,organic,mobile,Canada
3512891,2024-01-16,organic,mobile,India
2183727,2024-01-18,email,mobile,Australia
1615560,2024-01-12,organic,mobile,India
2769613,2024-02-07,ads,mobile,India
1817076,2024-01-13,organic,desktop,USA
3758074,2024-06-29,organic,mobile,India
2055871,2024-03-19,ads,mobile,India
3438739,2024-02-04,referral,mobile,USA
3751914,2024-02-21,organic,mobile,Canada
1319152,2024-03-31,ads,desktop,UK
2847779,2024-04-02,organic,desktop,Canada
4169560,2024-02-25,organic,desktop,India
4006223,2024-04-07,ads,mobile,USA
1816225,2024-01-24,ads,mobile,Australia
4177641,2024-02-17,organic,mobile,UK
3320128,2024-03-07,organic,desktop,Germany
3333189,2024-01-08,referral,mobile,India
3573272,2024-03-29,social,mobile,UK
2980099,2024-02-03,organic,tablet,Germany
4555691,2024-02-04,ads,mobile,India
4762835,2024-01-10,organic,desktop,India
1401905,2024-01-16,email,mobile,UK
1764931,2024-02-03,organic,mobile,India
1112215,2024-02-12,ads,mobile,India
1699212,2024-05-24,organic,mobile,UK
3481245,2024-01-03,ads,mobile,USA
4890503,2024-01-28,ads,desktop,USA
2446902,2024-04-13,referral,desktop,UK
2304696,2024-02-25,organic,desktop,UK
3812095,2024-03-28,ads,mobile,India
4698871,2024-02-19,organic,mobile,USA
4230694,2024-03-06,social,mobile,UK
3925179,2024-01-03,organic,mobile,USA
4550425,2024-02-03,ads,mobile,India
2443559,2024-01-31,organic,mobile,Germany
4596400,2024-01-06,organic,mobile,India
3411176,2024-02-19,ads,mobile,USA
1278596,2024-04-30,ads,desktop,USA
4516310,2024-02-28,referral,desktop,USA
3563625,2024-02-19,ads,mobile,Germany
3922470,2024-02-05,organic,desktop,USA
4539084,2024-01-30,referral,mobile,USA
4318537,2024-03-24,organic,mobile,India
3557849,2024-01-11,ads,desktop,India
2137452,2024-04-24,organic,mobile,USA
3698245,2024-03-07,organic,desktop,Australia
3839047,2024-03-06,organic,desktop,USA
2683002,2024-02-08,ads,tablet,Canada
4220922,2024-03-22,organic,mobile,India
1552283,2024-03-01,organic,mobile,USA
2509138,2024-03-21,organic,mobile,India
4885727,2024-02-10,ads,mobile,India
3301411,2024-01-17,ads,mobile,India
3251765,2024-01-20,organic,mobile,India
3531087,2024-04-23,ads,mobile,USA
2010912,2025-06-03,ads,mobile,Australia
2211160,2024-02-22,organic,desktop,UK
2635745,2024-02-01,email,mobile,India
2313462,2024-01-24,organic,mobile,India
4441718,2024-01-28,organic,mobile,India
4895937,2024-01-19,ads,mobile,USA
1426386,2024-01-05,organic,mobile,USA
2409650,2024-05-26,email,desktop,USA
3273384,2024-01-25,organic,mobile,India
2886702,2024-04-02,ads,desktop,India
2371041,2024-05-03,referral,tablet,UK
1780790,2024-02-28,organic,desktop,USA
3508291,2024-01-09,organic,mobile,UK
3473963,2024-01-09,ads,tablet,USA
2154061,2024-02-07,social,mobile,India
4907555,2024-08-04,organic,mobile,India
1617695,2024-01-12,ads,mobile,India
2012332,2024-01-12,ads,mobile,India
4949007,2024-01-08,organic,mobile,India
3187678,2025-01-18,organic,mobile,India
3712414,2024-01-20,social,desktop,India
2473598,2024-01-22,organic,mobile,Canada
4128685,2024-04-16,social,mobile,USA
4159715,2024-02-26,organic,desktop,UK
2937634,2024-03-18,email,desktop,India
3995704,2024-02-16,ads,mobile,India
4321275,2024-03-06,organic,mobile,UK
2741881,2024-03-29,ads,mobile,India
2920386,2024-01-19,ads,mobile,India
1871079,2024-02-04,ads,mobile,Canada
4557245,2024-01-24,referral,tablet,Germany
3248667,2024-01-21,email,mobile,UK
1817092,2024-08-14,referral,tablet,India
1935303,2024-01-06,organic,mobile,Canada
2870371,2024-08-01,ads,mobile,UK
2884954,2024-04-12,organic,desktop,USA
1777015,2024-01-28,ads,mobile,USA
1866797,2024-04-02,organic,tablet,India
3942798,2024-03-23,organic,mobile,India
3382448,2024-04-01,email,mobile,UK
1853754,2024-05-26,organic,mobile,USA
2466930,2024-01-02,organic,mobile,USA
1573193,2024-01-16,ads,tablet,Canada
2233067,2024-01-09,organic,mobile,UK
3262937,2024-02-01,referral,mobile,India
3611044,2024-05-06,referral,mobile,India
1710234,2024-03-28,email,desktop,India
2590583,2024-01-30,organic,mobile,India
1288321,2024-01-24,organic,mobile,USA
4105214,2024-03-22,ads,mobile,USA
1710175,2024-01-21,ads,desktop,UK
2961242,2024-05-08,ads,desktop,Germany
3734474,2024-02-11,ads,mobile,UK
1441864,2024-01-06,ads,desktop,USA
1682782,2024-02-06,organic,mobile,India
4247191,2024-03-01,social,desktop,India
1175305,2024-03-17,ads,mobile,UK
2353179,2024-04-20,ads,mobile,India
3894640,2024-01-07,organic,desktop,USA
4327274,2024-01-19,email,mobile,India
1222601,2024-03-17,ads,desktop,USA
3044209,2024-01-05,organic,desktop,India
2708316,2024-03-19,organic,mobile,India
4417515,2024-01-25,ads,mobile,India
3421186,2024-04-09,referral,desktop,India
4609855,2024-05-13,organic,mobile,India
3056028,2024-04-30,ads,tablet,Canada
2620445,2024-03-04,organic,mobile,USA
2514527,2024-02-06,organic,desktop,India
4916796,2024-03-15,organic,desktop,India
1129546,2025-03-11,organic,mobile,India
3948761,2024-01-30,ads,mobile,India
3318274,2024-02-23,ads,desktop,India
4371209,2024-03-04,ads,mobile,UK
1956542,2024-02-29,ads,mobile,USA
3940200,2024-01-23,ads,desktop,India
1444438,2024-02-28,ads,tablet,UK
3374187,2024-06-21,social,desktop,India
2517213,2024-03-08,organic,mobile,India
3041368,2024-10-16,ads,mobile,India
1033609,2024-04-07,organic,mobile,India
2066691,2024-02-10,organic,desktop,India
2197426,2024-02-01,organic,tablet,Germany
1712070,2024-01-31,organic,mobile,USA
1097456,2024-01-20,organic,desktop,USA
1713414,2024-01-31,organic,desktop,India
4168124,2024-01-13,organic,mobile,Canada
4806920,2024-02-16,organic,desktop,Germany
2737672,2024-02-21,organic,mobile,India
1336049,2024-01-25,ads,mobile,India
2594461,2024-04-12,organic,desktop,UK
3653847,2024-03-03,referral,mobile,Australia
3499248,2024-03-05,ads,desktop,Germany
3732251,2024-01-07,email,tablet,India
1397945,2024-03-21,organic,desktop,India
1125522,2024-02-18,organic,desktop,India
3819224,2024-03-01,ads,mobile,India
2202795,2024-01-07,organic,desktop,USA
3751346,2024-03-23,ads,mobile,USA
2739197,2024-02-29,organic,desktop,India
1784215,2024-03-21,organic,desktop,USA
4104719,2024-03-09,email,mobile,USA
3184754,2024-01-25,ads,desktop,USA
1561514,2024-01-16,organic,mobile,India
4382559,2024-01-07,social,mobile,USA
3616862,2024-06-15,organic,tablet,India
2394126,2024-04-07,referral,mobile,India
1581732,2024-04-25,organic,mobile,Germany
1303221,2024-02-03,ads,mobile,India
3732728,2024-01-11,organic,mobile,USA
3116891,2024-04-18,referral,mobile,Australia
4709024,2024-01-23,organic,mobile,India
1249445,2024-03-06,organic,mobile,India
1735747,2024-01-02,organic,mobile,USA
1068843,2024-04-02,organic,mobile,UK
3674112,2024-01-12,organic,desktop,India
3985690,2024-07-28,organic,mobile,USA
4253558,2024-06-30,organic,mobile,USA
3895761,2024-01-06,ads,mobile,India
3312557,2024-02-15,organic,desktop,Canada
3386346,2024-04-29,organic,mobile,Germany
3527612,2024-05-09,organic,mobile,Canada
1573965,2024-05-13,ads,tablet,India
2301478,2024-03-24,email,mobile,USA
4162697,2024-01-31,ads,mobile,USA
3561923,2024-01-06,ads,mobile,India
2116334,2024-03-24,organic,mobile,India
2752156,2024-02-09,ads,mobile,USA
4180434,2024-02-08,organic,mobile,Germany
3407692,2024-02-29,ads,desktop,India
4014762,2024-01-10,social,desktop,UK
1808237,2024-03-09,ads,tablet,USA
3541882,2024-09-15,social,mobile,Canada
2953093,2024-02-09,referral,mobile,India
2696908,2024-02-04,ads,mobile,India
2308253,2024-02-27,organic,mobile,Germany
3612126,2024-01-25,organic,mobile,India
4615786,2024-01-03,ads,mobile,USA
4940431,2024-01-11,organic,mobile,India
3123854,2024-01-08,organic,desktop,Australia
2945392,2024-05-06,organic,desktop,USA
1265208,2024-02-28,organic,mobile,India
3894831,2024-04-17,social,desktop,Canada
3755780,2024-01-31,ads,mobile,UK
3616765,2024-01-08,ads,mobile,India
3089240,2024-04-11,social,mobile,India
2435405,2024-02-22,organic,mobile,India
2517069,2024-01-16,email,desktop,USA
4458458,2024-01-27,ads,mobile,USA
2491432,2024-01-12,organic,mobile,India
2986352,2024-02-24,ads,mobile,USA
3134584,2024-02-09,organic,mobile,India
4971961,2024-01-12,referral,mobile,USA
3438116,2024-01-05,organic,desktop,India
4569655,2024-04-03,organic,desktop,India
4317236,2024-01-12,email,mobile,USA
4940371,2024-01-17,organic,mobile,India
1666669,2024-08-15,organic,mobile,India
4999488,2024-02-04,email,desktop,UK
3494787,2024-02-15,organic,mobile,USA
4364634,2024-07-17,organic,mobile,India
2429188,2024-04-01,social,mobile,India
4512117,2024-06-15,organic,tablet,India
3348838,2024-01-16,ads,mobile,Germany
3276086,2024-05-30,ads,mobile,India
1176785,2024-01-17,email,desktop,India
1549129,2024-05-31,organic,mobile,India
2203498,2024-01-13,social,mobile,USA
2016670,2024-02-21,ads,mobile,India
3019117,2024-01-13,email,mobile,India
1416521,2024-01-12,ads,desktop,USA
4391108,2024-01-08,organic,mobile,Canada
2389001,2024-10-04,email,desktop,Australia
4753870,2024-02-29,ads,mobile,India
4066661,2024-02-20,email,desktop,USA
3063328,2024-01-29,ads,mobile,India
1693971,2024-02-25,email,desktop,UK
3912507,2024-04-22,organic,mobile,India
3775206,2024-01-15,email,mobile,India
3235421,2024-06-25,organic,mobile,India
2722905,2024-01-11,organic,mobile,India
3083283,2024-01-18,ads,mobile,UK
3442091,2024-01-05,email,mobile,UK
3132903,2024-01-09,ads,desktop,India
3445539,2024-08-27,organic,mobile,India
3574626,2024-02-28,ads,desktop,Australia
2100247,2024-01-30,ads,mobile,USA
1640873,2024-01-14,email,mobile,India
4912185,2024-01-04,organic,mobile,USA
3188249,2024-02-03,ads,desktop,USA
1225628,2024-03-18,organic,mobile,Canada
1540865,2024-01-04,organic,tablet,India
2823265,2024-04-30,organic,mobile,India
2394639,2024-02-10,organic,desktop,Canada
1848435,2024-02-02,organic,mobile,USA
1147218,2024-02-12,organic,mobile,India
3866472,2024-02-08,email,mobile,Canada
1676459,2024-04-14,email,desktop,India
1371310,2024-01-29,organic,tablet,India
4283401,2024-02-06,organic,mobile,USA
1725715,2024-02-19,referral,mobile,India
3996739,2024-01-02,ads,desktop,Australia
2558905,2024-02-17,ads,desktop,India
2407754,2024-01-21,ads,mobile,India
3164469,2024-03-24,organic,tablet,India
2222932,2024-01-25,social,mobile,USA
1327866,2024-03-29,ads,tablet,India
4042864,2024-03-16,organic,desktop,USA
2935116,2024-03-13,ads,mobile,India
3770300,2024-03-26,organic,mobile,India
4825583,2024-02-27,organic,mobile,India
3542602,2024-01-03,organic,tablet,India
1940161,2024-06-04,ads,desktop,USA
4413566,2024-03-24,social,mobile,Australia
4524856,2024-04-19,organic,mobile,India
2239204,2024-01-03,organic,mobile,India
1785631,2024-02-09,social,desktop,Canada
3730721,2024-01-19,ads,mobile,USA
1460786,2024-01-13,organic,mobile,India
4047877,2024-02-19,organic,desktop,USA
1316361,2024-04-13,organic,desktop,USA
1909464,2024-01-02,email,mobile,India
4065311,2024-03-23,ads,mobile,Canada
3611784,2024-01-19,ads,desktop,UK
3453841,2024-07-28,referral,mobile,UK
1284870,2024-01-17,referral,mobile,USA
1275434,2024-09-10,organic,mobile,UK
1183168,2024-01-17,ads,desktop,India
3215922,2024-02-28,ads,mobile,Germany
1191431,2024-03-28,organic,mobile,India
1733441,2024-06-17,ads,desktop,India
3573802,2024-04-24,email,desktop,Germany
4267333,2024-01-31,email,mobile,India
1005400,2024-04-25,organic,mobile,India
2245405,2024-03-06,referral,mobile,India
3950607,2024-01-08,organic,tablet,India
2468917,2024-04-15,organic,mobile,India
1055326,2024-02-22,organic,mobile,USA
1361980,2024-01-07,organic,desktop,Canada
3710006,2024-01-13,ads,tablet,USA
4690463,2024-02-15,organic,mobile,India
1194646,2024-04-02,organic,desktop,India
4846205,2024-02-18,organic,mobile,India
2256329,2024-02-28,organic,mobile,UK
1600374,2024-01-25,email,mobile,Germany
1968594,2024-02-04,ads,desktop,India
4773942,2024-01-18,organic,desktop,USA
1399821,2024-06-02,organic,mobile,India
3326298,2024-01-30,referral,desktop,India
3363094,2024-01-23,email,mobile,Canada
2266727,2024-01-08,ads,mobile,UK
1488735,2024-02-04,organic,mobile,India
4364170,2024-02-24,organic,mobile,India
3704241,2024-02-21,social,mobile,Germany
3251244,2024-03-04,referral,mobile,India
3235383,2024-03-30,ads,desktop,India
4558127,2024-02-14,organic,mobile,India
4013274,2024-02-14,organic,mobile,USA
3066590,2024-03-04,organic,mobile,UK
2492179,2024-01-31,organic,desktop,Canada
4712462,2024-02-11,organic,mobile,India
3335872,2024-03-12,referral,mobile,UK
3950926,2024-01-07,organic,mobile,India
1116681,2024-01-01,organic,mobile,Germany
3006503,2024-01-29,referral,desktop,UK
3467994,2024-01-03,referral,tablet,Canada
2742024,2024-02-19,email,mobile,India
1633055,2024-01-06,organic,mobile,India
4286798,2024-05-05,organic,mobile,India
1927826,2024-01-14,organic,mobile,Germany
1201553,2024-04-21,organic,desktop,UK
4438322,2024-03-12,organic,desktop,India
4225652,2024-02-07,organic,mobile,UK
1754244,2024-01-24,ads,desktop,India
2369760,2024-01-07,organic,desktop,USA
3692957,2024-03-26,email,desktop,Australia
1163039,2024-03-15,email,mobile,India
4352117,2024-01-25,referral,mobile,Canada
1680650,2024-03-11,organic,mobile,India
1087798,2024-01-25,organic,mobile,USA
1400995,2024-02-14,organic,mobile,India
3323805,2024-03-30,organic,desktop,India
3748059,2024-04-12,ads,mobile,India
1939116,2024-01-22,organic,tablet,India
4259423,2024-02-25,organic,mobile,India
3422877,2024-01-06,ads,mobile,India
3975604,2024-01-09,organic,mobile,UK
2791564,2024-01-27,organic,desktop,India
1957536,2024-03-12,organic,mobile,India
1708011,2024-02-05,social,mobile,USA
4420535,2024-02-25,organic,mobile,Germany
3589217,2024-02-09,email,mobile,USA
2852787,2024-04-01,referral,mobile,USA
3111457,2024-06-27,ads,mobile,India
4385872,2024-06-03,referral,mobile,UK
3638915,2024-02-19,organic,tablet,India
1954633,2024-01-15,organic,mobile,India
3234500,2024-01-24,ads,desktop,UK
1800110,2024-03-24,organic,mobile,USA
2432943,2024-02-22,ads,mobile,India
2626006,2024-05-03,referral,desktop,India
3411358,2024-08-13,organic,desktop,UK
3305900,2024-01-04,organic,mobile,Australia
1926489,2024-01-08,ads,tablet,India
2390547,2024-01-21,ads,mobile,USA
2273152,2024-02-12,referral,mobile,USA
3919335,2024-01-24,organic,mobile,Australia
3684197,2024-03-12,organic,tablet,Germany
2190417,2024-01-26,organic,mobile,UK
1841727,2024-03-09,ads,mobile,India
1769945,2024-01-15,organic,tablet,India
3698749,2024-01-13,email,mobile,USA
3065579,2024-01-31,ads,mobile,India
4407615,2024-01-07,email,mobile,UK
4449853,2024-01-25,organic,mobile,UK
1119648,2024-03-26,organic,desktop,USA
2001492,2024-02-03,organic,mobile,Germany
3302680,2024-02-03,organic,mobile,India
1856020,2024-02-16,organic,mobile,India
1619664,2024-03-17,ads,desktop,UK
3351823,2024-05-16,ads,mobile,UK
3797087,2024-01-25,referral,tablet,India
1180232,2024-02-12,social,mobile,India
3890420,2024-07-16,ads,desktop,Australia
3070194,2024-01-25,ads,desktop,India
1756186,2024-05-07,ads,desktop,UK
4018707,2024-02-27,ads,mobile,UK
3077971,2024-01-21,ads,tablet,India
1711506,2024-03-03,ads,mobile,USA
1128643,2024-04-26,referral,mobile,India
4460766,2024-01-23,organic,mobile,India
4720436,2024-02-09,organic,mobile,India
1201784,2024-03-03,organic,desktop,India
3058119,2024-01-09,ads,mobile,Australia
3918496,2024-01-20,ads,mobile,India
2325168,2024-01-14,organic,mobile,India
1252098,2024-02-15,email,mobile,UK
3158669,2024-02-15,referral,tablet,USA
3337199,2024-03-14,ads,mobile,Germany
3869155,2024-02-18,organic,mobile,UK
1199377,2024-08-23,organic,mobile,Australia
1232683,2024-07-03,referral,mobile,USA
3521477,2024-02-24,ads,desktop,USA
1288046,2024-01-20,referral,desktop,India
2387190,2024-02-06,organic,mobile,India
2050512,2024-04-24,organic,mobile,USA
2587125,2024-04-26,organic,mobile,India
3779616,2024-01-16,organic,mobile,India
4003343,2024-01-11,ads,mobile,Germany
1005361,2024-01-19,email,mobile,USA
1422983,2024-02-24,ads,tablet,USA
4798627,2024-03-11,referral,mobile,India
3519594,2024-02-08,referral,desktop,UK
4080370,2024-01-12,ads,desktop,USA
4076847,2024-05-29,organic,mobile,Australia
1257907,2024-02-24,email,mobile,USA
4089624,2024-02-08,ads,tablet,Germany
2068010,2024-03-21,referral,tablet,USA
2627473,2024-03-30,email,desktop,UK
3088225,2024-01-03,email,mobile,India
4994082,2024-04-16,organic,desktop,India
1205330,2024-04-13,organic,desktop,Canada
4850937,2024-04-20,organic,desktop,Australia
3969431,2024-01-02,organic,desktop,USA
2690902,2024-02-18,email,mobile,USA
4976843,2024-03-12,email,mobile,Germany
2015124,2024-08-05,organic,desktop,India
4006738,2024-01-10,organic,desktop,Germany
1123487,2024-07-31,organic,mobile,India
3466806,2024-02-24,social,desktop,UK
3499194,2024-02-27,organic,mobile,USA
2021247,2024-02-06,organic,mobile,India
3820461,2024-05-19,organic,desktop,UK
2970239,2024-03-06,organic,desktop,Germany
1507455,2024-04-04,ads,mobile,India
1512020,2024-02-12,ads,mobile,India
3490122,2024-07-27,email,mobile,India
1832382,2024-01-26,referral,mobile,USA
1828105,2024-05-16,email,mobile,India
1202567,2024-04-08,email,mobile,India
3037756,2024-01-23,ads,mobile,UK
1899709,2024-06-18,organic,mobile,Canada
1086143,2024-01-30,organic,mobile,India
3059108,2024-01-26,referral,desktop,USA
3532472,2024-02-26,organic,mobile,USA
2668214,2024-02-15,social,desktop,UK
1841658,2024-01-25,ads,mobile,USA
1424594,2024-06-25,ads,mobile,India
4360556,2024-05-31,ads,mobile,India
4046974,2024-03-27,ads,mobile,India
3526479,2024-01-29,organic,mobile,Canada
2486546,2024-01-17,organic,mobile,India
3707604,2024-01-12,organic,desktop,Australia
1835423,2024-03-21,ads,mobile,USA
3789660,2024-01-28,ads,mobile,USA
3158422,2024-01-19,organic,mobile,Germany
3358893,2024-05-20,organic,desktop,India
3061887,2024-02-21,referral,mobile,India
1730411,2024-01-08,organic,mobile,Australia
4127982,2024-07-12,email,mobile,India
4008149,2024-01-14,organic,mobile,India
2424452,2024-01-09,organic,mobile,India
2325907,2024-01-15,social,mobile,USA
4321669,2024-05-16,ads,desktop,USA
1314811,2024-05-15,organic,mobile,India
2692604,2024-01-06,organic,mobile,UK
3872460,2024-01-13,ads,mobile,Canada
1240063,2024-03-22,email,mobile,India
3728876,2024-04-12,organic,tablet,India
4254212,2024-06-24,referral,desktop,USA
4823940,2024-02-10,referral,mobile,UK
3930684,2024-01-07,organic,desktop,USA
3542269,2024-02-07,ads,desktop,Canada
1365034,2024-03-11,ads,mobile,India
3785832,2024-02-23,ads,desktop,UK
1806751,2024-08-06,ads,mobile,USA
2136227,2024-01-22,ads,tablet,India
3873495,2024-01-17,organic,desktop,Germany
1056035,2024-01-11,organic,desktop,Canada
1972423,2024-02-12,email,mobile,India
4537915,2024-01-04,referral,mobile,India
4267763,2024-01-29,email,desktop,India
1312529,2024-02-10,organic,desktop,India
3210675,2024-02-08,ads,mobile,India
1454984,2024-03-22,social,mobile,USA
4217510,2024-01-19,ads,mobile,Germany
1091785,2024-04-02,ads,mobile,India
3557343,2024-01-02,organic,desktop,USA
4862626,2024-02-15,social,mobile,India
3317539,2024-01-12,ads,mobile,India
3355609,2024-04-05,organic,mobile,India
3600131,2024-01-01,email,mobile,India
4475220,2024-01-06,email,mobile,Australia
2652572,2024-01-22,email,mobile,India
3861731,2024-02-20,organic,mobile,USA
1615143,2024-02-09,referral,mobile,USA
2955293,2024-05-13,organic,tablet,India
3277396,2024-01-27,social,mobile,India
2772348,2024-01-14,referral,desktop,Australia
2710485,2024-01-23,email,mobile,India
1099563,2024-01-05,social,mobile,USA
4733705,2024-03-10,referral,desktop,India
4140989,2024-02-23,organic,mobile,Australia
3221334,2024-01-05,ads,mobile,India
2448393,2024-01-08,ads,desktop,Canada
3673830,2024-04-19,ads,mobile,USA
4679875,2024-01-21,email,mobile,India
4569814,2024-06-17,ads,desktop,USA
1307600,2024-01-11,organic,tablet,UK
2652179,2024-01-14,referral,mobile,UK
2467261,2024-04-09,social,mobile,UK
3812024,2024-02-07,organic,mobile,India
1057613,2024-04-21,organic,mobile,India
4739111,2024-01-03,ads,mobile,USA
2407239,2024-03-05,email,mobile,India
3215118,2024-01-01,organic,desktop,India
2624522,2024-05-29,ads,desktop,India
3309476,2024-01-25,organic,desktop,UK
3570782,2024-02-23,organic,desktop,India
4043333,2024-01-13,referral,mobile,India
3484415,2024-02-15,ads,desktop,USA
2587446,2024-01-07,email,desktop,Germany
3935180,2024-07-29,ads,mobile,Canada
4773011,2024-06-11,organic,tablet,India
3341925,2024-02-08,organic,desktop,UK
2506868,2024-03-19,ads,mobile,India
1758490,2024-01-15,organic,mobile,India
1781864,2024-01-23,organic,desktop,USA
1056008,2024-04-10,organic,mobile,Canada
2662964,2024-02-04,ads,mobile,India
2219894,2024-01-03,organic,mobile,India
1120310,2024-01-22,organic,desktop,UK
1443098,2024-01-28,ads,desktop,India
1484588,2024-03-04,referral,desktop,USA
4402792,2024-01-04,ads,desktop,India
4352026,2024-04-08,ads,mobile,India
1445352,2024-01-01,referral,mobile,India
4289938,2024-09-11,ads,mobile,India
3569583,2024-01-20,referral,tablet,India
4011728,2024-03-19,organic,mobile,Canada
3752740,2024-02-05,organic,mobile,India
2018002,2024-02-29,ads,desktop,USA
1083936,2024-03-17,organic,mobile,India
2041121,2024-02-19,organic,mobile,UK
4871984,2024-09-03,organic,mobile,USA
1577238,2024-03-06,email,tablet,USA
1678255,2024-03-13,organic,desktop,UK
2162696,2024-07-13,organic,mobile,Australia
2660193,2024-03-07,organic,desktop,India
2550072,2024-01-24,email,mobile,India
3166306,2024-02-18,ads,mobile,India
4459540,2024-02-24,ads,mobile,UK
2716131,2024-02-27,email,mobile,India
4723737,2024-01-21,organic,mobile,USA
3108417,2024-02-27,organic,desktop,India
2749140,2024-06-24,organic,mobile,India
4477718,2024-01-26,ads,desktop,USA
2666704,2024-01-04,ads,desktop,India
2560311,2024-02-28,organic,tablet,UK
1855087,2024-04-06,ads,mobile,India
4811457,2024-02-08,social,desktop,India
3483258,2024-01-01,ads,tablet,India
1435356,2024-01-05,organic,tablet,India
3194263,2024-04-18,organic,tablet,India
2676005,2024-02-10,ads,mobile,USA
1035543,2024-06-28,ads,mobile,India
1945781,2024-01-29,email,desktop,India
1855961,2024-03-06,referral,mobile,India
4007294,2024-01-02,organic,mobile,Germany
1257583,2024-03-08,organic,desktop,USA
2181153,2024-02-14,ads,tablet,India
2136646,2024-08-22,ads,mobile,Germany
2964991,2024-03-19,ads,tablet,USA
4165367,2024-02-15,organic,mobile,India
3356400,2024-01-18,organic,mobile,India
4946186,2024-01-27,email,mobile,Australia
2317875,2024-03-27,organic,tablet,India
1872534,2024-01-27,organic,mobile,India
4203189,2024-03-21,organic,desktop,India
1205752,2024-01-16,organic,desktop,USA
3116463,2024-01-03,ads,mobile,Germany
4356413,2024-01-05,email,desktop,USA
4013415,2024-01-05,ads,tablet,UK
1558785,2024-01-13,ads,mobile,India
3750876,2024-01-20,organic,desktop,UK
2248022,2024-02-19,organic,desktop,India
4343368,2024-05-18,organic,desktop,UK
2419136,2024-03-08,organic,mobile,Germany
4433029,2024-02-17,organic,mobile,India
1023335,2024-04-06,organic,mobile,USA
2263456,2024-01-16,ads,mobile,India
2006100,2024-04-09,ads,desktop,India
2387024,2024-01-28,organic,mobile,UK
2804364,2024-01-09,ads,mobile,India
3752601,2025-04-26,organic,mobile,Canada
1373038,2024-01-10,organic,tablet,India
3020392,2024-02-12,social,mobile,UK
4092745,2024-06-09,ads,mobile,USA
3077878,2024-03-16,organic,desktop,Germany
1505813,2024-04-26,organic,mobile,USA
4806581,2024-01-04,organic,mobile,USA
1730367,2024-05-15,organic,mobile,USA
3154517,2024-06-24,ads,mobile,USA
2422112,2024-07-15,email,desktop,India
4497050,2024-02-12,organic,mobile,USA
2730145,2024-03-17,organic,tablet,Australia
3975018,2024-01-18,organic,mobile,India
1388410,2024-01-05,ads,mobile,India
4005883,2024-04-23,ads,mobile,Germany
3482799,2024-05-12,organic,tablet,India
4327039,2024-08-10,email,mobile,UK
4362162,2024-02-23,referral,mobile,Canada
1917391,2024-01-16,ads,desktop,USA
4390269,2024-04-07,ads,desktop,USA
1453100,2024-03-12,ads,desktop,India
4453253,2024-01-31,organic,mobile,UK
4942273,2024-01-07,ads,mobile,India
4337518,2024-02-03,email,mobile,Germany
4498994,2024-01-12,ads,mobile,Germany
2132827,2024-02-19,ads,mobile,Germany
1987576,2024-01-24,ads,tablet,USA
3175964,2024-01-30,ads,mobile,Canada
4710783,2024-01-21,organic,mobile,India
2929072,2024-01-10,ads,mobile,USA
3334338,2024-01-17,organic,mobile,India
1898879,2024-05-21,email,desktop,India
2499863,2024-03-04,organic,mobile,Germany
2125799,2024-02-28,ads,mobile,India
2335834,2024-01-18,ads,mobile,India
1681732,2024-01-01,email,mobile,India
3506341,2024-04-13,ads,mobile,India
1328409,2024-01-31,organic,mobile,UK
2404292,2024-03-04,organic,mobile,India
2748178,2024-02-13,organic,desktop,India
3088932,2024-05-04,organic,mobile,India
2680336,2024-03-20,referral,desktop,Canada
2997970,2024-03-07,referral,mobile,India
3470670,2024-01-13,email,mobile,India
4988555,2024-02-15,organic,mobile,India
3246315,2024-05-28,organic,desktop,India
4826943,2024-03-10,email,desktop,USA
4147282,2024-03-14,ads,desktop,India
1365091,2024-01-27,social,mobile,India
1632520,2024-01-15,referral,mobile,India
3193539,2024-05-08,organic,desktop,India
2695946,2024-03-04,ads,mobile,UK
1101586,2024-02-12,ads,tablet,India
1540886,2024-04-17,ads,mobile,India
2110539,2024-01-10,organic,desktop,USA
2851079,2024-06-27,ads,mobile,India
4073826,2024-01-13,organic,mobile,Australia
2139774,2024-02-08,email,mobile,USA
1203735,2024-01-07,ads,desktop,USA
3140054,2024-02-04,ads,desktop,India
4269991,2024-01-18,email,mobile,Australia
4303437,2024-02-10,organic,mobile,UK
3926572,2024-01-28,organic,mobile,Canada
3774615,2024-02-04,organic,desktop,USA
1232861,2024-09-09,organic,mobile,UK
4076817,2024-01-01,email,desktop,India
2345425,2024-05-08,organic,mobile,USA
3774178,2024-01-03,email,mobile,India
1312248,2024-01-07,ads,mobile,India
4794593,2024-05-05,ads,desktop,India
3526355,2024-01-27,ads,desktop,India
3599510,2024-02-09,organic,desktop,India
1250246,2024-02-14,organic,tablet,India
1639940,2024-04-11,organic,desktop,USA
3335613,2024-01-08,organic,desktop,India
4553527,2024-02-06,email,mobile,USA
4920682,2024-02-27,organic,mobile,India
3170044,2024-07-11,organic,desktop,Canada
1124834,2024-01-04,organic,mobile,India
2508748,2024-03-21,ads,desktop,Germany
3995359,2024-01-27,referral,mobile,India
1505074,2024-01-29,organic,desktop,Australia
3771777,2024-01-30,referral,desktop,India
1257071,2024-01-08,referral,mobile,USA
4249192,2024-01-13,ads,mobile,USA
4373747,2024-01-15,referral,mobile,India
2939834,2024-01-10,organic,desktop,India
4190832,2024-02-18,organic,mobile,USA
1348399,2024-01-04,organic,mobile,USA
1803752,2024-06-05,referral,mobile,Germany
1486988,2024-09-20,email,mobile,UK
3506608,2024-05-01,organic,desktop,India
3421905,2024-01-07,organic,mobile,India
3369694,2024-01-09,organic,mobile,UK
3338567,2024-10-27,ads,mobile,India
3898477,2024-01-19,organic,mobile,USA
4557075,2024-05-23,organic,mobile,India
3327263,2024-03-05,organic,mobile,Australia
3215719,2024-01-12,organic,mobile,India
3394114,2024-02-07,organic,mobile,India
3583877,2024-03-29,ads,desktop,Australia
4731373,2024-01-23,organic,mobile,India
4217389,2024-02-21,ads,mobile,Canada
4252529,2024-02-03,ads,mobile,USA
1695182,2024-02-04,organic,desktop,UK
1860169,2024-01-01,ads,mobile,India
2768008,2024-02-28,organic,mobile,Canada
3281474,2024-01-24,organic,tablet,USA
2524883,2024-01-04,organic,desktop,UK
2881228,2024-09-19,email,mobile,USA
2399652,2024-02-29,referral,mobile,India
3694771,2024-02-08,ads,desktop,India
1914492,2024-01-11,organic,mobile,Germany
1738928,2024-01-05,organic,mobile,India
4959359,2024-03-04,referral,mobile,USA
3736985,2024-02-08,organic,tablet,UK
3842180,2024-01-26,referral,desktop,Canada
1835163,2024-01-10,organic,mobile,India
2546357,2024-01-05,organic,desktop,India
1219194,2024-03-07,organic,mobile,India
4817246,2024-01-22,organic,desktop,Canada
2551851,2024-11-24,organic,desktop,India
1103864,2024-05-02,organic,mobile,India
1158315,2024-02-19,referral,tablet,Canada
1334536,2024-02-14,organic,mobile,UK
2350013,2024-01-25,social,desktop,India
3836736,2024-05-03,organic,mobile,USA
2238184,2024-03-30,organic,tablet,Australia
2352153,2024-01-15,ads,mobile,USA
3149333,2024-01-03,email,tablet,India
1526676,2024-01-02,organic,mobile,Australia
2125943,2024-02-10,social,mobile,India
3356062,2024-01-19,ads,mobile,India
2200778,2024-02-04,organic,desktop,India
1969715,2024-03-02,referral,tablet,India
3970900,2024-02-01,social,mobile,India
2613480,2024-03-05,referral,desktop,Canada
2777349,2024-07-30,referral,mobile,Australia
3062861,2024-02-16,ads,mobile,India
2570656,2024-04-13,organic,mobile,India
3302584,2024-01-17,organic,mobile,India
1051556,2024-02-10,referral,mobile,UK
3042501,2024-07-03,referral,mobile,UK
3101298,2024-01-25,organic,mobile,India
2102160,2024-05-13,ads,mobile,India
2698980,2024-02-02,ads,mobile,USA
1551487,2024-02-10,organic,desktop,India
4607123,2024-03-04,organic,mobile,India
4043246,2024-04-04,ads,mobile,India
2526203,2024-08-15,organic,desktop,Germany
3906911,2024-02-01,referral,mobile,UK
4448345,2024-06-30,ads,mobile,India
4795198,2024-01-29,social,desktop,India
3269458,2025-01-30,organic,mobile,UK
3595617,2024-03-10,organic,mobile,Canada
2088709,2024-01-30,ads,mobile,USA
1674460,2024-04-03,social,mobile,USA
4288346,2024-03-30,ads,mobile,India
3771952,2024-03-27,organic,mobile,India
1161636,2024-03-24,ads,mobile,India
2507226,2024-01-03,email,mobile,Australia
2485714,2024-02-02,organic,mobile,UK
4702138,2024-03-29,organic,mobile,India
1046897,2024-01-18,referral,mobile,USA
4291051,2024-01-14,organic,tablet,USA
4852218,2024-02-17,referral,mobile,India
4735781,2024-03-20,organic,mobile,USA
2272817,2024-03-01,ads,mobile,USA
1521613,2024-03-02,organic,mobile,India
2775311,2024-03-01,ads,desktop,Australia
2937279,2024-08-31,organic,desktop,India
4473605,2024-01-27,organic,mobile,Canada
2077295,2024-03-02,ads,mobile,Germany
1811019,2024-03-10,organic,mobile,Australia
1747518,2024-01-16,organic,mobile,India
3695600,2024-01-24,ads,desktop,UK
2592591,2024-01-30,organic,desktop,Germany
1742754,2024-02-25,organic,mobile,India
3814641,2025-02-03,organic,desktop,India
2188445,2024-03-05,organic,desktop,USA
3442433,2024-06-07,organic,mobile,India
3631593,2024-02-03,organic,mobile,Australia
2713456,2024-01-30,social,mobile,India
4075616,2024-01-16,ads,desktop,USA
3175034,2024-02-02,organic,desktop,UK
3359997,2024-03-30,ads,desktop,India
3680122,2024-03-15,email,mobile,Canada
3438025,2024-02-04,organic,desktop,Canada
4940007,2024-01-30,organic,mobile,India
1720654,2024-02-19,ads,desktop,Australia
3191812,2024-01-28,ads,mobile,India
4238521,2024-04-06,organic,tablet,India
1830353,2024-01-22,referral,mobile,India
4072250,2024-04-29,organic,mobile,UK
4096520,2024-01-18,referral,mobile,India
3174266,2024-01-13,organic,desktop,India
2108599,2024-05-15,ads,desktop,India
3481502,2024-05-31,organic,mobile,Germany
4900888,2024-03-02,organic,mobile,India
2675399,2024-08-12,organic,desktop,UK
2468002,2024-01-07,ads,mobile,India
2510493,2024-03-24,organic,mobile,India
1947689,2024-02-22,organic,mobile,India
2313985,2024-01-09,referral,desktop,India
4313139,2024-04-05,organic,desktop,USA
4109826,2024-01-15,ads,desktop,Germany
3636477,2024-02-16,ads,tablet,India
4327547,2024-04-25,organic,desktop,USA
3310726,2024-04-24,social,mobile,India
2272431,2024-03-14,organic,mobile,India
4276220,2024-01-27,social,mobile,India
4457976,2024-01-08,organic,mobile,Germany
2396143,2024-04-29,organic,mobile,India
3547517,2024-01-22,email,mobile,India
3595739,2024-01-07,organic,desktop,USA
3130010,2024-05-09,organic,mobile,UK
2251061,2024-01-18,referral,tablet,India
2920065,2024-02-16,email,desktop,USA
1092432,2024-02-15,organic,desktop,India
3866847,2024-02-12,referral,desktop,Canada
2887507,2024-02-17,organic,mobile,India
4788060,2024-01-22,ads,mobile,India
1852473,2024-01-09,social,mobile,India
2302763,2024-02-17,organic,desktop,India
1474811,2024-02-01,ads,desktop,USA
1986419,2024-05-08,organic,desktop,USA
1389208,2024-02-08,social,tablet,Canada
3225998,2024-01-19,organic,desktop,USA
2587777,2024-03-28,ads,mobile,USA
2318688,2024-02-21,organic,desktop,India
3212041,2024-01-12,organic,mobile,India
1267912,2024-03-31,ads,mobile,India
3593047,2024-04-26,organic,mobile,USA
1820943,2024-02-06,referral,mobile,USA
2133468,2024-01-23,ads,desktop,Canada
2044447,2024-01-08,email,desktop,USA
4973812,2024-08-12,referral,tablet,India
3046315,2024-01-16,organic,mobile,India
3775796,2024-02-24,ads,mobile,India
4081071,2024-01-10,ads,mobile,Germany
3288028,2024-02-17,ads,desktop,Germany
4865367,2024-11-14,organic,mobile,India
1122440,2024-01-11,ads,desktop,USA
2096996,2024-03-04,organic,tablet,Canada
1964916,2024-01-09,organic,mobile,Germany
3398770,2024-01-16,organic,mobile,India
2625912,2024-01-25,ads,mobile,USA
4671481,2024-03-03,referral,mobile,Germany
3227056,2024-02-28,organic,tablet,India
1883661,2024-02-27,ads,mobile,Germany
4190090,2024-04-08,organic,mobile,India
3274561,2024-02-10,ads,mobile,Germany
2350833,2024-04-19,email,desktop,USA
3427321,2024-01-19,ads,mobile,India
1196936,2024-06-17,organic,mobile,UK
4224788,2024-01-21,ads,mobile,India
1374124,2024-01-23,organic,desktop,India
3935391,2024-02-01,organic,desktop,India
2673122,2024-01-29,ads,mobile,USA
3890587,2024-02-09,email,desktop,UK
4577830,2024-06-24,organic,mobile,India
1975808,2024-01-29,organic,desktop,Canada
1629772,2024-02-07,organic,desktop,Canada
2696215,2024-03-02,organic,mobile,Canada
1394402,2024-05-27,ads,mobile,UK
4214285,2024-03-14,ads,tablet,Canada
3179212,2024-01-12,organic,mobile,India
1943096,2024-05-12,organic,desktop,India
4006248,2024-06-19,email,desktop,USA
2419832,2024-01-06,referral,desktop,India
3494648,2024-03-12,organic,mobile,USA
3748062,2024-02-21,organic,mobile,India
3263488,2024-02-24,organic,mobile,India
1761132,2024-09-21,referral,mobile,India
4663168,2024-02-19,social,mobile,Canada
3167939,2024-03-10,organic,tablet,Canada
3087566,2024-01-16,ads,desktop,India
1540208,2024-01-14,referral,mobile,Australia
3569397,2024-01-10,organic,mobile,India
4611639,2024-01-25,ads,mobile,Germany
2538399,2024-03-26,email,desktop,India
1824732,2024-01-12,organic,mobile,India
2446083,2024-03-02,ads,desktop,USA
2369902,2024-01-10,ads,mobile,UK
1620621,2024-02-13,ads,desktop,Canada
3178186,2024-04-19,organic,desktop,USA
3802076,2024-01-08,ads,mobile,USA
2982403,2024-01-24,organic,mobile,UK
1698785,2024-03-03,ads,desktop,Germany
1414856,2024-01-17,ads,mobile,USA
1395789,2024-01-09,email,desktop,UK
3861641,2024-02-05,organic,desktop,India
3521931,2024-01-11,organic,mobile,USA
1170883,2024-01-02,ads,mobile,India
1473014,2024-01-29,referral,mobile,Germany
1456696,2024-05-08,organic,desktop,Canada
2314999,2024-01-29,referral,mobile,India
3620309,2024-03-15,organic,desktop,UK
4164243,2024-05-07,email,mobile,India
3784553,2024-10-13,organic,desktop,Canada
2590824,2024-02-04,referral,desktop,Canada
4935878,2024-02-02,social,mobile,Germany
1842648,2024-03-27,organic,desktop,Canada
2349036,2024-01-29,social,desktop,UK
4958302,2024-07-14,social,mobile,Germany
4653601,2024-02-18,organic,mobile,USA
3674764,2024-03-20,social,mobile,UK
1869318,2024-03-02,organic,mobile,India
3428189,2024-05-10,ads,tablet,Germany
3030945,2024-06-21,ads,tablet,Germany
3561658,2024-01-05,ads,mobile,India
3356230,2024-02-20,referral,desktop,India
3122718,2024-03-18,organic,tablet,India
3181877,2024-05-10,email,desktop,Germany
3507391,2024-02-22,organic,mobile,India
2979342,2024-01-22,ads,desktop,India
3350274,2024-05-13,organic,desktop,USA
4074112,2024-01-23,ads,desktop,Canada
2223026,2024-02-03,referral,mobile,India
1224912,2024-01-11,organic,mobile,India
2238169,2024-01-16,organic,mobile,India
1931905,2024-04-18,organic,tablet,India
1049203,2024-01-23,email,mobile,India
2901831,2024-06-23,organic,mobile,India
4459788,2024-02-26,organic,mobile,India
2289984,2024-01-15,ads,mobile,UK
3916222,2024-03-02,ads,mobile,India
1658556,2024-02-21,organic,desktop,Australia
4035308,2024-01-04,ads,mobile,India
1838629,2024-01-09,ads,mobile,India
2033598,2024-02-26,organic,mobile,India
3473210,2024-04-28,organic,mobile,Germany
2389383,2024-03-06,ads,mobile,India
2976070,2024-02-02,ads,tablet,India
2137108,2024-01-11,email,mobile,India
1602043,2024-02-15,ads,mobile,India
3783796,2024-01-09,organic,mobile,India
1779844,2024-02-27,social,mobile,USA
3611300,2024-03-10,ads,tablet,USA
4566000,2024-02-10,ads,desktop,Canada
3045513,2024-05-11,organic,desktop,India
3494840,2024-01-25,email,mobile,USA
1678821,2024-01-19,organic,mobile,India
1739255,2024-05-18,organic,mobile,USA
4100830,2024-02-04,ads,tablet,India
1475457,2024-01-27,ads,mobile,USA
4515592,2024-03-19,ads,desktop,India
1355786,2024-02-17,email,desktop,Canada
2928029,2024-07-04,ads,desktop,India
1774315,2024-07-22,organic,mobile,Australia
1087895,2024-03-08,organic,desktop,India
2594614,2024-01-14,organic,desktop,USA
4261190,2024-02-01,email,tablet,Canada
2961052,2024-01-19,organic,mobile,India
4548905,2024-04-28,organic,desktop,Germany
1982254,2024-03-03,ads,mobile,India
4070380,2024-02-09,email,mobile,India
3230489,2024-02-28,ads,desktop,USA
3694711,2024-02-05,referral,mobile,India
3614040,2024-03-02,organic,mobile,India
1930189,2024-04-02,ads,mobile,India
3944673,2024-01-21,email,mobile,India
3337437,2024-01-28,social,mobile,India
1158237,2024-01-13,ads,tablet,India
2973415,2024-03-04,organic,mobile,India
3046580,2024-02-13,organic,desktop,UK
2911348,2024-02-11,organic,mobile,India
4576214,2024-01-02,ads,mobile,Germany
3280991,2024-02-19,ads,mobile,USA
2335580,2024-01-06,organic,mobile,USA
2002289,2024-06-02,organic,desktop,India
3158631,2024-02-04,organic,mobile,Canada
4086905,2024-01-29,organic,mobile,USA
3111579,2024-01-28,ads,tablet,India
2236256,2024-01-08,organic,tablet,USA
2540284,2024-01-02,ads,desktop,UK
3447110,2024-01-16,organic,desktop,India
4460915,2024-01-20,ads,desktop,India
2334178,2024-04-21,organic,tablet,India
3501858,2024-03-24,organic,mobile,USA
3560946,2024-01-12,organic,mobile,India
2289417,2024-03-05,organic,desktop,Canada
1650335,2024-01-01,organic,mobile,India
1759858,2024-01-13,organic,tablet,India
3034611,2024-04-21,email,mobile,Germany
1436643,2024-02-12,organic,mobile,India
4160290,2024-04-12,organic,desktop,Germany
2018765,2024-01-05,organic,mobile,India
1118477,2024-02-12,email,desktop,India
1251675,2024-03-10,email,mobile,USA
2894016,2024-02-04,ads,desktop,USA
2487758,2024-04-03,organic,mobile,India
1272182,2024-01-24,ads,desktop,USA
3815559,2024-01-01,organic,mobile,India
3728482,2024-03-05,social,mobile,India
3778749,2024-02-25,organic,mobile,Germany
4212279,2024-04-05,organic,desktop,Canada
1207705,2024-01-15,organic,mobile,Germany
2516903,2024-02-14,ads,mobile,UK
3817358,2024-03-16,organic,mobile,India
2372108,2024-03-02,organic,mobile,UK
3659234,2024-02-09,organic,mobile,India
2388613,2024-03-13,ads,mobile,USA
3357829,2024-01-14,organic,tablet,USA
3959110,2024-03-13,organic,desktop,India
3130040,2024-01-26,organic,desktop,India
4213201,2024-02-05,ads,mobile,India
2022435,2024-01-14,organic,mobile,USA
3301515,2024-04-29,email,mobile,India
1061318,2024-01-05,organic,desktop,USA
1823946,2024-02-08,ads,tablet,India
4215306,2024-01-22,ads,desktop,India
3842522,2024-02-07,referral,desktop,India
4684062,2024-04-01,ads,desktop,India
4410000,2024-04-01,ads,desktop,Australia
1795873,2024-01-15,organic,mobile,UK
1418076,2024-03-13,organic,desktop,Germany
1534951,2024-04-01,organic,mobile,Canada
3210039,2024-03-14,organic,mobile,India
1363530,2024-01-20,social,mobile,Canada
4333591,2024-02-20,referral,desktop,Germany
2325908,2024-03-13,organic,mobile,Canada
1049667,2024-04-20,ads,tablet,India
3491910,2024-07-11,ads,desktop,Australia
4406007,2024-01-29,ads,desktop,USA
1820949,2024-01-14,ads,mobile,USA
2259703,2024-01-18,organic,mobile,India
1873835,2024-05-08,referral,mobile,USA
4605141,2024-02-19,organic,mobile,USA
1550164,2024-01-23,ads,mobile,UK
1223820,2024-02-14,social,mobile,UK
3724074,2024-03-05,organic,mobile,India
2092276,2024-04-20,organic,mobile,India
3743270,2024-03-26,organic,mobile,UK
4671485,2024-03-10,organic,tablet,India
4150718,2024-01-06,organic,mobile,India
2954815,2024-01-18,ads,mobile,India
1511394,2024-03-18,organic,mobile,Germany
4323190,2024-03-02,organic,desktop,UK
4383867,2024-01-11,organic,tablet,UK
3052553,2024-03-17,social,mobile,USA
3704896,2024-01-22,organic,desktop,India
2528597,2024-03-21,social,desktop,India
1610519,2024-01-12,organic,desktop,India
3940821,2024-04-09,organic,mobile,India
3573382,2024-04-01,organic,tablet,India
1699407,2024-01-06,organic,mobile,UK
3349206,2024-01-12,organic,mobile,UK
4584773,2024-01-13,organic,mobile,UK
3408474,2024-06-20,email,desktop,India
1788238,2024-05-05,organic,desktop,India
3676425,2024-01-07,organic,mobile,India
3565255,2024-04-06,organic,mobile,USA
3864369,2025-01-20,ads,mobile,India
2300223,2024-03-24,ads,desktop,India
1928422,2024-03-03,ads,mobile,UK
3366084,2024-03-28,ads,mobile,USA
1222704,2024-01-09,email,mobile,USA
1914005,2024-01-16,social,mobile,Canada
1650125,2024-03-20,organic,mobile,India
3443558,2024-01-16,organic,mobile,India
3626209,2024-02-13,ads,mobile,UK
2255697,2024-04-14,social,desktop,Canada
1052063,2024-01-19,organic,mobile,Canada
1242906,2024-01-03,organic,desktop,USA
1334252,2024-01-17,email,mobile,USA
4908877,2024-03-28,ads,tablet,India
3840926,2024-03-10,email,mobile,India
1714201,2024-02-04,ads,desktop,India
2398876,2024-02-20,email,desktop,India
1813377,2024-04-14,ads,tablet,India
1473808,2024-03-02,organic,mobile,Canada
4343569,2024-01-03,organic,mobile,India
3485200,2024-03-04,ads,mobile,Australia
3435949,2024-02-07,email,desktop,India
1629060,2024-09-06,organic,desktop,USA
3458442,2024-02-13,organic,tablet,India
2716345,2024-01-22,organic,mobile,India
3942565,2024-03-02,organic,desktop,India
1018602,2024-01-04,organic,desktop,USA
2682157,2024-02-08,referral,desktop,India
1548742,2024-04-22,organic,desktop,USA
4307458,2024-02-10,ads,mobile,India
3763992,2024-09-24,organic,mobile,UK
1508523,2024-02-29,organic,desktop,UK
4064196,2024-05-30,ads,mobile,India
1815464,2024-03-01,organic,mobile,Australia
4615076,2024-01-25,organic,mobile,Germany
2121878,2024-02-26,social,tablet,India
2038219,2024-01-06,organic,mobile,India
2833681,2024-01-14,organic,desktop,India
3392224,2024-02-19,ads,mobile,India
3751911,2024-07-12,organic,desktop,UK
3144729,2024-02-22,organic,mobile,Germany
3671151,2024-05-31,ads,tablet,India
4784815,2024-01-19,social,mobile,India
2484595,2024-07-03,organic,desktop,India
4075846,2024-02-29,email,mobile,India
4207214,2024-01-23,organic,desktop,India
3346571,2024-03-29,social,mobile,UK
2417209,2024-06-08,organic,mobile,India
3056287,2024-01-02,referral,tablet,Australia
3825646,2024-02-03,ads,mobile,India
1680952,2024-05-05,organic,desktop,USA
1990577,2024-01-03,organic,mobile,India
3675817,2024-01-22,ads,mobile,India
3315350,2024-02-13,organic,mobile,UK
2041643,2024-01-01,organic,desktop,Australia
3350561,2024-04-03,ads,mobile,India
2114141,2024-12-06,referral,desktop,India
2966368,2024-02-25,organic,mobile,India
1901831,2024-01-09,ads,desktop,USA
4848159,2024-01-21,referral,mobile,USA
3462903,2024-02-18,ads,desktop,India
4404763,2024-02-03,ads,tablet,India
1919301,2024-05-19,referral,tablet,Australia
2369852,2024-01-29,ads,desktop,Canada
3831188,2024-06-06,organic,mobile,Germany
4069054,2024-01-12,organic,mobile,India
3183293,2024-08-17,social,desktop,USA
2412598,2024-01-05,ads,desktop,India
4118781,2024-01-14,email,desktop,India
2961486,2024-03-03,ads,mobile,Canada
1809497,2024-06-21,referral,mobile,USA
2399701,2024-01-01,organic,desktop,India
3404975,2024-05-21,ads,mobile,Australia
4267033,2024-01-31,ads,desktop,India
2806044,2024-01-15,organic,desktop,USA
3676400,2024-04-17,email,mobile,Australia
2263336,2024-01-28,organic,mobile,UK
3242514,2024-03-08,organic,desktop,India
2385108,2024-05-30,organic,mobile,India
3310564,2024-02-10,referral,mobile,India
2501763,2024-02-21,ads,mobile,Germany
2193609,2024-07-07,organic,mobile,Australia
1941793,2024-01-19,organic,mobile,Canada
2376276,2024-01-13,organic,desktop,India
4650888,2024-01-10,organic,mobile,USA
2912318,2024-03-15,ads,desktop,India
2181098,2024-01-29,ads,mobile,USA
2291333,2024-01-05,ads,mobile,Australia
3926520,2024-02-01,organic,mobile,India
2927740,2024-01-13,organic,desktop,Germany
1332097,2024-03-09,email,mobile,India
3283767,2024-02-13,referral,mobile,India
1556421,2024-01-13,email,mobile,Germany
1632775,2024-01-21,organic,mobile,USA
1520439,2024-02-21,email,tablet,India
1924625,2024-03-02,ads,mobile,India
4152081,2024-01-14,ads,mobile,India
3321030,2024-01-12,organic,desktop,India
4003281,2024-03-18,organic,tablet,Germany
2354354,2024-01-10,organic,mobile,USA
3591319,2024-04-06,ads,mobile,Canada
2626960,2024-04-02,email,mobile,India
1081423,2024-09-18,ads,desktop,Canada
2849200,2024-07-06,referral,mobile,USA
2574554,2024-02-25,ads,mobile,India
1081866,2024-02-10,social,mobile,UK
4173968,2024-01-21,organic,mobile,India
1037479,2024-03-01,organic,desktop,India
3195345,2024-03-27,organic,mobile,India
3810746,2024-02-22,ads,desktop,India
3748033,2024-01-28,ads,mobile,India
4868496,2024-03-19,ads,mobile,Germany
1447083,2024-02-29,ads,mobile,UK
3943242,2024-01-14,email,mobile,India
2244475,2024-04-07,referral,mobile,India
4607483,2024-04-25,ads,mobile,UK
3903611,2024-01-09,ads,mobile,India
1588343,2024-01-11,organic,mobile,USA
4842523,2024-02-29,organic,mobile,USA
3308707,2024-01-01,organic,mobile,USA
1690993,2024-02-13,organic,mobile,India
2398931,2024-03-22,ads,mobile,Canada
4940471,2024-02-28,organic,mobile,India
4268795,2024-02-29,organic,mobile,India
1251283,2024-03-21,organic,mobile,India
2586838,2024-02-05,organic,mobile,India
4560858,2024-01-28,referral,mobile,India
2986588,2024-01-11,organic,mobile,UK
1032198,2024-02-25,ads,mobile,UK
2090390,2024-01-10,email,mobile,Australia
4014014,2024-01-02,ads,mobile,Germany
3418663,2024-01-04,email,mobile,India
3996253,2024-08-05,email,mobile,Germany
4682282,2024-01-26,organic,mobile,India
3006187,2024-02-10,referral,mobile,India
1989234,2024-01-15,referral,desktop,India
3815396,2024-02-24,referral,mobile,USA
2939569,2024-01-18,ads,mobile,India
2318565,2024-02-02,social,tablet,India
4239952,2024-03-07,organic,desktop,USA
2151577,2024-04-03,organic,tablet,UK
1929908,2024-03-24,organic,mobile,India
2277845,2024-01-15,referral,mobile,India
1487375,2024-01-25,referral,mobile,USA
3600911,2024-01-13,ads,mobile,UK
4041934,2024-02-08,organic,tablet,USA
2578460,2024-01-15,organic,tablet,India
4950953,2024-01-03,organic,mobile,Canada
2549044,2024-01-17,organic,mobile,Canada
3634847,2024-01-20,ads,desktop,India
4687789,2024-01-23,organic,desktop,UK
3734995,2024-02-02,social,desktop,India
4136216,2024-04-13,ads,mobile,India
2470552,2024-01-16,email,desktop,USA
2796824,2024-02-07,organic,desktop,Australia
2831391,2024-04-16,organic,desktop,Germany
3990868,2024-02-06,social,desktop,India
3903528,2024-03-14,ads,mobile,India
1416736,2024-03-07,organic,mobile,India
4665556,2024-01-04,referral,mobile,India
1198249,2024-05-01,organic,mobile,UK
4973597,2024-01-17,email,mobile,India
2020057,2024-01-19,ads,mobile,USA
4093255,2024-04-01,ads,mobile,Germany
4582175,2024-01-16,referral,mobile,Germany
2488295,2024-04-05,ads,mobile,USA
1279953,2024-01-16,email,mobile,USA
3262490,2024-02-27,organic,mobile,Australia
3124373,2024-01-11,organic,desktop,USA
2316308,2024-01-23,organic,mobile,India
3008795,2024-05-07,organic,mobile,UK
3580272,2024-02-11,ads,desktop,USA
2421970,2024-03-19,organic,desktop,USA
4094597,2024-02-10,email,desktop,India
2879078,2024-02-15,organic,desktop,India
3786684,2024-01-14,ads,mobile,India
4371342,2024-03-14,organic,tablet,Australia
4420491,2024-04-12,organic,mobile,USA
4958148,2024-01-06,organic,desktop,India
1547650,2024-01-26,organic,mobile,India
1315552,2024-03-29,ads,mobile,India
2576047,2024-01-13,referral,mobile,India
1136568,2024-01-04,organic,mobile,India
4596769,2024-07-07,referral,mobile,Germany
2492956,2024-01-09,referral,mobile,Australia
3573371,2024-05-01,ads,desktop,India
3192865,2024-03-18,ads,mobile,Germany
2737809,2024-02-14,organic,mobile,India
2945303,2024-02-10,ads,mobile,India
4506059,2024-01-03,organic,desktop,India
4788145,2024-03-15,organic,mobile,USA
3508871,2024-02-28,organic,mobile,India
3099359,2024-05-24,organic,mobile,India
3080772,2024-01-12,social,mobile,Canada
3380906,2024-02-05,organic,desktop,Canada
4272661,2024-05-15,organic,mobile,UK
1372491,2024-05-21,ads,desktop,Germany
3285729,2024-01-05,organic,mobile,India
4030204,2024-01-10,email,desktop,India
2014000,2024-01-02,organic,desktop,India
3984270,2024-01-25,referral,desktop,USA
3035955,2024-03-31,referral,mobile,India
3651334,2024-01-28,ads,mobile,USA
4753680,2024-02-25,email,desktop,UK
4357611,2024-01-28,email,mobile,India
2217930,2024-01-08,ads,desktop,Canada
4478712,2024-01-03,organic,mobile,USA
1651165,2024-01-15,email,desktop,India
2274200,2024-01-09,organic,desktop,Germany
1102225,2024-04-18,organic,mobile,India
4734316,2024-01-14,organic,mobile,UK
1984137,2024-03-27,organic,mobile,India
3501848,2024-02-17,organic,mobile,Germany
4520668,2024-01-19,organic,desktop,India
2465988,2024-01-05,organic,desktop,Canada
1203268,2024-01-24,organic,mobile,USA
3153140,2024-08-16,organic,mobile,USA
4875778,2024-02-26,organic,desktop,USA
4427740,2024-03-08,organic,mobile,India
3563539,2024-01-12,organic,mobile,Canada
3109279,2024-05-16,organic,desktop,India
1213825,2024-02-10,ads,mobile,USA
1470385,2024-02-12,organic,mobile,UK
3503401,2024-01-21,social,mobile,India
3599408,2024-02-17,organic,desktop,Canada
4756503,2024-02-12,organic,desktop,India
1298427,2024-01-11,referral,mobile,Australia
3651261,2024-01-19,organic,mobile,Canada
2245510,2024-01-23,organic,mobile,India
2120487,2024-02-24,organic,desktop,India
3841996,2024-01-18,organic,mobile,UK
3515182,2024-02-05,organic,mobile,India
4380077,2024-01-18,organic,desktop,India
4583841,2024-03-11,email,mobile,India
1644839,2024-06-15,organic,tablet,India
3306688,2024-01-30,ads,tablet,India
3862244,2024-02-10,organic,desktop,UK
3292015,2024-02-19,ads,mobile,India
4111561,2024-01-22,organic,tablet,USA
3531497,2024-03-04,organic,mobile,Germany
2719117,2024-02-22,organic,mobile,Germany
1228601,2024-05-10,social,desktop,UK
1078004,2024-01-01,referral,mobile,India
1265015,2024-01-30,email,mobile,India
3998575,2024-01-13,ads,mobile,India
1683505,2024-02-11,ads,mobile,India
3968458,2024-01-19,email,mobile,USA
3128866,2024-03-27,organic,mobile,India
4999286,2024-07-07,email,tablet,Canada
4030675,2024-01-02,referral,desktop,India
3813155,2024-01-02,referral,desktop,UK
2647485,2024-05-09,organic,mobile,India
3840514,2024-01-14,organic,mobile,India
3739831,2024-04-23,social,mobile,India
2919433,2024-01-29,organic,tablet,USA
3869642,2024-02-05,organic,mobile,India
4817277,2024-03-07,organic,desktop,UK
2744913,2024-09-07,email,mobile,UK
4249953,2024-04-17,organic,mobile,USA
2602867,2024-04-05,organic,mobile,UK
3800524,2024-02-20,ads,tablet,Canada
3178831,2024-01-19,ads,desktop,USA
1293749,2024-02-16,organic,mobile,India
3853882,2024-01-15,organic,mobile,UK
2258750,2024-01-01,email,mobile,India
1866212,2024-01-07,ads,mobile,USA
2417748,2024-01-02,referral,mobile,USA
3911225,2024-01-02,referral,mobile,USA
2491292,2024-01-06,ads,mobile,USA
4800272,2024-05-11,organic,mobile,India
4087788,2024-01-27,social,mobile,USA
1069529,2024-01-09,organic,mobile,Germany
1138011,2024-04-11,ads,mobile,India
2539050,2024-02-20,ads,mobile,India
2574776,2024-01-16,organic,mobile,Germany
4143201,2024-03-30,email,mobile,Germany
3197650,2024-03-02,organic,mobile,USA
1623624,2024-01-10,social,tablet,USA
1050814,2024-01-26,organic,desktop,India
3813104,2024-01-20,ads,mobile,USA
1864801,2024-02-23,organic,tablet,USA
3864933,2024-01-04,organic,desktop,India
2617510,2024-03-25,ads,mobile,Canada
3084596,2024-04-10,organic,mobile,USA
1289742,2024-02-24,ads,desktop,India
1198659,2024-02-14,organic,desktop,USA
2067911,2024-01-02,email,desktop,India
3284828,2024-06-29,email,desktop,USA
2896335,2024-01-23,ads,mobile,India
4666351,2024-01-07,referral,mobile,India
1479355,2024-05-25,email,mobile,USA
1847222,2024-03-26,social,mobile,India
3576656,2024-01-06,organic,desktop,India
1983160,2024-02-05,referral,mobile,Germany
4117085,2024-03-02,organic,mobile,Canada
4564294,2024-01-03,organic,mobile,India
3439446,2024-02-22,ads,mobile,India
1779973,2024-02-16,organic,tablet,Germany
4284353,2024-03-18,organic,mobile,India
2378333,2024-01-08,organic,mobile,Canada
4112420,2024-01-08,email,desktop,India
4979059,2024-02-07,email,mobile,India
1564921,2024-02-15,email,mobile,USA
2719915,2024-01-16,organic,tablet,India
1945903,2024-01-17,referral,desktop,India
2710592,2024-01-29,organic,desktop,India
4940618,2024-01-11,organic,mobile,Australia
4963091,2024-01-25,email,desktop,India
1388594,2024-01-18,organic,mobile,India
1512491,2024-01-22,email,mobile,India
4916617,2024-01-09,ads,mobile,Canada
2851999,2024-04-06,ads,mobile,India
2759972,2024-02-04,ads,desktop,India
3139019,2024-01-15,organic,desktop,India
3528013,2024-08-27,social,desktop,UK
1592759,2024-01-04,email,mobile,India
1422629,2024-03-01,ads,mobile,India
4327139,2024-05-07,organic,mobile,USA
2460172,2024-01-30,organic,mobile,India
3717126,2024-03-02,referral,mobile,Australia
3894773,2024-12-05,ads,desktop,India
1854730,2024-04-04,email,desktop,India
3034136,2024-03-17,email,mobile,Germany
4734441,2024-03-18,ads,desktop,Germany
2400079,2024-01-18,ads,mobile,India
3879337,2024-07-10,email,desktop,UK
4869672,2024-02-10,organic,mobile,UK
3775186,2024-01-19,organic,mobile,USA
1604031,2024-07-13,ads,tablet,India
2272235,2024-02-28,email,mobile,USA
3582630,2024-11-04,ads,desktop,India
3472621,2024-05-03,organic,mobile,UK
3251549,2024-02-13,ads,desktop,India
3797356,2024-04-24,organic,mobile,Canada
1945767,2024-05-28,ads,tablet,UK
2777198,2024-01-06,ads,mobile,India
1533232,2024-07-06,organic,tablet,India
3549558,2024-05-21,email,mobile,India
4590189,2024-02-16,email,desktop,India
4234780,2024-05-13,organic,desktop,UK
3089428,2024-02-29,organic,desktop,USA
3476916,2024-01-02,email,mobile,India
1867235,2024-04-10,referral,mobile,UK
1729100,2024-03-26,organic,mobile,India
3255626,2024-03-28,referral,tablet,India
3559181,2024-01-21,ads,mobile,USA
3240402,2024-01-27,organic,mobile,India
4176232,2024-01-07,organic,mobile,India
1976410,2024-06-26,social,mobile,Canada
1834476,2024-03-28,email,tablet,Canada
3833445,2024-01-12,organic,mobile,India
4560307,2024-03-23,organic,mobile,USA
4833344,2024-07-11,organic,mobile,India
3804016,2024-02-18,ads,mobile,USA
1846371,2024-01-30,organic,mobile,USA
3114597,2024-01-30,ads,tablet,India
4716832,2024-01-19,referral,desktop,India
4359824,2024-04-24,social,mobile,India
1386226,2024-07-20,ads,desktop,UK
4814120,2024-01-10,email,desktop,UK
3036102,2024-08-09,social,mobile,India
3854050,2024-02-05,organic,mobile,USA
3319185,2024-04-05,ads,tablet,India
3824941,2024-02-27,organic,tablet,USA
2817351,2024-01-03,organic,mobile,USA
4417211,2024-06-04,organic,mobile,India
2730073,2024-02-08,organic,mobile,India
4980794,2024-01-04,ads,mobile,India
2517864,2024-01-26,referral,tablet,Canada
4823303,2024-03-26,organic,desktop,India
2872165,2024-02-29,ads,desktop,Canada
2874534,2024-04-26,organic,tablet,India
4198866,2024-01-15,organic,desktop,India
2408084,2024-01-22,organic,mobile,Canada
4992726,2024-03-02,ads,mobile,India
1159348,2024-01-07,organic,mobile,India
3075746,2024-03-31,email,mobile,Australia
1199056,2024-02-05,organic,desktop,India
4575472,2024-01-11,referral,desktop,UK
1452870,2024-01-03,organic,mobile,India
2388377,2024-03-10,organic,mobile,India
1816163,2024-02-08,referral,mobile,India
1735069,2024-01-06,organic,mobile,USA
3525445,2024-01-15,ads,mobile,USA
1534109,2024-02-12,organic,desktop,USA
1898821,2024-03-29,ads,desktop,India
3177299,2024-02-10,referral,desktop,Australia
4287253,2024-02-09,email,mobile,India
2653206,2024-02-09,organic,mobile,India
2811738,2024-01-09,social,mobile,India
3140089,2024-05-25,organic,tablet,USA
1740713,2024-02-26,referral,tablet,India
4749408,2024-03-09,organic,tablet,USA
2106726,2024-05-24,ads,mobile,USA
1917099,2024-02-04,organic,mobile,Canada
2475718,2024-08-07,organic,tablet,Germany
2594123,2024-01-29,social,desktop,Germany
2840684,2024-03-05,organic,mobile,USA
4578893,2024-02-12,organic,mobile,Australia
2594153,2024-03-10,ads,desktop,India
3843534,2024-05-30,organic,desktop,Canada
3928091,2024-01-05,organic,desktop,USA
4872399,2024-04-03,organic,tablet,India
2488357,2024-03-12,organic,mobile,India
2241414,2024-01-03,ads,mobile,UK
1830128,2024-04-02,ads,mobile,USA
2515372,2024-01-17,organic,desktop,India
2715875,2024-02-09,ads,desktop,India
3493078,2024-06-21,organic,mobile,Canada
3565631,2024-01-18,organic,mobile,USA
1694971,2024-03-05,organic,mobile,USA
4851223,2024-06-20,referral,mobile,India
2711806,2024-02-14,organic,mobile,UK
3895515,2024-01-04,organic,mobile,Canada
3515875,2024-04-02,social,desktop,India
3135377,2024-01-06,social,mobile,USA
3931331,2024-04-13,ads,mobile,India
2790727,2024-06-04,ads,mobile,Germany
2408206,2024-05-26,ads,desktop,India
3556072,2024-01-15,organic,desktop,India
4390490,2024-04-03,ads,mobile,UK
4854993,2024-01-27,organic,mobile,India
3704697,2024-01-16,referral,mobile,Germany
3942769,2024-01-10,organic,mobile,USA
1167334,2024-01-23,organic,tablet,Canada
4343226,2024-02-01,organic,desktop,India
4101460,2024-05-01,email,mobile,USA
2427926,2024-01-17,organic,mobile,USA
3445183,2024-01-07,ads,mobile,Canada
3610967,2024-01-12,organic,mobile,UK
2940747,2024-03-12,organic,desktop,India
4084865,2024-05-10,ads,desktop,USA
3595136,2024-04-03,ads,mobile,India
2929969,2024-01-26,organic,mobile,Germany
4969399,2024-01-05,organic,mobile,UK
1681109,2024-01-07,ads,mobile,USA
4784876,2024-04-16,ads,mobile,Germany
1144922,2024-02-27,email,mobile,India
1455155,2024-02-12,ads,mobile,USA
2394141,2024-03-01,ads,tablet,Germany
1249113,2024-05-19,organic,mobile,India
2798988,2024-02-01,ads,mobile,India
1400048,2024-03-22,ads,desktop,Germany
2998949,2024-01-06,ads,desktop,USA
1887898,2024-01-02,organic,tablet,UK
4041427,2024-03-18,organic,mobile,USA
1899598,2024-02-03,organic,mobile,India
3110706,2024-01-30,organic,mobile,India
4534781,2024-04-09,ads,mobile,India
2816498,2024-01-13,ads,tablet,USA
2733181,2024-03-31,ads,mobile,India
4954112,2024-02-02,organic,mobile,India
4723523,2024-01-07,ads,mobile,USA
2513358,2024-01-20,ads,mobile,India
2653958,2024-01-08,organic,mobile,UK
3837757,2024-01-07,organic,mobile,USA
2166432,2024-02-16,organic,tablet,India
1447816,2024-02-05,referral,mobile,India
4448414,2024-02-03,organic,mobile,USA
2929502,2024-03-13,organic,mobile,India
3085909,2024-04-17,organic,desktop,India
2937209,2024-04-13,email,mobile,India
3620947,2024-01-03,organic,mobile,India
2101036,2024-01-18,email,mobile,USA
3888772,2024-01-09,referral,desktop,India
1024506,2024-01-02,email,desktop,India
1674679,2024-04-29,referral,mobile,India
2578607,2024-01-02,organic,mobile,USA
2836606,2024-01-27,referral,mobile,Canada
2280914,2024-03-20,organic,mobile,India
4866938,2024-01-30,referral,mobile,India
3438059,2024-02-15,email,desktop,India
2792560,2024-01-10,organic,tablet,India
4681429,2024-01-07,referral,mobile,India
2297374,2024-01-28,referral,desktop,USA
1017062,2024-02-14,organic,desktop,India
1147428,2024-04-06,ads,desktop,India
4360425,2024-01-03,organic,mobile,Canada
1220930,2024-02-09,organic,mobile,India
3051486,2024-01-05,organic,mobile,Australia
4746144,2024-01-03,ads,mobile,USA
4027870,2024-05-21,social,mobile,USA
3086828,2024-04-28,email,mobile,Germany
2226371,2024-01-11,email,desktop,India
4566206,2024-06-03,organic,mobile,India
3804686,2024-10-23,ads,mobile,Australia
4628131,2024-04-30,organic,mobile,India
1347295,2024-01-16,organic,tablet,Australia
4498275,2024-01-12,referral,tablet,UK
4713601,2024-02-16,organic,mobile,USA
3375907,2024-01-26,ads,desktop,India
1669889,2024-06-08,referral,desktop,USA
4538543,2024-01-01,organic,mobile,India
2509950,2024-02-24,ads,desktop,India
2023500,2024-01-02,referral,desktop,India
2530098,2024-03-27,ads,mobile,Canada
3963041,2024-03-22,organic,mobile,UK
4524223,2024-01-27,email,desktop,India
2963207,2024-01-16,organic,tablet,India
2254959,2024-04-02,organic,mobile,India
1136426,2024-02-03,organic,desktop,India
4087039,2024-08-21,social,mobile,USA
4042095,2024-01-11,organic,mobile,India
4019439,2024-01-02,organic,mobile,India
2283912,2024-05-17,ads,mobile,USA
3598067,2024-01-07,organic,mobile,USA
3729287,2024-04-19,ads,mobile,India
3879709,2024-02-29,organic,mobile,USA
2646658,2024-01-06,organic,desktop,USA
2782892,2024-01-06,ads,mobile,USA
3846611,2024-04-05,ads,desktop,Canada
3996532,2024-02-11,email,desktop,Canada
1070680,2024-03-26,referral,mobile,Canada
4041019,2024-04-04,referral,desktop,Germany
4718775,2024-04-08,organic,mobile,Australia
1179143,2024-03-18,email,mobile,India
1204219,2024-02-04,referral,desktop,India
3875680,2024-01-05,email,mobile,India
4631714,2024-02-13,email,mobile,Germany
3784952,2024-01-21,ads,desktop,India
3890155,2024-03-16,ads,mobile,India
4118605,2024-03-19,organic,mobile,India
3433342,2024-01-18,ads,desktop,India
1685912,2024-02-28,organic,mobile,India
2958505,2024-01-04,ads,desktop,Canada
4129375,2024-02-21,organic,tablet,India
2221581,2024-02-17,organic,desktop,India
4861955,2024-02-20,ads,desktop,Canada
3815685,2024-01-26,ads,desktop,India
4358731,2024-02-20,ads,mobile,India
4855395,2024-01-03,email,mobile,India
1881204,2024-06-23,ads,mobile,India
4275917,2024-01-15,organic,desktop,UK
3485134,2024-01-04,referral,desktop,UK
4632989,2024-02-13,ads,mobile,USA
2124890,2024-03-05,organic,desktop,USA
1575941,2024-02-05,organic,mobile,India
2021558,2024-01-11,organic,mobile,UK
4331097,2024-01-01,ads,desktop,India
2611051,2024-12-23,ads,tablet,India
3311344,2024-04-29,organic,mobile,India
1009745,2024-02-23,organic,tablet,Australia
2219368,2024-04-16,referral,mobile,USA
4903492,2024-05-26,organic,desktop,UK
2403318,2024-02-20,ads,mobile,UK
4868921,2024-02-08,organic,mobile,Canada
4230020,2024-04-17,email,desktop,India
3298519,2024-01-28,organic,mobile,India
3190986,2024-01-04,organic,mobile,UK
4095778,2024-03-15,ads,mobile,India
4716560,2024-01-19,organic,mobile,India
2863117,2024-02-18,referral,mobile,UK
1844842,2024-02-13,social,mobile,USA
3489819,2024-01-11,organic,mobile,USA
3309767,2024-03-20,ads,mobile,Canada
1324805,2024-01-05,organic,mobile,USA
1341285,2024-02-04,email,desktop,USA
1346961,2024-01-05,organic,desktop,Germany
2149091,2024-03-11,organic,mobile,India
1778482,2024-03-14,organic,mobile,Canada
3179147,2024-06-30,organic,mobile,UK
4745983,2024-01-02,ads,mobile,Germany
3942910,2024-02-17,ads,mobile,USA
3880121,2024-03-12,organic,desktop,Germany
4739132,2024-03-01,organic,desktop,USA
1397220,2024-02-25,organic,mobile,India
1384806,2024-03-24,ads,mobile,UK
2675182,2024-04-08,referral,mobile,India
1544862,2024-01-08,organic,mobile,UK
4194973,2024-02-24,referral,mobile,Germany
3892775,2024-03-02,email,mobile,USA
3160118,2024-04-24,social,mobile,India
2749635,2024-01-08,ads,mobile,India
4494665,2024-01-04,referral,mobile,India
3015873,2024-01-13,ads,desktop,India
2661173,2024-03-31,organic,mobile,Germany
3252928,2024-03-02,ads,desktop,USA
4582856,2024-01-11,organic,mobile,USA
4405298,2024-02-02,referral,desktop,India
1831169,2024-01-22,organic,desktop,India
2957787,2024-02-04,organic,tablet,India
1491085,2024-02-03,organic,desktop,Australia
2242270,2024-03-04,email,desktop,India
1367313,2024-08-09,organic,mobile,India
4286766,2024-01-01,organic,desktop,India
4239257,2024-05-17,referral,mobile,India
4932215,2024-02-16,ads,mobile,India
2901782,2024-01-26,social,mobile,UK
3038102,2024-02-23,organic,mobile,India
1402761,2024-01-03,organic,tablet,India
2601941,2024-03-19,organic,tablet,UK
4159240,2024-02-13,ads,desktop,UK
2400895,2024-09-07,organic,desktop,UK
1823973,2024-01-03,organic,mobile,India
1941775,2024-02-01,organic,mobile,Canada
3522044,2024-01-25,organic,mobile,India
1987959,2024-01-30,ads,mobile,Germany
3482256,2024-02-15,organic,mobile,India
4666290,2024-01-20,organic,mobile,USA
1066635,2024-01-11,organic,mobile,USA
4496992,2024-01-27,organic,desktop,Canada
2072603,2024-03-28,ads,mobile,India
4427316,2024-01-19,referral,desktop,USA
3340580,2024-01-23,organic,tablet,Canada
3484052,2024-03-13,organic,desktop,UK
2146123,2024-01-10,email,mobile,Canada
4846434,2025-01-18,email,mobile,USA
1080320,2024-01-01,referral,desktop,USA
1110346,2024-01-25,ads,desktop,Australia
3359029,2024-06-29,organic,desktop,USA
4665211,2024-08-14,organic,mobile,India
4108809,2024-02-29,organic,desktop,India
4449572,2024-04-02,email,desktop,USA
1543554,2024-02-17,organic,desktop,India
4215473,2024-02-05,organic,mobile,USA
3097846,2024-05-03,email,desktop,India
4237698,2024-01-28,organic,tablet,India
3913761,2024-03-10,ads,desktop,USA
2744846,2024-04-13,ads,mobile,Canada
1426584,2024-01-20,ads,mobile,India
2025480,2024-01-09,social,mobile,India
4933999,2024-02-22,email,mobile,Canada
2244135,2024-04-13,ads,mobile,India
3294532,2024-02-23,referral,desktop,India
4741383,2024-03-04,organic,tablet,UK
1195970,2024-05-11,ads,mobile,India
3310288,2024-03-01,organic,desktop,USA
2836946,2024-03-06,ads,desktop,UK
2551985,2024-03-04,ads,mobile,USA
1121138,2024-03-31,organic,mobile,India
4972370,2024-09-14,organic,mobile,UK
2067673,2024-01-17,referral,mobile,UK
4610110,2024-05-10,ads,desktop,India
2841298,2024-01-06,ads,desktop,UK
3992891,2024-01-20,organic,mobile,India
2505939,2024-07-01,organic,desktop,India
3428549,2024-05-21,ads,desktop,India
2588295,2024-01-18,ads,mobile,Germany
2583384,2024-02-20,organic,mobile,India
3569069,2024-01-18,ads,desktop,USA
3581935,2024-06-27,organic,mobile,India
4251628,2024-03-26,referral,desktop,India
3493302,2024-06-15,referral,mobile,India
3331171,2024-01-03,organic,mobile,India
1674534,2024-03-18,email,desktop,Germany
1303973,2024-01-14,ads,mobile,USA
2784827,2024-08-18,organic,mobile,India
3256699,2024-04-13,organic,mobile,USA
4750707,2024-02-13,email,mobile,USA
4196051,2024-03-19,organic,desktop,UK
2199355,2024-07-21,referral,tablet,India
4765495,2024-04-01,ads,mobile,India
4373548,2024-01-21,email,mobile,USA
2835323,2024-01-02,organic,tablet,India
4106917,2024-02-14,ads,desktop,India
4676050,2024-01-23,organic,mobile,India
3514667,2024-01-18,ads,mobile,Australia
2011631,2024-01-10,ads,mobile,Canada
4389256,2024-02-09,organic,desktop,Germany
4003941,2024-04-18,organic,mobile,Germany
4653976,2024-02-02,organic,mobile,India
2700063,2024-01-19,email,tablet,Germany
2995594,2024-02-21,referral,mobile,India
4688460,2024-04-16,ads,mobile,UK
3466784,2024-04-22,organic,desktop,Germany
3092397,2024-01-08,referral,mobile,India
2671424,2024-01-03,ads,desktop,USA
1065634,2024-01-05,organic,mobile,Canada
4442240,2024-03-01,organic,tablet,India
1449078,2024-01-24,organic,mobile,India
3402868,2024-02-23,organic,desktop,USA
2085363,2024-06-30,ads,mobile,India
3301375,2024-02-07,organic,mobile,India
3391895,2024-01-06,organic,tablet,India
3012560,2024-03-23,ads,tablet,USA
2966962,2024-04-02,ads,mobile,India
4951708,2024-01-15,organic,mobile,USA
4109267,2024-09-03,ads,desktop,USA
3308298,2024-06-21,organic,desktop,USA
3016475,2024-02-12,organic,mobile,India
4113711,2024-02-13,email,mobile,USA
1892713,2024-01-05,ads,mobile,India
1540419,2024-03-23,organic,desktop,Canada
1206821,2024-02-12,referral,mobile,India
3671021,2024-08-08,ads,mobile,India
1308566,2024-01-31,ads,mobile,USA
2097718,2024-03-19,ads,desktop,India
4819580,2024-02-05,organic,mobile,USA
1183205,2024-01-13,organic,desktop,USA
3549844,2024-02-02,email,mobile,India
1162269,2024-11-01,ads,tablet,India
2349284,2024-03-29,ads,mobile,Canada
2935615,2024-01-10,organic,desktop,Germany
3435948,2024-01-06,organic,desktop,USA
3525756,2024-06-17,organic,mobile,UK
4731702,2024-01-08,organic,tablet,UK
1950742,2024-03-09,organic,desktop,India
3962074,2024-05-06,ads,mobile,India
4949270,2024-02-03,referral,desktop,Germany
4547951,2024-01-27,organic,desktop,India
1973806,2024-05-24,organic,desktop,USA
1651076,2024-01-22,social,mobile,UK
1256008,2024-04-12,email,desktop,Australia
4399165,2024-01-06,organic,mobile,India
1884002,2024-01-04,email,mobile,India
4215370,2024-01-13,ads,mobile,India
2589003,2024-01-16,organic,mobile,India
4045507,2024-01-01,organic,mobile,USA
3260684,2024-02-04,email,desktop,India
1971587,2024-03-15,ads,mobile,Germany
1662948,2024-03-30,organic,desktop,India
3755857,2024-03-31,email,mobile,Australia
1011212,2024-01-09,organic,mobile,India
1672037,2024-04-13,referral,desktop,India
2687250,2024-02-09,referral,mobile,India
3634216,2024-01-03,organic,mobile,UK
3204759,2024-01-09,organic,mobile,India
2376345,2024-01-07,organic,mobile,Canada
4934637,2024-07-14,email,desktop,India
4946298,2024-04-05,organic,desktop,India
2224764,2024-02-08,organic,mobile,Germany
1107560,2024-01-06,organic,desktop,India
1243145,2024-02-24,organic,desktop,UK
3362966,2024-04-30,organic,mobile,UK
3315925,2024-03-19,referral,mobile,Germany
4305016,2024-03-27,organic,mobile,Australia
3813439,2024-03-18,organic,mobile,India
1240215,2024-01-01,email,mobile,USA
1943734,2024-01-10,organic,mobile,USA
4780038,2024-03-03,organic,tablet,India
2640813,2024-04-27,ads,desktop,UK
3630462,2024-02-17,organic,mobile,India
2549362,2024-06-05,social,mobile,Germany
3309263,2024-06-20,ads,mobile,Canada
2547831,2024-02-28,ads,mobile,USA
2727497,2024-03-28,ads,desktop,India
4663627,2024-06-14,organic,desktop,India
1507030,2024-01-17,email,desktop,USA
2094361,2024-09-24,organic,mobile,USA
1370389,2024-01-04,referral,desktop,USA
2570449,2024-03-14,referral,mobile,UK
1680082,2024-03-13,social,mobile,India
4649262,2024-01-20,email,desktop,India
3495046,2024-03-10,ads,mobile,UK
4416596,2024-01-09,organic,desktop,Canada
4186948,2024-04-15,ads,mobile,Canada
1260806,2024-01-11,organic,mobile,India
4939865,2024-06-28,ads,mobile,Germany
1854779,2024-04-03,social,desktop,India
3354907,2024-04-05,ads,mobile,USA
2321655,2024-01-04,email,mobile,Australia
1724085,2024-01-24,ads,mobile,India
4550677,2024-02-09,social,mobile,India
2763092,2024-04-22,referral,mobile,India
3000498,2024-01-30,ads,desktop,Canada
4556068,2024-03-17,organic,mobile,UK
3745609,2024-05-09,organic,mobile,India
2680932,2024-01-17,organic,mobile,USA
1981361,2024-01-17,social,mobile,India
1252172,2024-02-08,ads,mobile,India
2308906,2024-01-23,ads,mobile,India
1356222,2024-01-30,ads,mobile,India
3983884,2024-01-16,organic,mobile,India
1739573,2024-03-18,organic,desktop,India
1653217,2024-03-11,email,mobile,Germany
1037839,2024-01-19,organic,mobile,India
2987496,2024-01-09,organic,desktop,USA
4110996,2024-07-17,email,mobile,India
4486121,2024-06-07,ads,tablet,USA
3143578,2024-01-17,ads,desktop,USA
1145317,2024-02-09,organic,desktop,Germany
3712469,2024-07-27,organic,desktop,Australia
4667205,2024-03-28,ads,mobile,India
1818821,2024-04-19,email,mobile,Germany
1714113,2024-02-14,referral,mobile,Australia
3661989,2024-01-31,organic,mobile,Australia
1294117,2024-01-24,email,mobile,UK
3730749,2024-01-04,ads,mobile,India
2289088,2024-01-08,ads,desktop,India
2901976,2024-02-20,ads,desktop,UK
4805910,2024-03-11,ads,mobile,India
2627694,2024-01-08,organic,desktop,India
4608833,2024-01-18,ads,tablet,India
4034024,2024-03-16,ads,mobile,Canada
2639476,2024-01-09,organic,desktop,India
2559505,2024-01-17,organic,desktop,UK
1440330,2024-02-09,organic,desktop,UK
1350719,2024-03-04,organic,mobile,USA
4162128,2024-01-30,social,mobile,India
3962792,2024-06-07,ads,mobile,India
3878270,2024-07-24,ads,desktop,USA
1907681,2024-03-30,organic,mobile,India
2225356,2024-02-06,social,mobile,India
2852823,2024-01-16,ads,tablet,India
3942974,2024-02-02,email,mobile,USA
1887289,2024-11-04,organic,tablet,India
1727855,2024-01-20,ads,desktop,India
2826364,2024-02-07,ads,mobile,India
1013073,2024-01-10,ads,mobile,India
2208944,2025-09-03,organic,desktop,India
3167791,2024-05-12,ads,desktop,India
2798613,2024-02-07,ads,mobile,USA
3133709,2024-01-23,organic,mobile,India
1937802,2024-04-09,ads,tablet,India
3348987,2024-01-29,social,desktop,USA
3729530,2024-02-17,organic,mobile,India
4360185,2024-02-03,ads,tablet,UK
2716085,2024-01-12,organic,mobile,Australia
1656020,2024-01-20,organic,mobile,India
4445079,2024-02-16,ads,mobile,USA
3121763,2024-01-02,organic,mobile,USA
4855939,2024-03-28,ads,desktop,Canada
3529022,2024-04-25,organic,mobile,India
2090700,2024-03-09,organic,mobile,Germany
1159682,2024-01-09,organic,mobile,Australia
1517671,2024-02-23,ads,desktop,India
3785729,2024-03-12,organic,desktop,India
3758461,2024-06-14,organic,desktop,India
4296654,2024-01-14,ads,mobile,USA
1899474,2024-02-11,referral,desktop,UK
3790581,2024-01-20,ads,desktop,India
4814153,2024-05-09,organic,mobile,USA
4656847,2024-02-18,organic,mobile,Germany
4093316,2024-01-07,organic,desktop,India
4597714,2024-01-09,ads,mobile,India
3621899,2024-02-10,organic,mobile,India
3070457,2024-02-06,referral,mobile,India
2144096,2024-02-16,organic,mobile,India
3577118,2024-04-18,organic,mobile,USA
4172973,2024-03-30,organic,mobile,India
4366211,2024-03-22,email,mobile,India
2712751,2024-03-19,ads,mobile,Germany
4035934,2024-01-09,organic,mobile,India
4676530,2024-07-02,organic,mobile,Germany
2445934,2024-06-17,organic,mobile,USA
1427589,2024-01-15,ads,desktop,India
2755940,2024-02-29,organic,mobile,Canada
1996264,2024-01-02,organic,tablet,UK
1281457,2024-05-07,social,mobile,USA
1422818,2024-04-14,organic,mobile,India
1726335,2024-01-16,ads,mobile,India
1501764,2024-01-03,ads,desktop,UK
1347450,2024-01-31,email,desktop,UK
3581700,2024-01-07,social,desktop,USA
4236709,2024-03-14,organic,desktop,Australia
3196771,2024-01-27,email,mobile,India
4713866,2024-01-03,organic,desktop,UK
3710967,2024-01-01,organic,tablet,Germany
1892165,2024-01-25,organic,mobile,India
1800040,2024-03-16,organic,mobile,India
2300298,2024-01-19,organic,desktop,India
4932976,2024-01-15,social,mobile,Australia
4409015,2024-01-22,organic,mobile,UK
3412575,2024-03-02,organic,mobile,USA
2461600,2024-02-04,email,tablet,Germany
3364220,2024-01-05,social,mobile,Canada
4232344,2024-01-30,email,mobile,India
3570065,2024-07-03,referral,mobile,Australia
4409243,2024-03-23,organic,desktop,India
2189006,2024-01-22,ads,mobile,USA
3048504,2024-02-01,social,mobile,India
2888568,2024-03-06,organic,desktop,India
1315485,2024-02-16,social,mobile,India
1165563,2024-02-22,organic,mobile,Canada
2708634,2024-03-25,organic,mobile,Canada
1096468,2024-03-15,referral,tablet,India
2462900,2024-05-05,organic,mobile,India
2640349,2024-01-06,ads,desktop,USA
4625203,2024-01-14,organic,mobile,UK
3988099,2024-04-04,ads,mobile,India
1713726,2024-01-29,organic,tablet,Canada
4044196,2024-01-03,organic,desktop,Canada
3081178,2024-05-01,ads,mobile,UK
4361575,2024-05-09,organic,mobile,Germany
3938036,2024-04-06,email,mobile,USA
4263003,2024-02-10,organic,mobile,UK
2181492,2024-03-11,ads,mobile,Germany
3002240,2024-09-15,organic,mobile,India
1716862,2024-03-24,ads,desktop,Canada
3459268,2024-03-08,email,tablet,USA
4431841,2024-01-13,referral,mobile,India
3633910,2024-01-20,organic,mobile,India
1808470,2024-01-14,email,desktop,Germany
4313303,2024-01-20,organic,mobile,India
4395316,2024-08-08,ads,mobile,India
1877620,2024-02-02,organic,mobile,India
4964010,2024-02-29,email,mobile,USA
1926202,2024-01-15,referral,desktop,UK
2055693,2024-01-13,ads,desktop,USA
2010872,2024-02-07,ads,desktop,Australia
2821553,2024-01-04,email,mobile,India
1837167,2024-01-31,ads,tablet,India
4858961,2024-04-17,ads,mobile,India
1499333,2024-02-26,organic,tablet,India
1185681,2024-07-31,organic,mobile,India
1862862,2024-04-24,organic,tablet,India
4060157,2024-02-17,organic,mobile,India
3712780,2024-03-14,organic,mobile,India
4515073,2024-01-19,ads,tablet,India
2541761,2024-01-03,ads,mobile,USA
4700642,2024-02-12,referral,tablet,UK
1204593,2024-12-05,email,mobile,India
2755298,2024-01-23,organic,mobile,Canada
1200611,2024-05-14,organic,tablet,UK
1211522,2024-01-10,organic,mobile,USA
4086234,2024-01-22,email,mobile,India
2021757,2024-05-04,referral,desktop,India
1128116,2024-02-18,organic,desktop,USA
4512816,2024-01-12,ads,tablet,India
3758310,2024-01-04,ads,mobile,Germany
4010842,2024-01-07,ads,mobile,USA
4295616,2024-03-18,organic,desktop,India
2995895,2024-01-18,organic,mobile,India
1383338,2024-09-06,referral,mobile,USA
4539504,2024-01-06,organic,mobile,USA
3713670,2024-02-07,ads,mobile,India
3294214,2024-01-21,ads,desktop,India
2318034,2024-04-11,organic,mobile,India
2857881,2024-01-03,organic,mobile,India
3263735,2024-02-16,organic,mobile,India
3741530,2024-01-09,organic,mobile,USA
3228099,2024-07-12,organic,mobile,Australia
2457384,2024-01-29,referral,desktop,India
3500939,2024-01-14,ads,desktop,UK
3773295,2024-01-05,ads,mobile,UK
3658468,2024-02-09,ads,mobile,USA
1950284,2024-03-02,ads,desktop,India
1490032,2024-08-12,referral,desktop,Canada
3345023,2024-01-11,ads,desktop,India
2997178,2024-02-04,organic,mobile,India
3962930,2024-02-01,email,desktop,India
2346538,2024-01-16,referral,mobile,UK
4327839,2024-04-23,ads,mobile,Canada
2514609,2024-01-02,organic,mobile,Australia
1114595,2024-06-11,social,mobile,UK
1628411,2024-01-03,organic,desktop,India
3984864,2024-02-13,email,tablet,India
3038062,2024-01-18,ads,desktop,Germany
4547825,2024-01-26,ads,mobile,India
1763235,2024-01-13,social,mobile,UK
1290024,2024-02-04,social,desktop,India
3599159,2024-06-02,social,desktop,USA
2609728,2024-01-24,organic,mobile,India
4602411,2024-08-03,ads,mobile,Germany
4371015,2024-02-12,organic,desktop,USA
1590978,2024-04-03,email,desktop,Germany
2836766,2024-03-27,email,desktop,UK
1773246,2024-01-31,referral,desktop,USA
2504034,2024-01-21,organic,mobile,India
1009581,2024-03-01,organic,desktop,USA
4338366,2024-03-24,email,mobile,India
4753773,2024-01-10,email,mobile,India
1227930,2024-02-09,organic,mobile,India
1798537,2024-04-21,email,mobile,Germany
3822085,2024-01-19,organic,mobile,USA
4650369,2024-05-09,referral,desktop,Canada
1216459,2024-02-13,organic,mobile,India
1197943,2024-01-05,referral,desktop,India
2126481,2024-02-28,organic,tablet,India
3230877,2024-04-02,organic,mobile,India
2951473,2024-01-10,organic,mobile,Canada
1265042,2024-01-07,ads,mobile,USA
2916597,2024-01-04,organic,tablet,India
4962271,2024-02-20,organic,mobile,Australia
1755142,2024-05-03,referral,mobile,USA
2295818,2024-02-02,social,tablet,Canada
4724531,2024-03-20,organic,tablet,India
3742041,2024-04-27,organic,tablet,Canada
3447490,2024-02-05,ads,mobile,India
4770864,2024-01-01,referral,mobile,UK
1050697,2024-01-12,organic,desktop,USA
4527488,2024-06-01,organic,tablet,Germany
4458182,2024-01-18,organic,mobile,India
4321499,2024-01-21,referral,desktop,UK
1908970,2024-02-05,referral,mobile,India
3550276,2024-06-13,social,mobile,UK
2909550,2024-02-21,organic,mobile,India
3450010,2024-04-30,organic,mobile,India
3532603,2024-01-15,referral,mobile,India
1940221,2024-01-10,organic,tablet,Australia
2766945,2024-03-05,organic,mobile,USA
4565381,2024-07-08,social,mobile,Australia
1275278,2024-01-15,ads,mobile,India
1797307,2024-01-11,referral,tablet,USA
4739431,2024-04-05,organic,desktop,Germany
3797430,2024-01-10,referral,mobile,India
4649804,2024-03-11,organic,mobile,UK
2790603,2024-04-19,organic,mobile,UK
2757050,2024-01-22,ads,mobile,India
1965935,2024-01-23,organic,mobile,USA
4481944,2024-06-16,ads,desktop,India
1437209,2024-02-22,social,mobile,Germany
1038975,2024-02-04,email,desktop,India
2185001,2024-02-10,organic,mobile,India
4230610,2024-09-26,email,mobile,India
4578668,2024-01-26,ads,mobile,India
3404695,2024-03-15,referral,mobile,India
4849876,2024-02-28,referral,mobile,India
1142864,2024-07-29,ads,tablet,UK
3610213,2024-05-15,organic,desktop,UK
2722109,2024-01-11,ads,mobile,Australia
3773423,2024-03-01,organic,mobile,USA
3136813,2024-02-26,ads,desktop,USA
4587074,2024-01-08,organic,tablet,USA
2077331,2024-06-22,organic,mobile,USA
4297068,2024-03-20,ads,mobile,India
3796466,2024-01-06,organic,mobile,India
2223907,2024-02-14,ads,mobile,India
1704546,2024-01-20,ads,desktop,India
2737711,2024-02-15,ads,mobile,India
1537335,2024-02-13,ads,mobile,Australia
4513198,2024-02-20,email,mobile,India
1312122,2024-01-12,ads,mobile,USA
3467254,2024-02-01,referral,tablet,India
2769169,2024-03-08,email,mobile,Canada
1668691,2024-02-09,organic,desktop,India
1319388,2024-02-19,social,mobile,Canada
2928440,2024-01-14,organic,tablet,Germany
4490937,2024-04-19,social,mobile,UK
3306585,2024-02-25,organic,desktop,India
1788233,2024-01-09,organic,desktop,Germany
1380617,2024-02-03,organic,mobile,India
4622408,2024-07-18,organic,mobile,India
3664612,2024-01-11,organic,tablet,India
4194948,2024-01-04,organic,desktop,India
2530810,2024-03-22,referral,mobile,USA
3111532,2024-01-22,organic,mobile,USA
1136199,2024-01-05,referral,tablet,India
3655372,2024-01-30,organic,mobile,Germany
1837235,2024-04-04,organic,mobile,USA
2824144,2024-01-02,referral,mobile,India
3074591,2024-03-16,organic,mobile,Australia
1190227,2024-01-11,organic,desktop,Australia
2089263,2024-03-01,social,mobile,India
3096602,2024-03-12,ads,mobile,India
4711437,2024-03-09,ads,mobile,India
2525383,2024-02-23,organic,tablet,India
4146284,2024-02-12,ads,mobile,India
4274327,2024-03-15,organic,tablet,USA
2365394,2024-01-24,organic,mobile,Canada
3867381,2024-09-16,organic,desktop,Germany
4009347,2024-03-09,organic,mobile,USA
3336653,2024-03-23,ads,desktop,Germany
1134991,2024-01-10,organic,mobile,India
1711054,2024-03-02,organic,desktop,India
2111724,2024-01-05,referral,mobile,India
1068950,2024-03-05,email,mobile,India
1328662,2024-03-31,referral,desktop,India
3248126,2024-01-08,ads,mobile,USA
2627152,2024-01-07,organic,mobile,USA
1592065,2024-07-30,email,mobile,India
2467383,2024-02-24,referral,mobile,Germany
2673994,2024-01-16,ads,desktop,India
3723057,2024-06-22,email,mobile,India
1651224,2024-04-15,organic,mobile,Canada
1465252,2024-01-09,organic,desktop,Australia
1900325,2024-03-14,organic,tablet,India
2444849,2024-01-16,organic,tablet,India
4473766,2024-03-23,email,desktop,India
3404114,2024-03-30,referral,mobile,India
4659244,2024-03-05,referral,mobile,Canada
2485894,2024-01-30,referral,mobile,India
2816169,2024-05-09,email,mobile,Germany
3568051,2024-01-03,ads,tablet,India
2541939,2024-05-17,ads,mobile,Australia
2240217,2024-04-17,ads,mobile,India
1623056,2024-04-06,organic,desktop,Canada
1604742,2024-04-10,organic,mobile,India
4419936,2024-03-05,referral,mobile,India
4544604,2024-03-30,organic,mobile,India
1009910,2024-02-15,organic,mobile,India
1186839,2024-06-07,ads,tablet,India
3712870,2024-02-26,ads,tablet,India
2888901,2024-02-23,email,desktop,India
4249388,2024-01-21,referral,mobile,UK
4800323,2024-02-04,email,tablet,India
1565303,2024-01-24,ads,desktop,UK
3497823,2024-03-09,email,mobile,Australia
3323183,2024-02-17,organic,desktop,India
3401822,2024-01-16,social,mobile,India
1050511,2024-02-09,email,mobile,India
4406903,2024-03-16,ads,mobile,USA
3416397,2024-04-07,ads,desktop,India
3317580,2024-06-18,ads,desktop,Australia
4156363,2024-08-16,ads,mobile,India
3946745,2024-03-12,ads,desktop,India
1633623,2024-01-06,ads,mobile,USA
3574757,2024-06-23,email,mobile,USA
2127858,2024-01-08,organic,desktop,UK
2459447,2024-02-28,ads,desktop,Canada
1258908,2024-02-11,ads,desktop,USA
3481718,2024-01-01,organic,desktop,Canada
4279264,2024-02-10,ads,mobile,India
2667131,2024-05-18,organic,desktop,USA
2995562,2024-03-09,ads,mobile,India
2044722,2024-01-14,ads,tablet,Canada
1996970,2024-01-26,email,tablet,USA
3816309,2024-01-03,ads,mobile,India
1131416,2024-02-04,email,desktop,Australia
2605634,2024-01-04,ads,desktop,Australia
4426224,2024-02-08,organic,desktop,Germany
1693767,2024-03-30,social,desktop,UK
4457988,2024-01-23,organic,tablet,India
1144380,2024-01-23,email,mobile,Germany
1101751,2024-03-08,referral,mobile,India
2798342,2024-03-11,organic,desktop,India
4597401,2024-01-15,social,mobile,India
4802329,2024-02-09,social,desktop,India
3739329,2024-06-25,organic,desktop,India
3130155,2024-03-04,ads,mobile,India
3502889,2024-02-09,organic,mobile,USA
2389101,2024-01-29,ads,mobile,India
4752346,2024-01-12,social,mobile,India
1172083,2024-03-11,organic,tablet,India
2388007,2024-08-09,social,tablet,India
4334888,2024-02-01,organic,mobile,Australia
4861893,2024-03-20,organic,desktop,India
2913360,2024-09-20,organic,mobile,India
1293864,2024-01-15,social,tablet,India
3345172,2024-02-08,ads,desktop,India
3478557,2024-01-10,email,desktop,UK
1618333,2024-04-28,ads,mobile,India
2865577,2024-02-20,organic,mobile,India
1005270,2024-01-01,ads,mobile,UK
4159748,2024-01-20,ads,mobile,Canada
4412319,2024-02-06,organic,mobile,India
3826020,2024-06-08,organic,mobile,UK
3431394,2024-01-10,ads,mobile,UK
3065304,2024-01-05,organic,mobile,Canada
4933392,2024-01-21,organic,mobile,Canada
3277724,2024-03-30,ads,mobile,USA
3323032,2024-01-08,email,mobile,Canada
4203221,2024-02-09,organic,desktop,India
2234110,2024-02-03,ads,tablet,India
3723606,2024-02-12,organic,desktop,Germany
4157469,2024-03-01,social,desktop,UK
1812939,2024-02-10,ads,mobile,Australia
1286512,2024-02-15,referral,mobile,Australia
4704173,2024-01-30,organic,mobile,UK
4117753,2024-01-31,ads,mobile,India
2289882,2024-01-04,ads,mobile,India
1650703,2024-01-05,email,desktop,India
3202902,2024-02-01,ads,mobile,Germany
1855385,2024-01-20,organic,mobile,India
3641652,2024-01-04,organic,desktop,UK
3766678,2024-03-07,organic,desktop,USA
2352324,2024-05-15,email,mobile,India
4621333,2024-06-24,organic,desktop,India
3855754,2024-01-16,organic,mobile,India
2030522,2024-02-11,organic,mobile,USA
1530680,2024-07-27,ads,mobile,Australia
1277516,2024-01-28,email,mobile,India
1829414,2024-01-12,organic,mobile,Canada
4650819,2024-03-06,organic,mobile,Canada
1539469,2024-02-03,organic,desktop,UK
1262361,2024-02-26,referral,mobile,India
2876896,2024-01-10,ads,desktop,India
1771707,2024-02-22,social,tablet,India
2485256,2024-01-14,ads,desktop,USA
3680881,2024-01-06,organic,tablet,India
4923706,2024-08-13,ads,tablet,India
1924163,2024-01-20,social,desktop,Canada
3981350,2024-02-15,referral,mobile,Germany
3080664,2024-01-11,organic,mobile,Canada
2807860,2024-04-07,email,desktop,USA
4354476,2024-04-07,organic,desktop,India
1813033,2024-01-09,organic,mobile,USA
1463669,2024-01-04,organic,mobile,Germany
2403299,2024-01-06,organic,mobile,UK
1799457,2024-01-12,organic,mobile,India
4926242,2024-02-22,ads,mobile,UK
2161508,2024-02-09,ads,mobile,India
2011352,2024-01-19,organic,desktop,USA
3282221,2024-07-19,ads,mobile,India
4525682,2024-02-06,organic,desktop,India
3712224,2024-01-19,organic,mobile,Germany
4523878,2024-03-21,ads,desktop,India
4055916,2024-01-16,ads,mobile,UK
3455167,2024-03-29,ads,mobile,UK
3850490,2024-02-02,organic,desktop,India
4183063,2024-01-13,organic,mobile,India
3159131,2024-01-04,email,mobile,Germany
2469843,2024-02-25,referral,mobile,India
3131480,2024-04-04,organic,mobile,USA
2259350,2024-01-18,email,mobile,India
1354518,2024-01-19,organic,mobile,India
3349705,2024-01-17,ads,mobile,India
3763494,2024-11-24,ads,mobile,India
2213783,2024-04-01,email,mobile,USA
1776182,2024-03-16,organic,mobile,UK
4507350,2024-02-11,organic,mobile,India
4970945,2024-01-16,organic,mobile,India
2259143,2024-04-23,organic,desktop,Germany
2589058,2024-04-10,organic,mobile,USA
3615067,2024-01-20,ads,mobile,Germany
4196562,2024-02-15,organic,desktop,India
2949586,2024-01-08,organic,mobile,USA
1184803,2024-02-02,organic,mobile,India
2670356,2024-08-22,organic,desktop,India
4813910,2024-01-01,referral,desktop,UK
1810114,2024-02-20,organic,mobile,USA
2200593,2024-06-25,organic,mobile,Germany
3672430,2024-01-10,organic,desktop,USA
1686373,2024-01-01,organic,desktop,UK
2789872,2024-06-30,organic,desktop,India
2561576,2024-06-08,organic,mobile,India
3629522,2024-04-14,referral,mobile,India
1465293,2024-03-30,organic,mobile,USA
4488817,2024-01-15,ads,desktop,USA
2546962,2024-01-16,organic,mobile,India
2552984,2024-04-13,organic,mobile,Australia
3759006,2024-04-01,ads,mobile,India
3973699,2024-01-02,organic,desktop,USA
2699977,2024-02-07,organic,mobile,India
4380025,2024-05-20,organic,desktop,USA
2261437,2024-03-25,referral,mobile,Germany
2140085,2024-07-23,organic,mobile,India
2711706,2024-01-29,organic,desktop,USA
3317221,2024-03-29,organic,tablet,India
1147896,2024-01-04,social,desktop,Germany
4407311,2024-05-27,organic,desktop,Australia
1081334,2024-01-17,organic,mobile,India
4802397,2024-02-24,organic,desktop,UK
2116897,2024-02-21,organic,mobile,India
2446564,2024-02-29,ads,mobile,UK
2041623,2024-01-07,ads,mobile,UK
4489499,2024-05-01,organic,desktop,UK
3070733,2024-06-10,organic,mobile,India
4235101,2024-01-01,ads,desktop,India
2413640,2024-04-07,referral,mobile,USA
3852375,2024-03-09,organic,mobile,India
4289913,2024-01-08,referral,mobile,Australia
2891845,2024-01-03,email,mobile,India
3972131,2024-01-13,ads,tablet,India
4845322,2024-02-16,ads,desktop,India
1801136,2024-04-28,organic,mobile,Australia
2593994,2024-03-06,organic,mobile,India
4339687,2024-04-04,organic,desktop,India
4790776,2024-02-12,organic,mobile,Canada
2819030,2024-01-09,organic,desktop,India
2134213,2024-06-24,email,mobile,India
3548480,2024-01-11,organic,mobile,Canada
3396769,2024-01-24,ads,desktop,India
2254734,2024-02-07,organic,desktop,India
4234655,2024-01-03,ads,desktop,Canada
4619917,2024-03-19,referral,mobile,Canada
4249314,2025-07-11,organic,tablet,USA
3808084,2024-01-06,organic,mobile,India
4664126,2024-03-09,organic,tablet,USA
2892630,2024-03-24,ads,mobile,India
2303256,2024-02-18,organic,mobile,India
2407236,2024-02-10,ads,desktop,USA
4270383,2024-05-03,organic,mobile,India
4284173,2024-01-09,organic,desktop,India
2730409,2024-01-26,referral,mobile,India
2064568,2024-01-09,ads,mobile,USA
3066179,2024-01-05,ads,mobile,Australia
1812148,2024-02-07,email,mobile,UK
3456018,2024-01-19,organic,mobile,USA
3307198,2024-01-14,ads,desktop,UK
1153763,2024-03-02,organic,mobile,Australia
4832908,2024-01-28,organic,desktop,UK
2855375,2024-03-01,organic,mobile,USA
1532432,2024-02-02,ads,mobile,USA
1427940,2024-01-07,organic,tablet,India
4348471,2024-01-10,social,mobile,India
4567199,2024-07-10,ads,tablet,India
4556869,2024-02-04,referral,desktop,Canada
2914997,2024-03-14,organic,desktop,India
1726285,2024-01-02,organic,mobile,India
4874024,2024-01-07,email,desktop,Germany
3620844,2024-02-02,organic,desktop,USA
3683416,2024-11-19,organic,mobile,USA
2984716,2024-04-18,ads,mobile,India
4712415,2024-06-06,ads,desktop,USA
4257148,2024-05-05,social,mobile,India
1093963,2024-01-14,referral,mobile,India
4814469,2024-01-17,organic,desktop,India
4062060,2024-04-18,organic,mobile,Canada
4285008,2024-01-30,social,mobile,Canada
4608638,2024-01-07,organic,desktop,USA
4980812,2024-01-03,social,mobile,India
4538744,2024-02-24,social,tablet,India
4418807,2024-01-21,organic,mobile,India
1448246,2024-04-24,ads,mobile,UK
4212531,2024-01-08,organic,mobile,UK
2684099,2024-01-04,referral,desktop,Canada
3128098,2024-02-11,ads,mobile,Canada
2462149,2024-01-08,organic,tablet,Canada
2581480,2024-01-15,email,mobile,India
1465030,2024-04-15,referral,mobile,India
2151440,2024-01-07,organic,desktop,India
2183946,2024-01-31,social,desktop,India
4851702,2024-01-25,organic,mobile,India
1476466,2024-01-10,organic,desktop,USA
1179490,2024-01-09,ads,tablet,Canada
4565714,2024-05-12,ads,desktop,Australia
1531263,2024-01-29,ads,mobile,USA
3410824,2024-02-01,email,mobile,India
2083962,2024-02-05,ads,mobile,USA
2265200,2024-03-09,organic,mobile,India
2546500,2024-03-10,email,desktop,Canada
2848190,2024-10-26,organic,mobile,India
4603865,2024-01-09,organic,tablet,USA
2789785,2024-03-12,ads,mobile,Germany
1661220,2024-02-05,ads,desktop,UK
1800678,2024-02-12,ads,mobile,India
4907700,2024-02-03,ads,mobile,India
3697867,2024-01-07,referral,mobile,Australia
4526292,2024-02-22,organic,desktop,India
3284428,2024-01-05,email,mobile,USA
1700514,2024-02-20,organic,mobile,USA
2556823,2024-03-19,email,mobile,USA
1653327,2024-05-07,ads,tablet,India
3049258,2024-01-17,ads,tablet,Germany
2794601,2024-01-08,organic,mobile,India
4767995,2024-02-09,ads,mobile,India
4578540,2024-01-14,ads,desktop,USA
4938454,2024-02-21,ads,mobile,India
4201168,2024-01-05,organic,tablet,India
3962909,2024-03-08,ads,mobile,India
1648864,2024-01-03,organic,mobile,USA
3846590,2024-07-14,ads,desktop,UK
1427509,2024-01-27,organic,mobile,Canada
3583983,2024-02-02,referral,mobile,USA
1474186,2024-01-06,organic,mobile,India
1174603,2024-02-21,organic,mobile,India
2753578,2024-01-16,ads,mobile,India
4850290,2024-01-15,ads,mobile,India
2340347,2024-03-23,organic,mobile,Canada
3506067,2024-01-01,referral,desktop,USA
2955501,2024-02-21,referral,mobile,India
1566526,2024-01-15,organic,desktop,Germany
4357099,2024-01-27,organic,mobile,USA
2253008,2024-02-17,ads,mobile,India
3937790,2024-01-30,organic,mobile,India
1054551,2024-01-27,ads,desktop,Canada
1770430,2024-04-05,referral,desktop,India
3505413,2024-01-11,organic,mobile,Canada
2054045,2024-01-05,organic,tablet,USA
4675336,2024-09-06,ads,mobile,USA
1178768,2024-06-10,organic,desktop,USA
2195056,2024-09-01,organic,mobile,India
2925730,2024-02-24,email,mobile,Canada
3940098,2024-01-14,social,mobile,India
4176396,2024-05-29,referral,desktop,USA
4232305,2024-01-11,email,mobile,India
3521327,2024-01-02,organic,desktop,USA
4740991,2024-03-01,referral,mobile,India
3869330,2024-01-09,referral,mobile,USA
1773730,2024-02-02,email,mobile,India
4279913,2024-02-02,referral,mobile,Canada
3009692,2024-02-06,referral,mobile,India
2807506,2024-02-14,email,tablet,India
4748065,2024-04-28,social,mobile,India
3267345,2024-03-20,email,mobile,India
1846192,2024-01-13,organic,desktop,Canada
2799588,2024-02-06,organic,tablet,USA
2696214,2024-06-07,organic,mobile,India
2641889,2024-03-18,ads,desktop,India
3133816,2024-01-15,organic,desktop,Canada
2067083,2024-03-07,organic,mobile,India
1352279,2024-01-18,organic,mobile,Australia
1860042,2024-02-14,organic,tablet,India
4890156,2024-02-07,organic,tablet,India
2935797,2024-02-01,organic,desktop,India
3017700,2024-03-12,social,mobile,UK
2462997,2024-07-22,organic,mobile,India
2359711,2024-02-29,referral,mobile,India
2494173,2024-01-06,ads,tablet,India
1846491,2024-03-03,email,desktop,India
2742179,2024-05-14,ads,mobile,India
3118633,2024-03-14,ads,mobile,India
2082829,2024-02-07,social,desktop,Canada
2968422,2024-03-04,organic,mobile,India
1454042,2024-01-17,ads,tablet,India
1397440,2024-02-19,organic,tablet,USA
4903749,2024-03-09,ads,mobile,USA
1142574,2024-07-10,organic,desktop,Canada
3084879,2024-03-07,organic,mobile,Germany
2155953,2024-03-10,ads,tablet,UK
4600670,2024-02-08,referral,mobile,India
1841097,2024-02-29,organic,mobile,USA
3305290,2024-01-28,email,mobile,India
1392726,2024-03-19,referral,desktop,USA
3723564,2024-03-21,organic,mobile,India
2071060,2024-01-06,social,mobile,India
1601369,2024-02-27,email,desktop,UK
2833253,2024-02-22,organic,tablet,Australia
3640126,2024-04-23,organic,mobile,Germany
1048990,2024-06-22,ads,mobile,UK
4537132,2024-04-09,ads,mobile,Canada
1552558,2024-02-23,ads,desktop,UK
3031443,2024-01-10,ads,tablet,India
2210128,2024-01-26,organic,desktop,USA
2715235,2024-01-12,organic,mobile,USA
3815109,2024-01-22,referral,mobile,Canada
4234267,2024-02-11,ads,mobile,USA
2009591,2024-04-13,ads,mobile,India
3842635,2024-02-28,organic,mobile,USA
2711267,2024-01-04,organic,mobile,India
2725113,2024-05-28,organic,desktop,Germany
4045825,2024-01-24,organic,mobile,USA
1573060,2024-02-10,referral,desktop,USA
1874646,2024-01-05,organic,mobile,India
3558342,2024-01-07,email,desktop,Germany
2226711,2024-02-15,ads,desktop,India
1091493,2024-01-02,ads,desktop,USA
3940371,2024-05-30,organic,mobile,India
1153942,2024-03-07,referral,mobile,India
4786161,2024-01-18,referral,tablet,USA
1965044,2024-01-30,ads,mobile,India
4179089,2024-01-13,ads,mobile,USA
1537884,2024-01-12,social,tablet,India
4371423,2024-01-13,ads,mobile,India
4917974,2024-01-19,organic,mobile,India
1366993,2024-02-07,referral,desktop,India
3069097,2024-04-11,organic,mobile,UK
2478090,2024-05-01,ads,mobile,India
3733810,2024-05-06,ads,desktop,USA
2179249,2024-05-08,ads,mobile,USA
2920516,2024-02-25,ads,mobile,India
2076703,2024-03-27,ads,desktop,India
1369974,2024-01-26,organic,mobile,USA
2062447,2024-01-28,ads,mobile,India
2256014,2024-02-18,email,desktop,Germany
3780776,2024-01-18,organic,desktop,USA
4635756,2024-01-24,organic,mobile,USA
2295015,2024-03-04,organic,mobile,Germany
3871413,2024-03-14,referral,tablet,UK
2727279,2024-03-10,organic,desktop,India
2326234,2024-01-28,organic,mobile,India
4860819,2024-01-30,email,desktop,India
1126676,2024-03-22,organic,desktop,India
3123584,2024-05-13,organic,desktop,USA
4700837,2024-01-20,organic,mobile,USA
3347886,2024-04-17,organic,mobile,India
2326095,2024-04-01,ads,desktop,India
4906086,2024-01-16,organic,desktop,India
1244613,2024-02-01,ads,mobile,India
3900960,2024-01-28,organic,mobile,India
2754002,2024-03-23,organic,mobile,India
1651044,2024-06-02,referral,desktop,Canada
3956474,2024-03-02,ads,mobile,India
1134317,2024-10-13,organic,desktop,UK
3450705,2024-01-04,ads,mobile,India
1319277,2024-01-19,organic,mobile,India
4175006,2024-05-17,organic,desktop,India
2725920,2024-05-18,referral,desktop,India
2293491,2024-04-30,organic,mobile,India
4152542,2024-04-18,email,desktop,India
4015824,2024-01-07,organic,mobile,India
2672873,2024-01-06,social,desktop,UK
1980954,2024-01-28,organic,mobile,India
3065168,2024-01-05,ads,mobile,UK
3207153,2024-04-13,email,desktop,India
2510969,2024-04-27,organic,mobile,India
4337951,2024-02-01,organic,desktop,UK
4389888,2024-03-21,ads,mobile,India
2916164,2024-01-10,ads,mobile,USA
3515771,2024-01-01,social,mobile,USA
2178051,2024-01-02,organic,mobile,USA
2711933,2024-01-06,email,mobile,India
2489276,2024-01-12,organic,desktop,Germany
1505518,2024-06-07,organic,mobile,USA
1371617,2024-02-11,referral,mobile,India
2546088,2024-01-17,organic,mobile,India
3572229,2024-01-02,ads,mobile,India
4822269,2024-04-06,social,mobile,Australia
3729782,2024-01-08,email,mobile,Germany
1208543,2024-01-05,referral,desktop,Canada
4561241,2024-04-09,organic,mobile,UK
4325798,2024-01-04,ads,desktop,UK
1073973,2024-01-08,ads,mobile,India
3851565,2024-05-07,organic,desktop,UK
1926270,2024-02-17,organic,desktop,Australia
1989778,2024-04-28,organic,mobile,UK
1566631,2024-01-18,ads,mobile,USA
3363437,2024-01-12,ads,tablet,USA
1696696,2024-06-02,ads,desktop,USA
4206752,2024-03-28,ads,mobile,USA
4728854,2024-02-11,organic,desktop,India
1745677,2024-07-01,organic,desktop,Australia
3578443,2024-02-12,ads,mobile,UK
1568579,2024-04-25,organic,desktop,India
2407182,2024-01-30,ads,mobile,UK
2031034,2024-02-03,ads,desktop,India
4087310,2024-02-09,social,tablet,India
4242629,2024-01-14,ads,mobile,USA
2857413,2024-05-09,organic,mobile,USA
4896525,2024-01-20,organic,mobile,India
2107761,2024-04-21,ads,mobile,Canada
1845129,2024-02-13,ads,desktop,Canada
1307911,2024-04-19,organic,tablet,USA
3883581,2024-01-12,email,desktop,India
3172418,2024-05-26,organic,tablet,India
2343755,2024-04-22,email,mobile,India
3549166,2024-01-14,organic,desktop,India
2408703,2024-03-16,organic,mobile,India
1053707,2024-01-30,ads,mobile,India
4679722,2024-03-13,ads,mobile,Canada
2762461,2024-01-04,organic,mobile,India
1750551,2024-05-27,email,desktop,Germany
3279144,2024-01-27,organic,mobile,India
3358238,2024-03-23,organic,mobile,India
3313923,2024-05-05,ads,desktop,India
1556961,2024-02-10,ads,tablet,India
4506876,2024-02-01,organic,mobile,India
2318689,2024-04-01,email,mobile,Germany
3675516,2024-01-17,email,desktop,Canada
3152826,2024-01-21,social,mobile,India
3003285,2024-03-07,ads,desktop,India
1989583,2024-05-01,organic,mobile,India
4231694,2024-02-23,referral,desktop,India
3856172,2024-01-19,ads,desktop,Germany
1090436,2024-03-06,organic,mobile,India
4308448,2024-02-23,ads,desktop,India
1509715,2024-01-06,email,mobile,Canada
1572275,2024-02-16,organic,mobile,UK
3464225,2024-02-06,ads,mobile,India
4782502,2024-01-18,ads,mobile,India
3529690,2024-01-16,organic,desktop,India
3648704,2024-02-20,email,mobile,India
4519084,2024-01-15,ads,mobile,India
3911695,2024-05-15,ads,mobile,Germany
2201381,2024-01-02,organic,tablet,India
4279342,2024-01-06,organic,desktop,India
3994864,2024-04-20,organic,desktop,Germany
4378882,2024-02-11,ads,tablet,India
4114102,2024-01-19,ads,mobile,USA
2351171,2024-02-09,email,mobile,India
1815791,2024-02-06,organic,mobile,Canada
1781899,2024-06-16,referral,desktop,India
1790703,2024-02-16,organic,mobile,Germany
3686032,2024-01-24,referral,mobile,USA
3814628,2024-01-06,email,mobile,India
3231552,2024-03-24,email,mobile,India
3096116,2024-05-28,organic,mobile,UK
2314010,2024-01-18,ads,desktop,India
2053056,2024-01-21,social,desktop,Canada
3131974,2024-02-06,organic,mobile,India
1458827,2024-02-24,organic,desktop,India
4166530,2024-02-22,social,desktop,India
1646797,2024-01-23,organic,mobile,India
3706576,2024-01-07,referral,mobile,India
1921287,2024-02-07,organic,mobile,UK
4798668,2024-08-04,ads,mobile,USA
1474390,2024-01-25,organic,tablet,UK
2006665,2024-02-23,referral,mobile,India
1191973,2024-10-21,social,mobile,India
4376380,2024-02-18,organic,mobile,Canada
2472217,2024-08-02,email,mobile,USA
1517520,2024-01-02,organic,desktop,UK
2471377,2024-03-14,organic,desktop,Canada
1641955,2024-04-01,ads,mobile,India
3868042,2024-01-08,organic,tablet,USA
2009861,2024-01-13,organic,mobile,USA
2587502,2024-02-26,organic,desktop,UK
2380100,2024-01-10,organic,mobile,USA
1747489,2024-01-30,referral,mobile,USA
3390435,2024-02-17,ads,mobile,USA
3851629,2024-07-20,ads,mobile,India
4595916,2024-01-06,organic,mobile,India
4555337,2024-01-04,referral,mobile,India
1282202,2024-01-21,organic,desktop,India
2641443,2024-04-20,organic,desktop,India
4736515,2024-01-09,referral,desktop,USA
3317545,2024-04-13,organic,desktop,UK
2153791,2024-01-12,organic,mobile,India
1674152,2024-04-22,email,desktop,Australia
4542060,2024-01-14,ads,mobile,India
3094411,2024-01-17,referral,tablet,India
2909246,2024-01-17,referral,mobile,USA
3320227,2024-01-28,ads,mobile,UK
2399665,2024-05-11,email,mobile,India
1979595,2024-01-31,organic,mobile,India
3845414,2024-01-30,organic,mobile,Canada
4221825,2024-03-04,organic,tablet,Canada
1483436,2024-01-22,organic,mobile,Canada
2996274,2024-03-06,ads,mobile,India
1730940,2024-02-23,organic,desktop,India
3070818,2024-03-01,organic,mobile,USA
4863732,2024-01-15,email,tablet,India
4628186,2024-03-14,ads,mobile,India
2856379,2024-01-28,ads,mobile,Australia
4728668,2024-02-14,social,tablet,India
4368726,2024-04-05,organic,mobile,USA
1263804,2024-07-20,ads,desktop,UK
4247776,2024-01-01,ads,mobile,India
2093482,2024-04-10,ads,mobile,Canada
3470093,2024-07-16,ads,mobile,Australia
4010531,2024-04-27,organic,mobile,USA
3696134,2024-01-14,organic,mobile,India
1733985,2024-01-31,organic,mobile,India
4309580,2024-01-05,organic,desktop,India
2195423,2024-04-19,ads,desktop,India
4427105,2024-01-27,ads,mobile,India
2102290,2024-07-03,ads,mobile,India
1531114,2024-02-15,ads,mobile,UK
2935039,2024-04-18,ads,mobile,Germany
2062357,2024-02-01,organic,mobile,Australia
4811908,2024-03-04,ads,mobile,USA
1447299,2024-03-01,referral,desktop,India
3595446,2024-03-16,organic,mobile,Australia
1340863,2024-01-06,organic,desktop,India
1979706,2024-01-24,organic,desktop,Canada
3528441,2024-01-15,organic,desktop,UK
2297990,2024-01-22,referral,desktop,India
1027405,2024-01-18,organic,desktop,India
4599055,2024-01-10,organic,desktop,India
4654448,2024-02-22,organic,tablet,USA
2342394,2024-05-10,organic,mobile,Canada
4068953,2024-04-06,ads,tablet,India
2615596,2024-01-11,organic,mobile,USA
1601082,2024-03-16,referral,mobile,Canada
1274110,2024-01-05,ads,mobile,Australia
1994161,2024-03-12,ads,desktop,India
4106408,2024-04-27,organic,mobile,India
2686303,2024-05-04,organic,mobile,India
3887097,2024-01-06,referral,desktop,Canada
1067357,2024-01-22,organic,desktop,UK
4409154,2024-05-13,ads,mobile,India
3764979,2024-01-22,organic,mobile,India
3921316,2024-07-03,social,mobile,India
2609845,2024-03-12,referral,mobile,India
2545835,2024-02-22,ads,mobile,India
3241405,2024-01-12,referral,mobile,USA
4089845,2024-02-04,organic,mobile,India
2623541,2024-02-03,organic,mobile,UK
4865978,2024-01-19,ads,mobile,USA
1286545,2024-01-28,ads,mobile,India
4454925,2024-03-28,organic,mobile,USA
3768369,2024-02-07,organic,mobile,India
3246754,2024-02-14,ads,mobile,India
1176904,2024-03-02,organic,tablet,India
2064283,2024-01-12,organic,mobile,India
1237656,2024-04-25,ads,desktop,India
1218075,2024-01-29,ads,desktop,USA
1156092,2024-01-11,email,desktop,Germany
2850477,2024-01-18,organic,mobile,Germany
1321356,2024-05-15,ads,mobile,India
3614678,2024-01-11,organic,mobile,India
2415035,2024-05-15,ads,desktop,India
1317278,2024-02-27,ads,mobile,India
1754430,2024-09-15,organic,tablet,USA
1658053,2024-04-12,ads,mobile,India
4565481,2024-02-21,email,desktop,India
2322810,2024-04-13,referral,mobile,India
4490727,2024-07-27,organic,mobile,India
3578016,2024-01-17,organic,desktop,Canada
1975871,2024-01-09,referral,mobile,India
4194370,2024-01-05,organic,mobile,India
4218713,2024-02-18,ads,desktop,USA
1199368,2024-01-11,organic,mobile,India
4038116,2024-01-01,organic,mobile,India
2562000,2024-03-19,ads,mobile,India
4443745,2024-03-25,ads,mobile,UK
4588790,2024-02-20,ads,mobile,India
3289655,2024-03-30,organic,mobile,India
4082575,2024-01-15,ads,mobile,UK
3670173,2024-01-24,organic,mobile,UK
3179598,2024-05-22,organic,mobile,India
4114653,2024-01-08,ads,mobile,UK
4308489,2024-09-18,email,mobile,India
4068171,2024-02-20,ads,desktop,India
3374256,2024-03-21,email,mobile,India
3252979,2024-01-04,ads,desktop,India
3128082,2024-01-07,ads,mobile,UK
3114330,2024-01-14,referral,mobile,UK
1811972,2024-01-19,organic,mobile,Canada
4216610,2024-01-05,organic,mobile,Germany
3599058,2024-01-16,ads,desktop,India
3973121,2024-01-24,organic,desktop,India
3442146,2024-01-10,organic,mobile,India
2077924,2024-01-03,ads,mobile,Australia
3665393,2024-01-25,organic,mobile,India
3850112,2024-07-23,referral,mobile,UK
1608581,2024-01-05,ads,mobile,Canada
3520550,2024-02-16,ads,desktop,USA
3190831,2024-01-07,referral,desktop,Canada
2770039,2024-02-22,ads,mobile,USA
1163870,2024-01-09,email,mobile,India
1982271,2024-01-18,ads,mobile,India
2023580,2024-02-05,organic,tablet,USA
2804697,2024-01-27,referral,mobile,UK
4203356,2024-03-13,social,mobile,Germany
1955208,2024-01-01,organic,desktop,USA
1333401,2024-04-08,ads,mobile,Canada
3028128,2024-01-07,ads,mobile,Canada
3633945,2024-01-26,organic,mobile,India
2330327,2024-01-03,ads,mobile,Australia
4056017,2024-01-10,ads,desktop,USA
4944338,2024-05-24,ads,mobile,UK
1180377,2024-01-25,social,mobile,India
3774020,2024-02-20,organic,tablet,India
2253978,2024-04-03,organic,mobile,USA
4728790,2024-02-13,email,mobile,India
1627600,2024-02-08,organic,tablet,Canada
2821126,2024-02-26,referral,desktop,USA
3148192,2024-01-15,organic,mobile,India
2067833,2024-01-28,ads,tablet,India
3963733,2024-02-11,organic,tablet,India
4944397,2024-03-17,ads,mobile,India
3841480,2024-02-08,organic,mobile,Germany
4694460,2024-01-01,ads,desktop,India
4816874,2024-01-10,email,mobile,India
2508220,2024-02-18,email,mobile,USA
3449226,2024-01-08,organic,mobile,UK
2571490,2024-03-01,social,mobile,India
4398204,2024-02-05,email,tablet,USA
4290844,2024-04-16,email,mobile,India
3500965,2024-07-27,ads,desktop,India
2679586,2024-02-24,email,mobile,India
4400787,2024-03-01,organic,desktop,Germany
3882076,2024-02-05,organic,mobile,Germany
1787177,2024-02-25,ads,desktop,Australia
2129992,2024-01-28,organic,mobile,India
1316914,2024-04-20,organic,mobile,USA
4856928,2024-06-01,organic,desktop,India
3202458,2024-01-21,email,desktop,India
2199278,2024-02-25,referral,desktop,India
2148968,2024-04-07,ads,desktop,India
3975515,2024-01-08,organic,desktop,Canada
4777159,2024-03-21,referral,mobile,India
1847156,2024-05-16,referral,mobile,India
4313713,2024-02-27,ads,desktop,Germany
2982752,2024-01-28,organic,mobile,Canada
1363352,2024-02-17,social,desktop,USA
1836779,2024-02-21,social,desktop,USA
4479905,2024-01-11,ads,desktop,India
2881644,2024-04-22,email,desktop,UK
3179701,2024-01-06,organic,mobile,USA
1751308,2024-06-11,email,mobile,Australia
4860528,2024-03-07,ads,mobile,India
4995780,2024-01-30,organic,mobile,USA
3494428,2024-05-02,organic,mobile,UK
4804187,2024-01-28,ads,desktop,India
4606322,2024-04-26,ads,mobile,India
2440307,2024-04-29,organic,mobile,India
2628832,2024-01-03,social,mobile,Canada
2375255,2024-05-13,ads,mobile,UK
3477896,2024-01-23,organic,mobile,Germany
3243538,2024-02-17,ads,tablet,Canada
1114731,2024-01-21,ads,mobile,India
2048454,2024-01-10,referral,mobile,UK
4758127,2024-06-02,organic,mobile,USA
4846768,2024-07-03,organic,mobile,India
4112415,2024-02-09,referral,desktop,Canada
1286098,2024-01-16,organic,desktop,Canada
4453088,2024-03-06,organic,mobile,India
4437809,2024-02-25,ads,desktop,USA
3752100,2024-01-07,ads,mobile,India
3426213,2024-04-21,organic,mobile,India
4406000,2024-01-02,email,mobile,India
2078428,2024-02-07,organic,mobile,Australia
1607203,2024-01-28,organic,mobile,USA
4635143,2024-02-23,organic,mobile,USA
2122255,2024-01-15,organic,mobile,India
4142825,2024-01-19,organic,mobile,USA
3415761,2024-02-09,organic,mobile,India
4808747,2024-01-15,ads,mobile,USA
3758106,2024-02-05,organic,tablet,UK
1215468,2024-03-10,organic,desktop,USA
2500678,2024-01-07,organic,mobile,India
1857495,2024-01-26,ads,mobile,India
1506308,2024-01-26,organic,mobile,USA
4210337,2024-01-13,organic,desktop,Germany
3502008,2024-03-16,ads,mobile,India
2966001,2024-01-23,ads,mobile,UK
4650057,2024-03-21,organic,mobile,India
1609120,2024-01-01,organic,desktop,India
1569177,2024-02-11,organic,mobile,USA
4441332,2024-01-09,referral,desktop,USA
4328360,2024-01-16,referral,desktop,USA
1730835,2024-04-08,organic,mobile,India
2180224,2024-06-09,referral,tablet,India
3250950,2024-03-03,ads,mobile,UK
4349361,2024-01-22,organic,desktop,India
4042127,2024-02-13,organic,tablet,India
2424701,2024-03-08,ads,mobile,USA
4998222,2024-01-02,organic,mobile,USA
1775919,2024-05-24,ads,tablet,India
1641185,2024-03-02,organic,desktop,USA
1044181,2024-09-13,social,desktop,USA
1307586,2024-01-10,ads,tablet,India
2152102,2024-05-16,ads,tablet,India
1297701,2024-03-11,organic,mobile,Germany
4997910,2024-01-28,email,desktop,India
1549306,2024-01-06,organic,mobile,India
2776233,2024-01-28,organic,mobile,India
3205105,2024-02-03,organic,desktop,Canada
2708201,2024-03-12,organic,desktop,India
3401844,2024-02-20,social,mobile,UK
2038511,2024-02-13,referral,mobile,UK
2889207,2024-02-01,referral,tablet,India
4537733,2024-01-05,referral,mobile,India
1316907,2024-04-04,organic,mobile,India
2354144,2024-01-19,ads,mobile,India
2986411,2024-03-07,ads,mobile,Australia
2223029,2024-03-31,organic,mobile,UK
2339135,2024-04-06,email,mobile,USA
1377129,2024-01-12,ads,mobile,India
1975533,2024-04-22,organic,mobile,India
1100069,2024-04-13,organic,mobile,USA
4559403,2024-02-28,organic,desktop,USA
2584805,2024-04-01,organic,mobile,USA
1405053,2024-02-27,email,mobile,USA
2374918,2024-03-18,organic,mobile,India
2482547,2024-02-26,organic,mobile,Canada
1160145,2024-01-18,ads,mobile,USA
4447265,2024-01-02,ads,mobile,USA
3355229,2024-03-20,ads,mobile,India
4305363,2024-01-21,organic,mobile,UK
1323841,2024-01-12,email,tablet,India
4617025,2024-01-31,email,desktop,Australia
2666479,2024-01-21,email,mobile,India
1657571,2024-01-22,organic,mobile,India
1372828,2024-01-13,ads,tablet,USA
4138590,2024-02-09,referral,mobile,USA
2499808,2024-01-07,organic,tablet,India
4594824,2024-02-17,organic,mobile,USA
3408316,2024-04-12,organic,desktop,India
3886661,2024-02-10,organic,mobile,India
3545653,2024-03-26,email,desktop,USA
1935809,2024-01-03,ads,mobile,USA
4259838,2024-01-27,referral,tablet,India
3114488,2024-03-21,organic,mobile,Canada
3459702,2024-02-15,email,mobile,USA
2958709,2024-01-31,email,mobile,Germany
4744968,2024-01-29,organic,mobile,India
4218846,2024-02-19,email,desktop,Germany
2250043,2024-02-16,organic,desktop,USA
1665107,2024-04-10,email,desktop,USA
3412221,2024-03-24,organic,mobile,USA
2948161,2024-01-21,ads,mobile,UK
3226823,2024-02-08,referral,mobile,India
2528707,2024-01-02,email,mobile,UK
2627323,2024-01-11,ads,desktop,India
3894429,2024-01-05,social,desktop,India
2954121,2024-01-04,ads,mobile,UK
2511906,2024-01-10,organic,desktop,India
4104849,2024-05-28,social,tablet,USA
4391780,2024-01-05,organic,mobile,India
1706549,2024-01-08,ads,desktop,USA
4738706,2024-02-15,ads,mobile,USA
2016803,2024-01-31,organic,mobile,India
1370054,2024-02-29,organic,desktop,Germany
1366420,2024-01-20,email,desktop,India
2052785,2024-02-09,organic,mobile,USA
1179617,2024-05-07,organic,desktop,USA
3065731,2024-01-24,email,mobile,UK
2480466,2024-01-15,email,mobile,Australia
2852108,2024-01-13,email,tablet,USA
4812687,2024-07-17,ads,mobile,UK
1923974,2024-01-05,organic,desktop,Canada
1102501,2024-02-27,ads,mobile,USA
4397037,2024-01-24,ads,desktop,Germany
3613128,2024-01-04,organic,desktop,India
4982603,2024-02-09,ads,mobile,India
2326948,2024-01-11,organic,mobile,UK
2475778,2024-01-26,email,desktop,India
4620788,2024-05-01,ads,mobile,Germany
2066853,2024-02-14,organic,mobile,India
4310474,2024-01-07,organic,mobile,India
4478463,2024-02-09,organic,mobile,India
1570910,2024-01-27,organic,mobile,India
4934213,2024-01-05,ads,mobile,India
1319936,2024-01-27,referral,mobile,USA
2211893,2024-01-31,referral,mobile,India
1444163,2024-08-18,ads,tablet,India
4426322,2024-06-22,ads,mobile,India
2483367,2024-01-08,organic,tablet,Germany
3710783,2024-01-24,ads,mobile,India
3563319,2024-01-19,ads,desktop,India
1764659,2024-02-13,ads,mobile,Australia
1754471,2024-02-15,ads,mobile,India
1626724,2024-04-13,organic,mobile,UK
4868159,2024-04-15,ads,desktop,Germany
2850852,2024-03-11,organic,mobile,India
1497441,2024-03-16,organic,desktop,Canada
2653815,2024-05-04,email,mobile,USA
4207514,2024-02-03,organic,desktop,India
1784386,2024-02-28,ads,desktop,USA
1983309,2024-01-18,organic,desktop,Canada
2681930,2024-01-08,social,mobile,India
1314354,2024-01-12,organic,mobile,UK
2622420,2024-03-05,organic,tablet,India
2966594,2024-02-07,email,desktop,USA
4452640,2024-03-01,ads,mobile,India
1772447,2024-03-31,organic,mobile,Germany
2621876,2024-01-03,organic,tablet,Australia
2196258,2024-04-18,ads,desktop,USA
1318422,2024-03-30,organic,mobile,Australia
2538957,2024-02-04,email,desktop,Canada
4005161,2024-02-11,organic,mobile,Canada
2699646,2024-03-28,ads,desktop,India
3590370,2024-03-30,organic,mobile,USA
1152241,2024-01-29,email,mobile,USA
3499302,2024-03-11,organic,mobile,USA
3831777,2024-01-11,organic,mobile,USA
3513514,2024-02-08,ads,mobile,India
3339840,2024-05-12,organic,mobile,India
3544331,2024-01-28,email,mobile,India
4725174,2024-01-15,ads,mobile,USA
3982831,2024-02-05,organic,mobile,India
2012835,2024-07-31,organic,desktop,India
3497658,2024-04-04,ads,mobile,India
2465443,2024-01-06,ads,mobile,Australia
3456163,2024-01-03,email,mobile,Australia
3215883,2024-01-04,organic,mobile,India
3854653,2024-05-12,referral,mobile,India
4490701,2024-01-22,organic,mobile,USA
4519189,2024-01-01,organic,mobile,Germany
1875498,2024-01-10,organic,desktop,Germany
2407852,2024-01-16,ads,mobile,India
1392514,2024-02-06,ads,mobile,India
4858318,2024-05-07,ads,mobile,India
2930101,2024-03-16,referral,mobile,India
2532441,2024-02-20,organic,mobile,India
4576533,2024-01-14,ads,desktop,Germany
2527190,2024-02-14,ads,mobile,UK
3158413,2024-01-05,organic,desktop,India
1105403,2024-01-31,organic,mobile,India
2558238,2024-01-01,organic,mobile,Canada
4061275,2024-01-03,ads,mobile,Germany
2070843,2024-03-22,ads,tablet,USA
2264169,2024-01-08,ads,desktop,USA
1649681,2024-03-20,organic,mobile,India
2397528,2024-02-05,organic,mobile,Canada
3544568,2024-01-23,ads,mobile,India
4334280,2024-03-03,ads,mobile,Germany
2507166,2024-01-23,organic,mobile,USA
4446061,2024-02-26,organic,mobile,USA
2034229,2024-01-11,ads,desktop,Canada
1610981,2024-03-31,organic,mobile,India
4488819,2024-02-01,referral,desktop,India
3297431,2024-05-21,referral,mobile,Australia
4200255,2024-04-09,ads,mobile,USA
1666981,2024-02-13,ads,mobile,UK
2530299,2024-05-15,email,desktop,USA
1962912,2024-03-19,ads,mobile,Germany
3283579,2024-03-10,ads,mobile,India
2414238,2024-06-21,ads,mobile,Germany
1150528,2024-04-18,ads,mobile,India
1382891,2024-02-28,referral,mobile,Australia
3177020,2024-02-26,organic,mobile,Germany
4658625,2024-05-04,email,mobile,India
2729845,2024-05-22,email,desktop,India
1509993,2024-03-08,organic,mobile,India
3779397,2024-04-29,organic,desktop,India
3408089,2024-03-17,ads,mobile,India
4369013,2024-01-26,ads,desktop,Australia
2469727,2024-01-24,organic,mobile,India
3868537,2024-02-10,email,tablet,India
3653623,2024-02-19,referral,mobile,India
2394302,2024-02-01,organic,mobile,Australia
2903514,2024-01-25,referral,mobile,India
4328813,2024-04-02,organic,desktop,Canada
4052769,2024-02-15,organic,mobile,Germany
3625050,2024-01-29,referral,mobile,Canada
4189705,2024-01-18,email,mobile,India
3800329,2024-01-19,email,tablet,India
1719331,2024-03-20,referral,mobile,USA
3149019,2024-01-03,email,mobile,UK
3964929,2024-04-12,social,mobile,India
3704431,2024-02-15,organic,desktop,India
3292213,2024-06-21,ads,desktop,USA
1884040,2024-05-06,referral,tablet,Canada
4695415,2024-02-08,organic,tablet,India
4065075,2024-03-11,ads,mobile,USA
1175770,2024-03-28,organic,mobile,India
2611327,2024-03-20,ads,tablet,India
1578615,2024-03-18,organic,mobile,India
2821703,2024-07-14,organic,tablet,Canada
2769585,2024-03-11,organic,desktop,USA
3227368,2024-03-18,organic,desktop,UK
4892882,2024-01-10,referral,mobile,India
2870225,2024-01-07,organic,mobile,Germany
3489062,2024-03-22,ads,mobile,Germany
3788132,2024-03-12,organic,mobile,Australia
4498817,2024-01-31,ads,mobile,India
4324071,2024-04-05,organic,mobile,India
4340976,2024-02-01,organic,desktop,Australia
4519924,2024-02-23,organic,mobile,India
4561044,2024-01-11,referral,mobile,UK
3931136,2024-01-03,ads,desktop,India
1195106,2024-01-19,ads,mobile,USA
1717451,2024-01-06,organic,mobile,India
3712563,2024-01-09,referral,mobile,USA
2642752,2024-04-15,organic,tablet,Germany
2660905,2024-07-30,ads,desktop,India
2640080,2024-03-17,ads,mobile,Canada
3684810,2024-01-18,email,mobile,Germany
4118890,2024-03-04,organic,mobile,USA
3896629,2024-03-25,organic,mobile,Germany
1684128,2024-01-01,organic,desktop,USA
2187608,2024-01-22,referral,desktop,USA
1854132,2024-01-02,ads,desktop,USA
2413598,2024-01-09,organic,mobile,USA
4406501,2024-01-25,social,mobile,USA
4081827,2024-01-29,organic,mobile,India
4036933,2024-02-23,social,mobile,Canada
2463626,2024-02-06,organic,mobile,USA
2727161,2024-02-04,organic,tablet,India
3986949,2024-04-27,organic,desktop,India
1086929,2024-01-01,social,mobile,Canada
1148130,2024-01-16,organic,desktop,India
4881045,2024-01-29,organic,mobile,India
2898583,2024-08-24,organic,mobile,Germany
3188107,2024-02-05,referral,mobile,UK
3546378,2024-08-09,email,mobile,India
1815569,2024-02-15,ads,mobile,India
4099583,2024-04-18,ads,mobile,Australia
3353945,2024-03-20,ads,mobile,USA
2379336,2024-01-27,organic,tablet,India
1068019,2024-01-17,referral,mobile,India
2142744,2024-01-14,ads,tablet,USA
1633093,2024-03-06,email,mobile,Canada
4537379,2024-02-16,organic,mobile,USA
2655554,2024-06-20,ads,desktop,India
1316407,2024-02-21,ads,mobile,USA
4393737,2024-01-11,ads,mobile,India
1548353,2024-01-19,email,mobile,India
4500458,2024-01-27,ads,mobile,Germany
3199282,2024-02-18,social,mobile,Germany
3412771,2024-11-18,ads,mobile,Germany
3634657,2024-05-25,ads,desktop,Australia
1185732,2024-01-26,ads,mobile,USA
2113553,2024-02-23,ads,desktop,Germany
3796596,2024-02-29,organic,tablet,India
4209753,2024-01-16,ads,mobile,UK
3542345,2024-04-24,ads,desktop,India
3408239,2024-04-27,ads,mobile,India
1592155,2024-04-14,organic,desktop,India
3133306,2024-02-08,organic,mobile,Canada
3137608,2024-05-15,social,desktop,India
1944174,2024-03-18,organic,desktop,Canada
1233543,2024-01-29,ads,desktop,USA
2951714,2024-01-27,organic,desktop,USA
2559330,2024-05-24,organic,mobile,USA
4973996,2024-03-09,ads,mobile,Germany
2708523,2024-02-23,organic,mobile,India
3331450,2024-05-06,organic,mobile,India
4399629,2024-05-04,referral,mobile,India
2266955,2024-06-01,social,mobile,Germany
3251698,2024-07-02,organic,desktop,USA
2739059,2024-02-12,ads,desktop,India
3405029,2024-01-28,referral,desktop,India
1817258,2024-02-12,organic,mobile,Australia
4179212,2024-01-28,organic,tablet,India
3006615,2024-04-01,organic,desktop,Australia
2701251,2024-02-17,ads,desktop,Germany
4396102,2024-01-06,organic,mobile,India
4796811,2024-01-01,ads,mobile,USA
3097411,2024-02-14,email,tablet,USA
1611965,2024-03-25,organic,mobile,India
1725416,2024-04-15,organic,mobile,Australia
1004937,2024-01-03,ads,mobile,Germany
4485925,2024-08-12,organic,desktop,India
2592379,2024-01-20,referral,mobile,Canada
1738603,2024-01-29,organic,mobile,USA
1068178,2024-04-20,referral,desktop,UK
3758666,2024-01-16,organic,mobile,India
3481005,2024-03-17,referral,mobile,USA
3615049,2024-01-04,email,mobile,USA
2887484,2024-01-24,organic,desktop,India
2169364,2024-01-03,referral,mobile,India
3608219,2024-02-26,organic,mobile,India
1441026,2024-03-16,organic,mobile,USA
4303154,2024-01-07,organic,mobile,UK
1538873,2024-01-16,organic,desktop,India
3414295,2024-02-20,organic,mobile,USA
3513707,2024-01-17,ads,desktop,Australia
2612095,2024-03-08,organic,mobile,Australia
1279966,2024-01-01,ads,desktop,India
3608705,2024-03-30,organic,tablet,India
4928024,2024-02-26,organic,mobile,USA
3285134,2024-01-07,organic,desktop,India
2134633,2024-09-03,ads,mobile,India
2302570,2024-01-23,ads,desktop,USA
1933730,2024-04-13,ads,desktop,USA
3857962,2024-02-16,ads,mobile,USA
2316431,2024-04-10,email,mobile,USA
3170727,2024-02-04,ads,mobile,India
3275970,2024-01-30,ads,mobile,Canada
3355218,2024-03-09,ads,mobile,USA
2450315,2024-01-09,referral,desktop,USA
1561160,2024-01-04,ads,mobile,UK
3198362,2024-03-21,email,desktop,UK
4349099,2024-02-18,organic,mobile,USA
4909925,2024-03-27,ads,mobile,India
4771318,2024-01-18,organic,mobile,Germany
4678214,2024-05-04,organic,tablet,India
1427719,2024-02-28,ads,desktop,UK
4059309,2024-01-22,organic,mobile,USA
2588324,2024-01-29,ads,mobile,USA
3882717,2024-01-12,organic,mobile,USA
2206853,2024-01-02,organic,mobile,Canada
1503889,2024-01-14,organic,desktop,India
1900713,2024-03-21,referral,mobile,Canada
4080955,2024-02-01,organic,tablet,Germany
3822730,2024-02-21,email,mobile,India
3437610,2024-03-05,email,desktop,Germany
4820488,2024-07-25,organic,desktop,UK
3857887,2024-02-28,organic,mobile,Germany
1180343,2024-01-06,organic,desktop,India
1531823,2024-03-09,ads,mobile,India
3383186,2024-01-27,organic,mobile,India
4985672,2024-07-16,social,mobile,India
1840275,2024-02-06,organic,desktop,USA
2561924,2024-02-29,referral,mobile,India
3925354,2024-04-30,ads,desktop,Germany
3797619,2024-04-16,email,mobile,UK
3008472,2024-01-08,ads,desktop,Australia
2588169,2024-01-29,referral,mobile,Canada
1672847,2024-01-10,ads,desktop,India
4098732,2024-04-15,organic,mobile,India
1014541,2024-01-19,social,tablet,India
3681104,2024-02-06,organic,mobile,India
2745688,2024-02-04,ads,mobile,UK
4861873,2024-01-19,organic,mobile,USA
3504003,2024-02-19,organic,desktop,India
2958954,2024-01-01,organic,desktop,Canada
1524867,2024-03-04,organic,mobile,India
4556237,2024-01-15,organic,mobile,Australia
1464954,2024-02-21,organic,desktop,UK
4751686,2024-01-26,social,mobile,India
3315597,2024-03-04,organic,desktop,India
2571604,2024-02-03,ads,mobile,USA
3478964,2024-01-08,organic,tablet,Germany
2221797,2024-01-03,organic,desktop,USA
1172113,2024-01-16,referral,desktop,Australia
3842581,2024-01-16,referral,desktop,Australia
4170462,2024-01-25,organic,mobile,Germany
4932659,2024-03-06,ads,mobile,UK
1151325,2024-01-16,organic,mobile,India
2370336,2024-01-02,ads,mobile,Australia
1599339,2024-05-06,organic,mobile,USA
2570590,2024-04-08,organic,mobile,USA
2532255,2024-01-06,organic,mobile,USA
3327842,2024-01-11,organic,mobile,Australia
3768720,2024-05-14,organic,mobile,India
3333321,2024-01-09,ads,mobile,India
3279222,2024-01-28,ads,tablet,India
1809509,2024-02-01,referral,mobile,India
2704293,2024-03-26,ads,mobile,USA
1241101,2024-03-07,email,mobile,UK
4101079,2024-05-25,organic,mobile,India
3207677,2024-01-29,organic,mobile,India
4921137,2024-02-06,organic,desktop,India
4694599,2024-02-03,organic,mobile,Germany
1862349,2024-04-14,ads,desktop,India
2295052,2024-02-03,organic,mobile,Canada
4930582,2024-02-15,email,desktop,USA
1837187,2024-01-18,organic,mobile,India
4642513,2024-02-18,referral,mobile,USA
3741155,2024-05-09,organic,desktop,USA
4167225,2024-02-06,referral,tablet,India
2040197,2024-02-21,organic,tablet,USA
2449802,2024-01-18,organic,mobile,India
1457728,2024-03-17,email,mobile,USA
1214885,2024-01-08,ads,tablet,India
1815316,2024-03-04,ads,mobile,India
4078659,2024-01-25,ads,mobile,India
2701975,2024-04-14,organic,mobile,UK
3510628,2024-02-25,organic,mobile,USA
4189398,2024-03-24,organic,mobile,USA
1596453,2024-01-25,ads,desktop,India
1491371,2024-01-15,organic,mobile,India
3196607,2024-03-27,organic,mobile,UK
1609650,2024-01-10,organic,mobile,India
1985180,2024-04-17,organic,mobile,India
4331114,2024-01-19,ads,desktop,India
1083457,2024-01-05,ads,desktop,India
2604874,2024-06-02,referral,mobile,Germany
2341451,2024-01-06,organic,mobile,India
2593707,2024-09-13,organic,mobile,India
3801998,2024-01-16,organic,mobile,India
2920414,2024-02-19,ads,desktop,India
4745361,2024-01-27,organic,mobile,India
3830086,2024-03-20,referral,desktop,India
1481000,2024-02-28,organic,desktop,Germany
3537154,2024-01-19,organic,desktop,India
3469651,2024-01-02,social,desktop,UK
2243042,2024-05-17,organic,desktop,UK
3134943,2024-11-10,organic,mobile,India
4247812,2024-01-06,ads,desktop,USA
2092911,2024-02-10,organic,desktop,India
1583189,2024-01-16,organic,mobile,India
3667005,2024-02-22,email,desktop,India
2215812,2024-01-21,organic,mobile,Australia
2516328,2024-06-11,organic,desktop,Canada
2179254,2024-01-31,organic,desktop,UK
3974308,2024-02-03,ads,tablet,USA
4616260,2024-01-15,ads,desktop,USA
3610230,2024-05-06,organic,mobile,USA
1665787,2024-02-18,email,desktop,USA
1286025,2024-01-05,referral,mobile,USA
3265225,2024-03-13,referral,mobile,India
4237413,2024-03-10,organic,desktop,India
3574577,2024-01-25,organic,mobile,India
3925584,2024-01-15,email,desktop,Germany
3108030,2024-03-25,ads,mobile,India
4191787,2024-03-10,ads,tablet,India
3362797,2024-01-08,referral,desktop,Canada
3427227,2024-08-12,ads,mobile,Canada
1921467,2024-02-23,ads,mobile,Germany
3353506,2024-05-31,referral,mobile,India
2114013,2024-10-03,social,desktop,Germany
3749681,2024-04-08,organic,desktop,India
1527947,2024-02-10,referral,desktop,India
4725831,2024-03-28,ads,tablet,UK
1371862,2024-03-10,organic,mobile,Canada
2507878,2024-09-03,organic,desktop,USA
3721476,2024-01-17,organic,mobile,USA
1509552,2024-01-07,organic,mobile,UK
2244419,2024-02-27,social,mobile,India
4546109,2024-01-09,social,mobile,India
3820909,2024-04-02,organic,mobile,India
4357635,2024-01-25,organic,mobile,Australia
1979630,2024-01-18,referral,tablet,India
1499775,2024-03-17,ads,mobile,Canada
1615941,2024-04-01,referral,mobile,India
4768737,2024-01-29,email,desktop,Canada
4777025,2024-02-26,ads,desktop,India
4125607,2024-02-02,organic,mobile,India
3236594,2024-03-20,organic,desktop,USA
1421434,2024-07-29,ads,mobile,India
1526963,2024-03-02,referral,mobile,India
1663263,2024-02-08,social,mobile,India
2123733,2024-01-07,ads,desktop,India
1962620,2024-01-11,email,mobile,India
3672641,2024-01-30,social,desktop,India
4447843,2024-08-04,ads,desktop,India
2901846,2024-03-19,social,mobile,India
3422543,2024-03-21,organic,mobile,Germany
4398215,2024-02-10,ads,mobile,Canada
3426922,2024-04-19,referral,mobile,India
2157829,2024-01-30,organic,mobile,USA
4437708,2024-01-23,ads,mobile,India
3580980,2024-04-05,organic,tablet,USA
4415571,2024-01-23,referral,desktop,Canada
3126003,2024-01-02,referral,mobile,India
3631271,2024-02-08,organic,desktop,India
1448335,2024-01-08,social,desktop,India
3912774,2024-03-11,email,desktop,USA
1728524,2024-03-14,organic,mobile,USA
3718580,2024-01-04,referral,desktop,India
2434326,2024-01-25,social,tablet,USA
3820705,2024-03-22,organic,mobile,India
1585023,2024-04-21,ads,desktop,USA
2377875,2024-01-08,organic,desktop,India
2504845,2024-02-24,organic,tablet,India
2431078,2024-01-08,organic,mobile,India
4389246,2024-03-17,ads,mobile,UK
3690699,2024-11-17,referral,mobile,Germany
2025023,2024-03-23,organic,mobile,India
4947577,2024-01-19,ads,mobile,USA
3871504,2024-01-21,social,mobile,UK
3614656,2024-03-20,ads,desktop,India
1524285,2024-07-12,referral,mobile,USA
4791420,2024-02-24,referral,mobile,USA
4482547,2024-03-27,organic,mobile,India
4589308,2024-03-13,email,tablet,Australia
3027751,2024-03-13,organic,desktop,India
4333944,2024-01-02,organic,mobile,India
3274428,2024-01-28,organic,mobile,Germany
4739141,2024-01-27,ads,desktop,India
2793149,2024-01-31,email,desktop,Australia
2529442,2024-01-22,referral,mobile,Canada
3649773,2024-01-19,organic,mobile,USA
3254224,2024-01-15,ads,mobile,UK
2131801,2024-01-08,ads,mobile,India
3595489,2024-01-12,organic,mobile,India
2658252,2024-01-01,ads,mobile,India
2806182,2024-03-28,organic,mobile,India
4852733,2024-03-16,referral,mobile,USA
1854933,2024-01-02,referral,mobile,USA
2313292,2024-02-20,ads,desktop,Canada
3083798,2024-01-10,referral,mobile,Germany
2728035,2024-01-11,email,mobile,India
4142636,2024-01-01,referral,mobile,India
4036840,2024-05-05,ads,mobile,Canada
2358722,2024-02-06,referral,mobile,India
4334131,2024-02-22,organic,desktop,UK
2016426,2024-02-22,ads,mobile,India
2558525,2024-01-10,referral,desktop,India
1538122,2024-03-10,organic,tablet,India
1864023,2024-01-02,email,desktop,India
1036442,2024-01-01,email,mobile,USA
2524891,2024-02-17,ads,mobile,India
2471145,2024-03-01,organic,mobile,USA
1427670,2024-01-20,ads,mobile,India
3530849,2024-03-10,ads,mobile,USA
3961795,2024-01-02,ads,desktop,India
2112925,2024-03-06,ads,desktop,India
2394772,2024-01-01,referral,desktop,India
2536651,2024-01-06,email,desktop,India
2428788,2024-01-03,ads,mobile,India
4490520,2024-01-22,organic,mobile,UK
2110530,2024-03-02,ads,mobile,India
1908571,2024-03-19,organic,mobile,Australia
4305870,2024-08-21,organic,desktop,Canada
3692980,2024-02-16,ads,desktop,USA
1204820,2024-05-23,ads,mobile,USA
1747532,2024-03-30,organic,desktop,India
1294630,2024-01-03,ads,mobile,UK
4709167,2024-01-29,referral,mobile,Canada
2052146,2024-04-12,email,mobile,Canada
1237125,2024-05-13,organic,mobile,USA
2592815,2024-01-10,organic,mobile,USA
4111721,2024-03-04,email,mobile,UK
4900651,2024-03-29,organic,desktop,India
4233970,2024-02-12,ads,mobile,India
4339926,2024-02-06,referral,mobile,India
2037251,2024-02-03,social,mobile,India
1428078,2024-01-17,ads,mobile,India
2549021,2024-03-24,organic,desktop,Canada
4989705,2024-01-20,organic,mobile,USA
4605076,2024-02-25,ads,desktop,UK
4088744,2024-02-26,ads,mobile,India
2404752,2024-03-14,ads,mobile,Australia
2344389,2024-01-07,email,mobile,Germany
4837734,2024-03-20,organic,desktop,India
1899012,2024-01-20,organic,mobile,UK
1849624,2024-01-01,organic,mobile,India
4300465,2024-01-12,organic,mobile,India
1451620,2024-01-03,email,mobile,India
3615889,2024-01-06,organic,mobile,Canada
3626204,2024-03-06,organic,mobile,India
1921109,2024-03-10,ads,desktop,UK
1946549,2024-01-11,referral,desktop,Australia
2038131,2024-01-02,organic,desktop,India
2884405,2024-01-16,organic,mobile,India
4501253,2024-01-23,social,mobile,UK
1450957,2024-01-08,email,desktop,India
1104446,2024-01-03,email,mobile,USA
2835086,2024-02-08,ads,mobile,USA
2104116,2024-02-22,organic,desktop,Canada
2072128,2024-02-24,ads,desktop,USA
2604253,2024-02-16,email,mobile,India
3809727,2024-03-10,organic,mobile,India
2015150,2024-01-12,organic,desktop,Canada
2125247,2024-01-08,ads,desktop,India
1469695,2024-01-20,organic,mobile,Germany
4451962,2024-02-19,organic,desktop,India
4406946,2024-04-05,organic,desktop,Australia
4649706,2024-02-23,ads,desktop,Canada
1023084,2024-01-20,social,desktop,Germany
2366540,2024-03-08,referral,desktop,USA
1962583,2024-02-12,ads,mobile,India
1830074,2024-03-18,ads,mobile,Canada
4671027,2024-04-26,ads,mobile,Germany
1372041,2024-04-04,email,mobile,India
1614015,2024-01-02,organic,mobile,Canada
1451387,2024-03-10,ads,tablet,USA
1046435,2024-02-18,organic,mobile,India
4839739,2024-01-12,ads,desktop,USA
4839934,2024-03-03,ads,desktop,India
4798362,2024-03-18,ads,mobile,India
2265867,2024-01-14,organic,mobile,India
1153236,2024-03-10,ads,mobile,Canada
1109760,2024-01-22,ads,mobile,UK
3508682,2024-02-18,organic,tablet,Australia
3815449,2024-01-09,ads,desktop,India
2241786,2024-06-15,organic,mobile,India
4110852,2024-03-12,ads,desktop,India
2649776,2024-02-25,ads,mobile,India
3454406,2024-07-05,ads,desktop,India
3603635,2024-05-18,ads,desktop,Canada
3895287,2024-01-06,organic,mobile,UK
4356590,2024-02-07,referral,mobile,India
2644610,2024-04-14,ads,mobile,India
1124269,2024-01-09,organic,mobile,USA
3110553,2024-02-15,ads,mobile,India
1770923,2024-02-12,organic,mobile,India
1625292,2024-03-12,organic,mobile,USA
4644844,2024-01-17,ads,mobile,India
1531357,2024-01-10,organic,tablet,India
4879301,2024-01-01,ads,desktop,India
1376283,2024-01-02,referral,desktop,UK
2105928,2024-01-05,organic,mobile,India
1248196,2024-06-13,organic,desktop,India
4836343,2024-01-10,ads,desktop,Canada
2033579,2024-05-18,referral,mobile,UK
3562176,2024-01-10,referral,tablet,Germany
1460015,2024-02-04,organic,desktop,Canada
3763437,2024-01-26,organic,desktop,India
1464268,2024-03-08,organic,mobile,USA
3729648,2024-03-06,organic,mobile,India
4598442,2024-01-31,email,mobile,India
4617339,2024-01-19,organic,mobile,Germany
2817651,2024-05-18,referral,mobile,Australia
4784431,2024-01-30,ads,mobile,India
2458098,2024-01-26,organic,mobile,USA
3140930,2024-02-02,organic,mobile,India
4309909,2024-01-14,ads,mobile,UK
4742600,2024-03-19,email,mobile,India
1731771,2024-01-16,ads,mobile,India
1745847,2024-03-09,organic,mobile,UK
2008056,2024-03-29,email,desktop,USA
1615397,2024-02-13,referral,desktop,USA
3045386,2024-01-02,ads,mobile,Germany
1169382,2024-01-06,social,tablet,India
1370758,2024-01-31,ads,mobile,India
3564093,2024-01-28,organic,tablet,India
2024947,2024-02-25,organic,mobile,India
1415049,2024-01-11,social,desktop,Canada
4734847,2024-02-12,organic,mobile,India
1438672,2024-02-24,ads,mobile,India
2084303,2024-03-06,referral,mobile,USA
1128109,2024-03-07,organic,mobile,India
4809842,2024-03-15,ads,mobile,India
1010670,2024-05-26,referral,mobile,Canada
4371362,2024-02-03,referral,desktop,India
3754023,2024-04-20,referral,mobile,USA
2176534,2024-01-01,organic,desktop,Canada
2380894,2024-01-18,ads,mobile,India
1792810,2024-03-29,ads,mobile,India
4282081,2024-04-12,referral,mobile,India
1270495,2024-02-27,ads,mobile,UK
2898879,2024-02-23,ads,tablet,USA
4438006,2024-01-01,ads,desktop,USA
3136845,2024-02-29,organic,mobile,India
1117235,2024-01-28,ads,mobile,Canada
1159812,2024-01-21,organic,mobile,UK
1794717,2024-03-14,organic,desktop,India
4842276,2024-02-21,email,desktop,India
2306437,2024-03-14,organic,mobile,UK
1290948,2024-05-14,organic,mobile,UK
2288824,2024-02-27,organic,mobile,Canada
4078039,2024-01-27,ads,desktop,India
3201517,2024-01-20,email,desktop,USA
2307067,2024-02-24,ads,mobile,UK
4299748,2024-03-19,organic,desktop,India
3566253,2024-01-21,organic,tablet,Canada
4185693,2024-02-01,organic,desktop,India
3034631,2024-03-24,organic,mobile,India
4496189,2024-08-20,ads,tablet,UK
2276827,2024-04-30,organic,desktop,India
4232911,2024-03-16,organic,mobile,UK
4407604,2024-07-20,email,desktop,USA
3696893,2024-01-04,organic,tablet,India
3856864,2024-01-27,ads,mobile,India
2655527,2024-03-19,organic,mobile,India
4412003,2024-04-08,referral,mobile,India
3972133,2024-02-18,organic,mobile,India
4377460,2024-02-19,organic,mobile,Australia
2621825,2024-02-10,organic,desktop,UK
3228825,2024-01-18,organic,desktop,UK
3987672,2024-03-09,organic,desktop,India
2835788,2024-08-29,organic,desktop,Canada
4964247,2024-02-23,organic,mobile,India
2489373,2024-01-11,ads,desktop,USA
4600068,2024-02-02,referral,desktop,UK
3543764,2024-01-31,social,mobile,India
2432685,2024-02-02,ads,mobile,Canada
2654169,2024-01-04,email,mobile,India
2711130,2024-01-05,ads,tablet,USA
4544893,2024-01-10,organic,mobile,India
2514041,2024-04-06,organic,mobile,USA
1360299,2024-01-23,ads,desktop,India
4718566,2024-01-11,ads,mobile,India
1058434,2024-02-11,email,desktop,India
1709810,2024-03-01,ads,mobile,India
3193040,2024-02-02,referral,mobile,USA
3072823,2024-01-07,ads,desktop,India
2768009,2024-01-13,organic,mobile,India
1092968,2024-01-17,organic,mobile,India
4034700,2024-01-24,organic,mobile,India
